waypoint,j1_q,j2_q,j3_q,j4_q,j5_q,j6_q
0,2.2596216762645738,-1.3687367317540118,2.3454215256972328,0.1638546669172149,1.1017848380800959,0.24260076695433053
1,2.2431560173572183,-1.3911036782468515,2.3632358958307553,0.097678359615982466,1.0280035392082978,0.24260076695581062
2,2.215967428296107,-1.4364761736084029,2.3977160561730693,-0.042565383912493579,0.89233312582940294,0.24260076696663591
3,2.2041694426699605,-1.4615011502617961,2.4167461107013355,-0.12309649982512554,0.82890239860376325,0.24260076696663591
4,2.1924417914023215,-1.4895675398511314,2.4395886407954639,-0.21886406109800141,0.76650556126584168,0.24260076696663591
5,2.167544869147783,-1.5606795356453445,2.5118638748859046,-0.51125248829876613,0.64420701474587194,0.24260076696663591
6,2.1634262606775065,-1.5966676678911307,2.5434641578004848,-0.64315339510585456,0.61458141838812874,0.24260076696663591
7,2.1628126650460238,-1.6298596647062675,2.5662735359700628,-0.74037825829477055,0.60125856181524051,0.24260076696663591
8,2.1633633932351195,-1.6920463718238412,2.5966043567702837,-0.8710275050134707,0.59292945858957091,0.24260076696663591
9,2.163399452996674,-1.7221500900607791,2.5993495332910603,-0.8858743743691182,0.59264392393564047,0.24260076696663591
10,2.1630498847117141,-1.7519418136707281,2.5943231041262851,-0.87044050735548728,0.59245284763381401,0.24260076696663591
11,2.161674563611296,-1.8077042978519244,2.5721015758108368,-0.79939078968179844,0.59116393153192048,0.24260076696663591
12,2.1610411466642061,-1.831547236217314,2.5557954036034616,-0.75083838967342365,0.59042729744695122,0.24260076696663591
13,2.1604077297171163,-1.8553901745827037,2.539489231396086,-0.70228598966504874,0.58969066336198195,0.24260076696663591
14,2.1602613892438729,-1.8933795667067159,2.5016086570194767,-0.60156717304361418,0.58950579824762639,0.24260076696663591
15,2.1605045726997529,-1.9103469127693449,2.4829525866531013,-0.55637681792183846,0.58977995265047478,0.24260076696663591
16,2.1666961191961929,-1.5650577436060915,2.5159339180075908,-0.52790714386006532,0.63945009061828539,-0.036876599822622654
17,2.1641462146187638,-1.5852965418193774,2.5340439147179006,-0.60334345516021026,0.62187254015130877,0.024164439480686525
18,2.1629659073505612,-1.6075474063073598,2.5512405654379937,-0.67607609847822914,0.60906179669379301,0.08654990535744142
19,2.1627117689106155,-1.6316311259969301,2.5673109316021092,-0.74468493637960909,0.60043744922036646,0.14873765563749528
20,2.1629427953778135,-1.6574194805626481,2.581964885054906,-0.80763638489134837,0.59526504346038089,0.20927809610419487
21,2.1633105382487652,-1.6849166810547611,2.595301294413717,-0.86496617987790347,0.5929535891005091,0.2678980275787175
22,2.1633838324163341,-1.7218274271699929,2.5994433850350984,-0.88585369285579474,0.59258822679862322,0.3119481328965486
23,2.1625820890814231,-1.7728602173825654,2.587300929835946,-0.84703841261154045,0.59202962880009657,0.33195622794350571
24,2.1610384017445776,-1.8322068423226767,2.5565024276691877,-0.7512723615509056,0.5904117179743662,0.327361905849609
25,2.160250769878338,-1.8878747919617986,2.5087513979395277,-0.61895927379262194,0.58945938640057571,0.30360585892228698
26,2.1610636435243,-1.929812691904597,2.4607541553075167,-0.50606441160283966,0.59041847810038584,0.28471333230277335
27,2.1623492297990761,-1.9616501782161451,2.4230601931766547,-0.43469032497166504,0.59172518748217973,0.2832170022997359
28,2.1629518128999528,-1.9890136332952806,2.3983613120710121,-0.40377985731673632,0.59216375034820479,0.30060673345534855
29,2.1626379931999771,-2.0149116555724054,2.3823483904309248,-0.39774338560115285,0.59205132462989019,0.33007456062588825
30,2.1614603719680421,-2.0400992842525385,2.3692197933902457,-0.4003899104110874,0.59183776712617198,0.36374501314695873
31,2.159490875987796,-2.0648438112327034,2.358580187588474,-0.41017870099853954,0.59183584820577817,0.40093668874720118
32,2.1567644019832861,-2.089431631059596,2.3508595320632755,-0.42759544161040419,0.59237835542330064,0.44196508039246446
33,2.1533953163740502,-2.1140274015780114,2.3463730828035954,-0.45290741679043756,0.59392704331478441,0.48694436893668924
34,2.1496247272671227,-2.1385154025474189,2.3448039945051478,-0.48508981320165651,0.59701389495874935,0.53517801740801907
35,2.1452399314630224,-2.1628124338945605,2.3447241660613636,-0.52043129925817244,0.60142275463484507,0.58473538654967927
36,2.1398826367837867,-2.1869052291968605,2.3448172933906957,-0.55570548964757804,0.60661666456904084,0.63410789921878752
37,2.1332768950240331,-2.2109508082314631,2.3450444116597899,-0.59066327103844629,0.61233335729881555,0.68335083984563905
38,2.1256125194390401,-2.234752120685072,2.3453536942224726,-0.62542191277359349,0.61880017210507055,0.73245645898993106
39,2.1168459951017167,-2.2582971797429821,2.3457571410382156,-0.66002353505965761,0.62602878231244641,0.78149401744931046
40,2.1068641084934279,-2.2816326337814288,2.3463029454656401,-0.69453433456088953,0.63398711166638499,0.83059444374474301
41,2.0954649307938267,-2.3048809144804796,2.3470983279025521,-0.72908837341912558,0.64259977698489656,0.87999632414456574
42,2.0828332141073744,-2.3278281796882929,2.3480544884105674,-0.76365617472233671,0.65212524582516074,0.92956888196129406
43,2.0689298703318748,-2.350447654236183,2.3491788328325249,-0.79823573064111386,0.66263773237301182,0.97934103864922639
44,2.0535399284792724,-2.3728616662865054,2.3505951907032978,-0.832946537391965,0.67411097120689822,1.0295390125581452
45,2.0366838270602257,-2.3949860590190344,2.3522807782045887,-0.86773590741694673,0.68670386211272882,1.0801153398642196
46,2.0184269279246445,-2.4166895226792673,2.3541240825374641,-0.90239139983220151,0.70057292035720609,1.1309030062668892
47,1.9984479950533052,-2.4381046066466641,2.3560065339290968,-0.93662773612375894,0.71552798563531272,1.1820804055137701
48,1.9762492631393422,-2.4594963374910028,2.3580041808075327,-0.97048756620548615,0.73137295732823671,1.2341517077831943
49,1.9520297355565037,-2.4806014298438153,2.3599415972032967,-1.0037295000364488,0.7484001060996246,1.2868381160583928
50,1.9256739760454429,-2.5014022816898476,2.3618062337472514,-1.0362767650747959,0.76672132457303721,1.3402119486459245
51,1.8967491609630187,-2.5221051684362821,2.363783621078372,-1.0682940045192064,0.78635273728278132,1.3947418912278653
52,1.8653948699012208,-2.5424884721531864,2.3656893162316814,-1.0994255924034744,0.80755003412687942,1.4501356225736186
53,1.8315466869877683,-2.5624890777324776,2.3674511408954997,-1.1294264851210438,0.83046301482288964,1.5063409784823609
54,1.7948478362705704,-2.5822490489957004,2.3692017053690773,-1.158283083642176,0.85518395279246051,1.563675573334365
55,1.7553268058022173,-2.6016454886981717,2.3707936587294181,-1.1855831516443891,0.88188189261254291,1.6219454800352247
56,1.7129852385368078,-2.6205904408682996,2.372087700749749,-1.2109015301748427,0.91066976820809609,1.6809983858128328
57,1.6675037611497419,-2.6392167121386261,2.3731828362158605,-1.2340719585028632,0.94161556001209712,1.7410984024365286
58,1.6182665360768542,-2.6576698970937458,2.3739216351981298,-1.2547890263889001,0.97455923280881873,1.8028523434210941
59,1.5643199319256542,-2.6761538513193832,2.3741373192138848,-1.2728462279126327,1.0093042697009547,1.8672754041402215
60,1.5048746399021189,-2.6948560822557703,2.3739383804929171,-1.2881156655939991,1.0459470729773692,1.9351721461932561
61,1.439790672230612,-2.7136343355905264,2.3731421857940602,-1.3000131006155433,1.0846132651967393,2.0065851160946
62,1.3688906543275359,-2.7323744283076481,2.3715697285484527,-1.3079263857607584,1.1253281987001367,2.081641976570678
63,1.2911490378758927,-2.7513339702381474,2.369300363464752,-1.3114643906657315,1.1679130422850303,2.1614347497915043
64,1.2071341175556862,-2.7701286717556779,2.3660366771274632,-1.3097464599124489,1.2124272408469519,2.2453937156719297
65,1.1164642885251883,-2.7887373751004176,2.361591626597328,-1.3020846632301986,1.2583823549936319,2.3340812726793834
66,1.0187432786191706,-2.8072502600154357,2.3560220236621854,-1.2878969337743456,1.305291370288534,2.4281601000646051
67,0.91424743545171872,-2.8253782170451291,2.3489377635213651,-1.2664042126469242,1.3523154064686271,2.5277218520854472
68,0.80215710378838612,-2.843299461488531,2.3402421128730562,-1.2369956510781432,1.3983955714666967,2.6340591281685328
69,0.68176808772460207,-2.8610064807085802,2.3298956702174656,-1.1994405892828346,1.4425747183609925,2.7484198779693276
70,0.54751918530432198,-2.8796190616734472,2.3174423300550302,-1.1526570566051437,1.4836090776130275,2.876849080247915
71,0.39165264122655952,-2.9009853713937765,2.30238065298609,-1.0943221434015868,1.5206921393977093,3.0274623754869916
72,0.18171647107483185,-2.9327835025913496,2.2818013342500603,-1.0140658983350463,1.556359473399219,3.0541999999999998
73,0.11348801820341732,-2.9257047848652231,2.2709181099774916,-0.97524309664037589,1.5737412628354976,3.0541999999999998
74,0.04378255183527479,-2.9187133748592111,2.2606176098341408,-0.93604646264253033,1.5831432254969167,3.0541999999999998
75,-0.026460672121419108,-2.9117763487867787,2.2508674906084303,-0.89691734067937723,1.5842289729474988,3.0541999999999998
76,-0.096257399981757794,-2.9050745134902325,2.2419289565116536,-0.85841887997069166,1.5769535997857678,3.0541999999999998
77,-0.16463627638436573,-2.8986928760200854,2.2339065471618973,-0.8210273346998731,1.5615663402212971,3.0541999999999998
78,-0.12316651950005847,-2.8659226342596353,2.2341073853945415,-0.81685400168718902,1.5555237980556926,3.0131010634898701
79,-0.081007835884513477,-2.8328171079978235,2.2340773770213378,-0.81233745903540033,1.5577407913353716,2.9712405082845836
80,-0.062668665217927369,-2.8054975982732495,2.2325210498276338,-0.80073935137939112,1.5583528516512308,2.9528670148756908
81,-0.051452148909893462,-2.7798699768700343,2.2309019360906914,-0.78760245368272963,1.5586879074543252,2.9415319725979008
82,-0.043496521014285777,-2.7550415912461101,2.2294885798653872,-0.77399911655170617,1.5590696001845301,2.9334335842593333
83,-0.037836930368704572,-2.7307272236995765,2.2282038652243212,-0.76006328424601577,1.5592829815730225,2.9276097774414613
84,-0.03358083076412844,-2.7069315930603297,2.2273143992407682,-0.74601008717739858,1.5594141303385762,2.9231756207973212
85,-0.030243699149419503,-2.683369867950919,2.2265756501335008,-0.73181256192703548,1.559504361516872,2.919650967206191
86,-0.027567994772928046,-2.6601471308926885,2.2261167626248626,-0.71743611764864612,1.5595636342104051,2.9167789670348592
87,-0.025378429993175387,-2.6371963580589077,2.2258545643828374,-0.70280845681977522,1.5595999470894557,2.9143849327155609
88,-0.023558640196862112,-2.6144898258466065,2.2257334229034313,-0.68785191512398058,1.5596176167987947,2.9123524834217731
89,-0.022036159512030751,-2.5921616404253127,2.2258221515624124,-0.67242298239691212,1.5596143229230326,2.9106073087601407
90,-0.020733851007419316,-2.5699792673545452,2.2260124501265226,-0.65672295900627453,1.5596031479119961,2.9090753128712303
91,-0.019595999217017792,-2.5479613580851348,2.2268139011249812,-0.64160013703698771,1.5595993266389634,2.9077071499267197
92,-0.018586613172111917,-2.5258879384697686,2.2280342336204444,-0.62709347868937415,1.559607141887839,2.9064686114178433
93,-0.017692622669661012,-2.5038938290145971,2.2297787200617414,-0.61315150931806972,1.5596206002041988,2.9053451338436904
94,-0.016897724812054149,-2.4819411387961168,2.2319451749829105,-0.59965128145866209,1.5596374779561943,2.9043195096493206
95,-0.016189559989898395,-2.4600332662290429,2.2344760082173156,-0.58648174491113858,1.5596554947007908,2.9033782832148121
96,-0.01556077727931471,-2.4382705078072604,2.2374047818960952,-0.57352439480716966,1.5596707186564556,2.9025121044826254
97,-0.014997683999978679,-2.416515704687527,2.2405516211907464,-0.5606866030638531,1.5596852177864919,2.9017074355181438
98,-0.014500246586832898,-2.3950134571431896,2.2440517244724205,-0.54779230000976653,1.5596923710007957,2.9009605535394241
99,-0.014053991467375253,-2.3735230530016338,2.2476690047329138,-0.53481599955821935,1.5596976480234066,2.9002585461804702
100,-0.013660360987337757,-2.3522972677860463,2.2515537956357634,-0.52160354202612191,1.5596952309050665,2.8995991511668437
101,-0.013304069816891882,-2.3310581085311677,2.2557342681793866,-0.50866669816339727,1.5596951865747029,2.8989728359782529
102,-0.012983025497085875,-2.3099014703206735,2.2604242870056601,-0.49623906868396045,1.5596969281360771,2.8983778234231532
103,-0.012693134061001922,-2.2887530107702059,2.2654890432427037,-0.4841909188981614,1.5597005313238399,2.8978093209573594
104,-0.012433606398411044,-2.2676634772428987,2.2708939142540534,-0.47237570365144665,1.5597038091203141,2.8972645338568532
105,-0.01220315239953048,-2.246661438163351,2.2765880103650389,-0.46064781695657014,1.5597053570445532,2.8967403207265741
106,-0.011998714841556358,-2.2256964453800978,2.2824665171171281,-0.44889408298843986,1.5597058284977363,2.8962329136093148
107,-0.011821516279277793,-2.2048988362084629,2.2885363171823774,-0.43691371341031854,1.5597022844952972,2.895740222297464
108,-0.011666469130020353,-2.1841185077693654,2.2946542610897884,-0.42467717291025914,1.5596981146773523,2.8952581744496735
109,-0.011536986413480192,-2.1635832536710562,2.3008615928996528,-0.41189819514673032,1.5596889026146168,2.8947851811299401
110,-0.011426182939781062,-2.1430447049453005,2.3070141560352355,-0.39869236703919153,1.5596805971354049,2.8943175610798137
111,-0.011334458127679066,-2.1226199028000394,2.3141026229393602,-0.3867445342689107,1.5596741565874426,2.8938630402882213
112,-0.011251896710692688,-2.1017955315877974,2.3226848012877892,-0.37790085108580557,1.5596793184139384,2.8934269275068925
113,-0.011185293986310969,-2.0807793628660463,2.3331646650370157,-0.37261106665625149,1.559687821729203,2.8930127007093849
114,-0.011131129169450011,-2.0592349977547357,2.3449902069918274,-0.37033169626497958,1.55970060429212,2.8926152033661419
115,-0.011095674675708366,-2.0373091974057935,2.3584329517080103,-0.37134880558420991,1.5597098213194582,2.89223588899215
116,-0.011074672857618713,-2.0142875585306239,2.3748945030169422,-0.37935586438354568,1.5597179195560897,2.8918904089661721
117,-0.011071952686556768,-1.9879231602572724,2.4019075351957264,-0.4117851386128753,1.55971544207651,2.8916615966988219
118,-0.011084982378952389,-1.9553511188032213,2.4384694465465127,-0.47045169867042408,1.5596980797186653,2.8915475481860251
119,-0.011109359400765946,-1.9113507071292646,2.4846205465512092,-0.56206497328956329,1.5596644496062604,2.8915635895108682
120,-0.011128553699250972,-1.8488444068887333,2.5368587324147609,-0.68888795938912861,1.5596320805017478,2.8916958159798942
121,-0.011115880467878167,-1.7674529436582276,2.5840421558437638,-0.83047480270481788,1.5596414003822032,2.891838689481669
122,-0.011086189004283676,-1.6993951436890948,2.606267213225399,-0.90849544714718578,1.5596916943681993,2.8917047434561116
123,-0.011078467983753839,-1.6664973699141321,2.6033298884513476,-0.89428456481980423,1.5597224997789074,2.8912216024943405
124,-0.011068158801080788,-1.6544829607837996,2.5867092786563224,-0.82706480840391505,1.5597834833291155,2.8905375556296411
125,-0.011043804409056385,-1.6436760378175512,2.5681158808451503,-0.75382870687389458,1.5599060952350334,2.889828786123823
126,-0.010998717777636289,-1.6322110494366058,2.5482865096227738,-0.67835930451152426,1.5600994141278883,2.8891156170394674
127,-0.010937523834521368,-1.6192525839798557,2.5281933168137654,-0.60350272956399487,1.5603571214683531,2.8884158387508778
128,-0.010860367060208667,-1.6044417148918442,2.5082131190498798,-0.53045857447256173,1.5606757997590284,2.8877407854397692
129,-0.010767461478598464,-1.5882517583354878,2.4881635075231654,-0.4582490073368588,1.5610536759716174,2.8870932191120708
130,-0.010654037509322936,-1.5706612910057733,2.4677642852754036,-0.38637239327322137,1.561493252452717,2.8864789957697621
131,-0.010524566727622104,-1.551857564795792,2.4473121903517385,-0.31511779232539922,1.5619861508729289,2.8859046488792419
132,-0.010393718118214761,-1.5316441882050154,2.42820714554753,-0.24744250093619441,1.5625080255914858,2.8853796550248361
133,-0.010268429995943868,-1.5105943164193705,2.4107201356158949,-0.18315488259325968,1.5630477410638322,2.8849015385058259
134,-0.010142466042577694,-1.4887348855552094,2.3943411936213712,-0.12125989626057901,1.5636089218581124,2.884470067216848
135,-0.010015907663367738,-1.4664651454436721,2.3788709177955774,-0.060862504243799208,1.5641897386982277,2.8840836325270622
136,-0.0098817484190145532,-1.4435243213157343,2.3638516475062046,-0.0013883116953208462,1.564793697694483,2.8837457695558815
