case_id,waypoint,task_dimension,sigma_1,sigma_2,sigma_3,sigma_4,sigma_5,sigma_6,sigma_min,sigma_max,condition_number,effective_rank,manipulability
"nominal_d41_limit_aware",0,6,1.8715574081263271,1.3735617280867001,0.97932838516800669,0.29883919266975267,0.22291657769727635,0.13637568286497495,0.13637568286497495,1.8715574081263271,13.72354197470343,6,0.022871599455992563
"nominal_d41_limit_aware",1,6,1.889405130653754,1.3669732791140417,0.95752130837819793,0.29822868104849642,0.21881175640738099,0.13077001901290528,0.13077001901290528,1.889405130653754,14.448305084878015,6,0.021103855762125059
"nominal_d41_limit_aware",2,6,1.9060575512347677,1.3657259157508583,0.92869697822530139,0.29786157065884139,0.21485609492042193,0.12576653248297526,0.12576653248297526,1.9060575512347677,15.155522805662043,6,0.01945811800898551
"nominal_d41_limit_aware",3,6,1.9215752293203614,1.3697947455772836,0.89241968147477069,0.29766535954518536,0.21073039873948698,0.12132523502119932,0.12132523502119932,1.9215752293203614,15.838215594510094,6,0.017876753616031249
"nominal_d41_limit_aware",4,6,1.9360000348778261,1.378844430688565,0.8483868058043087,0.29751600864765959,0.20615654158382468,0.11756716185665193,0.11756716185665193,1.9360000348778261,16.467183559626669,6,0.016330821394314791
"nominal_d41_limit_aware",5,6,1.9497047480908338,1.3926384693236677,0.79496781336701894,0.29719071531690427,0.20054260694905438,0.11464374974074328,0.11464374974074328,1.9497047480908338,17.006637976339043,6,0.014748540946187211
"nominal_d41_limit_aware",6,6,1.963132973181863,1.4113456880269322,0.72881178770068145,0.29614965489418643,0.19278203512082512,0.11309765016708555,0.11309765016708555,1.963132973181863,17.357858189640684,6,0.013038567503233033
"nominal_d41_limit_aware",7,6,1.9753405646248141,1.433083598743897,0.65336746544122826,0.29333398734130584,0.18185319360770286,0.11449523385960847,0.11449523385960847,1.9753405646248141,17.252600811724033,6,0.011296443626072839
"nominal_d41_limit_aware",8,6,1.9816075296218605,1.4469181605671597,0.60604644560187126,0.29055673124296888,0.17294300601359594,0.11817675072830343,0.11817675072830343,1.9816075296218605,16.768167320640877,6,0.010318902506001022
"nominal_d41_limit_aware",9,6,1.9846671699804275,1.4542667701658907,0.58055132332262083,0.28987264703097554,0.16569259303750589,0.12144918663651438,0.12144918663651438,1.9846671699804275,16.341543528985035,6,0.0097741123613346598
"nominal_d41_limit_aware",10,6,1.9863455067754208,1.4577584881101562,0.5670323413076761,0.2915801880660881,0.15915930786943069,0.12356475951615556,0.12356475951615556,1.9863455067754208,16.075339882935754,6,0.0094152722638281509
"nominal_d41_limit_aware",11,6,1.9870857723851059,1.4586978391240262,0.56188911568695821,0.29480346944597408,0.15412681165064768,0.12440494980125349,0.12440494980125349,1.9870857723851059,15.972722753874574,6,0.009206212983280844
"nominal_d41_limit_aware",12,6,1.9873229981681666,1.4585047582533461,0.56094340556195199,0.29722236837780897,0.15238226193861323,0.12441943002384823,0.12441943002384823,1.9873229981681666,15.972770473126619,6,0.0091621937070605394
"nominal_d41_limit_aware",13,6,1.9873772905421383,1.4582349648959734,0.56089034562516915,0.29811470534684148,0.15340378434327412,0.12418509467607933,0.12418509467607933,1.9873772905421383,16.003348032434598,6,0.0092315524284717673
"nominal_d41_limit_aware",14,6,1.9873917726377501,1.4581646394489949,0.56057903634922224,0.29784992982104097,0.15624001462660031,0.1240606572163374,0.1240606572163374,1.9873917726377501,16.019516720535581,6,0.0093788751190987691
"nominal_d41_limit_aware",15,6,1.987359294125842,1.4581269864687347,0.56014288339002327,0.29730813656165272,0.15949776762171461,0.12383755842909447,0.12383755842909447,1.987359294125842,16.048114314719328,6,0.0095320068405580424
"nominal_d41_limit_aware",16,6,1.9786181863772698,1.4399288708023026,0.62971018881804541,0.29197176844766276,0.17780908602513976,0.11596923948764781,0.11596923948764781,1.9786181863772698,17.061577665929402,6,0.0108014329828702
"nominal_d41_limit_aware",17,6,1.9814746831236159,1.446520374872476,0.60726960819392373,0.29061755577999643,0.17325771061619985,0.11802854277213642,0.11802854277213642,1.9814746831236159,16.788097493917313,6,0.010344180550097724
"nominal_d41_limit_aware",18,6,1.9836517558274065,1.4517104236123526,0.58934518566856919,0.28983906150820782,0.16866269303548265,0.1201731474615422,0.1201731474615422,1.9836517558274065,16.506613979318587,6,0.0099700778055467915
"nominal_d41_limit_aware",19,6,1.9852349582828872,1.4554231225699945,0.57608232407327054,0.29004831847633089,0.16401187613460946,0.12208771534573186,0.12208771534573186,1.9852349582828872,16.260726582203919,6,0.0096672589039817278
"nominal_d41_limit_aware",20,6,1.9863259627816099,1.4576994004881998,0.56722919671159755,0.29149169766420496,0.1593418796097946,0.12352423330615352,0.12352423330615352,1.9863259627816099,16.080455709921484,6,0.009422916956883888
"nominal_d41_limit_aware",21,6,1.9870204648031522,1.4586504045117525,0.56233967312313216,0.29417328145386878,0.15475926685472613,0.12433158706403104,0.12433158706403104,1.9870204648031522,15.981622303106549,6,0.0092255793147599623
"nominal_d41_limit_aware",22,6,1.987311861306742,1.4585480000607471,0.56097693962214112,0.29701124983496735,0.1521609387325894,0.12444127956033389,0.12444127956033389,1.987311861306742,15.969876461638416,6,0.0091447598690131051
"nominal_d41_limit_aware",23,6,1.987386656115973,1.4581786643260979,0.56089823875733658,0.29826092583048297,0.15356150594998633,0.12412586028161848,0.12412586028161848,1.987386656115973,16.011060480120438,6,0.0092409832044273357
"nominal_d41_limit_aware",24,6,1.9873666848790377,1.4581072848472518,0.56018504592346741,0.29741206759068145,0.15915232327486475,0.12381511064406946,0.12381511064406946,1.9873666848790377,16.051083543365788,6,0.0095135852729468177
"nominal_d41_limit_aware",25,6,1.9870521217732471,1.4584233638929214,0.55875677688115288,0.29470307988556138,0.16908036533909843,0.12381858494890517,0.12381858494890517,1.9870521217732471,16.048092639672966,6,0.0099903191933026266
"nominal_d41_limit_aware",26,6,1.9862410586840578,1.4587095327304465,0.55824229353450761,0.29174005699916616,0.18139755407227343,0.12412675864148176,0.12412675864148176,1.9862410586840578,16.001715346655949,6,0.010624693677113042
"nominal_d41_limit_aware",27,6,1.9854491495867259,1.4587779289664207,0.55870283660055431,0.29031752321907911,0.19129998806583565,0.12452923352302103,0.12452923352302103,1.9854491495867259,15.943639042953611,6,0.011191500975453957
"nominal_d41_limit_aware",28,6,1.9849755347410061,1.4588438701010293,0.55904816530962687,0.28997485581684107,0.19844176523481549,0.12497633335538388,0.12497633335538388,1.9849755347410061,15.882811420755248,6,0.011642182461064483
"nominal_d41_limit_aware",29,6,1.9849389577588588,1.458915218010544,0.55899737875707856,0.29047387890282339,0.2027744212449949,0.12537589554538681,0.12537589554538681,1.9849389577588588,15.831902528985719,6,0.011954221106034
"nominal_d41_limit_aware",30,6,1.9852884197753662,1.4588010659812161,0.5590864052111848,0.29170551369889092,0.20468492985599848,0.125556729330042,0.125556729330042,1.9852884197753662,15.811883842217492,6,0.012138614352814504
"nominal_d41_limit_aware",31,6,1.9857774754067348,1.4583481332478472,0.55985747672576991,0.29323776760864695,0.20591779135374066,0.12540319571865458,0.12540319571865458,1.9857774754067348,15.835142509939537,6,0.012276982950504315
"nominal_d41_limit_aware",32,6,1.9863506268418671,1.4574740372973836,0.56160370639127433,0.29500259219275693,0.20678168467488195,0.12485095426115683,0.12485095426115683,1.9863506268418671,15.909775288436487,6,0.012382731949188286
"nominal_d41_limit_aware",33,6,1.9869756524507551,1.4560866917012938,0.56464880516375127,0.29699151613794017,0.20735962492124557,0.12384160518594808,0.12384160518594808,1.9869756524507551,16.044492070878061,6,0.01245928172588961
"nominal_d41_limit_aware",34,6,1.9876145097203379,1.4540876073519158,0.569335605302838,0.29919065956073737,0.20772802763510059,0.12233785205761587,0.12233785205761587,1.9876145097203379,16.246929926350653,6,0.012511087345606881
"nominal_d41_limit_aware",35,6,1.9882229327709642,1.4513767672656663,0.57600628582530622,0.3015804078282262,0.20794068909135752,0.12033887540727529,0.12033887540727529,1.9882229327709642,16.521867318786352,6,0.012543566023447788
"nominal_d41_limit_aware",36,6,1.9887502946950835,1.4478601152901105,0.58497462223331387,0.30413423888530233,0.20801585435142478,0.11789227698175758,0.11789227698175758,1.9887502946950835,16.869216081073901,6,0.012562931590238691
"nominal_d41_limit_aware",37,6,1.9891514993820558,1.4434931530100659,0.59633935209662969,0.30678542426099342,0.20798658329549791,0.11510523546178188,0.11510523546178188,1.9891514993820558,17.281155730249203,6,0.012575960914446195
"nominal_d41_limit_aware",38,6,1.9894567120985329,1.4384455054320453,0.60927167515970992,0.30931309099906684,0.20810940891234395,0.11214587397898534,0.11214587397898534,1.9894567120985329,17.739901090532594,6,0.012586709602827702
"nominal_d41_limit_aware",39,6,1.9896751631458058,1.432782843836764,0.62346369052938422,0.31166147061585647,0.20837063500816982,0.10911688477733007,0.10911688477733007,1.9896751631458058,18.234347206722834,6,0.012594626906658361
"nominal_d41_limit_aware",40,6,1.989806757066549,1.4265423705100775,0.63874449619487794,0.31381845052931728,0.20871722637246881,0.10608995049869005,0.10608995049869005,1.989806757066549,18.755845843203765,6,0.012598932904086027
"nominal_d41_limit_aware",41,6,1.9898501800522457,1.4197608717215411,0.65495453763665712,0.31578217571504275,0.20910771738063666,0.10311709713245459,0.10311709713245459,1.9898501800522457,19.296995700880426,6,0.012598971385794465
"nominal_d41_limit_aware",42,6,1.9898028315368765,1.4124753996141266,0.6719465350098075,0.31755759561987007,0.20951047154264119,0.10023450713074439,0.10023450713074439,1.9898028315368765,19.851475190489115,6,0.012594216494680484
"nominal_d41_limit_aware",43,6,1.9896607677110156,1.4047240709703386,0.6895854829753032,0.31915372081670856,0.20990153291091967,0.097466303307760307,0.097466303307760307,1.9896607677110156,20.413832270096961,6,0.012584274644762377
"nominal_d41_limit_aware",44,6,1.989418659485134,1.3965471016271269,0.70774756032899788,0.32058154734489314,0.2102627051243855,0.094827817110002002,0.094827817110002002,1.989418659485134,20.979272961407219,6,0.012568882826769909
"nominal_d41_limit_aware",45,6,1.9890697666593864,1.3879880530469273,0.72631826575615277,0.32185258982677106,0.21058002765410139,0.092328180074608662,0.092328180074608662,1.9890697666593864,21.543474213962156,6,0.012547903552847647
"nominal_d41_limit_aware",46,6,1.9886059305262838,1.3790952691189069,0.74519006909611962,0.32297791142707649,0.21084265186113846,0.089972264272932923,0.089972264272932923,1.9886059305262838,22.102432861907335,6,0.01252131667535983
"nominal_d41_limit_aware",47,6,1.9880175876872563,1.3699234816154187,0.76425981053425307,0.32396753141027629,0.21104205574009435,0.087762070325324737,0.087762070325324737,1.9880175876872563,22.652355172546464,6,0.012489208314306575
"nominal_d41_limit_aware",48,6,1.9872938084606637,1.3605355601771447,0.78342601846736226,0.32483010653217109,0.21117152251416738,0.085697676744038387,0.085697676744038387,1.9872938084606637,23.189587909090093,6,0.012451757146131526
"nominal_d41_limit_aware",49,6,1.9864223638366869,1.3510043757432824,0.80258626410055844,0.32557280552414858,0.21122581515839298,0.083777854683953337,0.083777854683953337,1.9864223638366869,23.710590004128655,6,0.012409218345502465
"nominal_d41_limit_aware",50,6,1.9853898254295002,1.3414147325229493,0.82163463421661642,0.32620131832582944,0.2112009921304584,0.082000434400186117,0.082000434400186117,1.9853898254295002,24.211942777525017,6,0.012361905530426253
"nominal_d41_limit_aware",51,6,1.9841817032138891,1.331865298544761,0.84045938799245901,0.32671996004581899,0.21109432296247185,0.080362491457978205,0.080362491457978205,1.9841817032138891,24.69039557156368,6,0.012310171136242713
"nominal_d41_limit_aware",52,6,1.9827908617449446,1.3224632288679048,0.8589284583406307,0.32713124514706993,0.21091062723727347,0.078853417000261841,0.078853417000261841,1.9827908617449446,25.145275083492709,6,0.012253453688334423
"nominal_d41_limit_aware",53,6,1.9812418682963358,1.3132930727572609,0.87687211254328323,0.32743582315373992,0.21067830389287967,0.077434948120062866,0.077434948120062866,1.9812418682963358,25.585887462911717,6,0.012187606551850442
"nominal_d41_limit_aware",54,6,1.9795281941080798,1.304466786930994,0.89418441076328714,0.32763758807183169,0.21039962434245293,0.076095086850752724,0.076095086850752724,1.9795281941080798,26.013876533061588,6,0.012112034776367915
"nominal_d41_limit_aware",55,6,1.9776373240778873,1.2961173801681092,0.91075623463125355,0.32773988039697005,0.21007351980401101,0.074826263764618331,0.074826263764618331,1.9776373240778873,26.429721658947976,6,0.012026736633245275
"nominal_d41_limit_aware",56,6,1.9755555471082711,1.2883970776649314,0.9264648692855042,0.32774525261987375,0.20969952771033759,0.073621146110185623,0.073621146110185623,1.9755555471082711,26.834077591668315,6,0.011931756132916384
"nominal_d41_limit_aware",57,6,1.9732681605199103,1.2814771172918418,0.94117381400918065,0.32765568681641255,0.20927802194686917,0.072472377712415867,0.072472377712415867,1.9732681605199103,27.227865606261911,6,0.011827164611018872
"nominal_d41_limit_aware",58,6,1.9707597338986242,1.2755446730863562,0.95473548283533249,0.3274728247149879,0.20881047028276106,0.071372310076909251,0.071372310076909251,1.9707597338986242,27.612385416346708,6,0.011713042206427351
"nominal_d41_limit_aware",59,6,1.9680144522255583,1.270795347939512,0.96699825449332233,0.32719821341378291,0.20829971395008295,0.070312734948941927,0.070312734948941927,1.9680144522255583,27.989445349475389,6,0.011589459389508913
"nominal_d41_limit_aware",60,6,1.9650165506256101,1.2674198750130645,0.97781914233016631,0.32683356162146243,0.20775026472964411,0.069284633087368222,0.069284633087368222,1.9650165506256101,28.361506196442086,6,0.01145645925184946
"nominal_d41_limit_aware",61,6,1.9617508534969026,1.2655848263889409,0.98708219839361655,0.32638099765725065,0.20716861049953647,0.068277956359405159,0.068277956359405159,1.9617508534969026,28.731833202073794,6,0.011314041349730438
"nominal_d41_limit_aware",62,6,1.9582034304093401,1.2654095794689268,0.99472032284641698,0.32584331642257397,0.2065635137094731,0.067281463414472442,0.067281463414472442,1.9582034304093401,29.104649795535284,6,0.011162147953076343
"nominal_d41_limit_aware",63,6,1.954362379598005,1.266944882668313,1.0007350762615799,0.32522419876275271,0.20594627895326809,0.066282632454498974,0.066282632454498974,1.954362379598005,29.485286073084314,6,0.011000653574603928
"nominal_d41_limit_aware",64,6,1.9502187466574326,1.2701600848891608,1.0052073966451607,0.32452838391219341,0.2053309565740454,0.065267676956729831,0.065267676956729831,1.9502187466574326,29.880314998040436,6,0.010829358624629463
"nominal_d41_limit_aware",65,6,1.9457675805860515,1.2749442702007321,1.0082939835971751,0.32376177501849845,0.20473444072485647,0.064221690212578841,0.064221690212578841,1.9457675805860515,30.297670057349904,6,0.010647987940269507
"nominal_d41_limit_aware",66,6,1.9410091209258198,1.281121293351789,1.0102094046615382,0.32293145995842282,0.20417641510155515,0.06312894049958287,0.06312894049958287,1.9410091209258198,30.746740014409795,6,0.010456194760084024
"nominal_d41_limit_aware",67,6,1.9359631970735633,1.2884469991312131,1.0112019416703419,0.32204668844503159,0.2036805029486253,0.061959674123419531,0.061959674123419531,1.9359631970735633,31.245535494864839,6,0.010251300672194342
"nominal_d41_limit_aware",68,6,1.9306864122378711,1.2966127320913792,1.0115164429244654,0.321119332514408,0.20327327685988889,0.0606483999120324,0.0606483999120324,1.9306864122378711,31.83408655526344,6,0.010024461608151748
"nominal_d41_limit_aware",69,6,1.9251901165360772,1.3054286944959432,1.011359132866507,0.32015684462685651,0.20297514047284518,0.059178058000402704,0.059178058000402704,1.9251901165360772,32.532161101382819,6,0.0097745895452571382
"nominal_d41_limit_aware",70,6,1.9194882084099998,1.3147240387404389,1.0109128274696122,0.31916650052035767,0.2028081431037396,0.057537544869923553,0.057537544869923553,1.9194882084099998,33.360620665157519,6,0.0095014038265059057
"nominal_d41_limit_aware",71,6,1.9136046740996489,1.3243379481540523,1.0103327183095148,0.31815580586911918,0.20279604544026214,0.05571738245802077,0.05571738245802077,1.9136046740996489,34.344841585862703,6,0.0092046123795640408
"nominal_d41_limit_aware",72,6,1.9075761412411782,1.3341188500301775,1.0097431673697312,0.31713234559755016,0.20296353433976566,0.053710432867546842,0.053710432867546842,1.9075761412411782,35.515933113877068,6,0.0088839178636416719
"nominal_d41_limit_aware",73,6,1.9014543877220105,1.3439218980071888,1.0092364796240949,0.31610357579626386,0.20333523657181218,0.051512635795050145,0.051512635795050145,1.9014543877220105,36.912387773889087,6,0.00853903333247342
"nominal_d41_limit_aware",74,6,1.8953085086671146,1.3536057006818134,1.0088731691480686,0.31507658250981913,0.20393457779083052,0.049123665033692657,0.049123665033692657,1.8953085086671146,38.582392160014351,6,0.008169705752312675
"nominal_d41_limit_aware",75,6,1.8892262474857811,1.3630292132112336,1.0086835511085686,0.31405782918191333,0.20478256223125571,0.04654739671241534,0.04654739671241534,1.8892262474857811,40.5871516114644,6,0.0077757460307600664
"nominal_d41_limit_aware",76,6,1.8833387524730836,1.3720172085947899,1.0086638088037361,0.31305372084999128,0.20589432106979125,0.04376042217654199,0.04376042217654199,1.8833387524730836,43.037490471987667,6,0.0073515544998122477
"nominal_d41_limit_aware",77,6,1.8777209168774907,1.3804880403925008,1.0088072733529696,0.31206662454614226,0.20728665112061981,0.040826479743347084,0.040826479743347084,1.8777209168774907,45.99272160327456,6,0.0069060940858604886
"nominal_d41_limit_aware",78,6,1.8725272966914992,1.3882683896232164,1.0090715515393371,0.31110089646979983,0.20896481232550868,0.037736760493398545,0.037736760493398545,1.8725272966914992,49.620774868024732,6,0.006435208077872059
"nominal_d41_limit_aware",79,6,1.8678911597240386,1.3952223391222924,1.0094105821348394,0.31015840482742385,0.21092949215832515,0.034507432171465957,0.034507432171465957,1.8678911597240386,54.130111752232601,6,0.0059387678073429904
"nominal_d41_limit_aware",80,6,1.8639337276726033,1.4012315745728963,1.0097764836037424,0.30923964358474049,0.21317444474826408,0.031154933352731642,0.031154933352731642,1.8639337276726033,59.827883647492222,6,0.0054165501088396231
"nominal_d41_limit_aware",81,6,1.8607488127481679,1.4062085051198279,1.0101269946740772,0.30834378101231613,0.21568615348604125,0.027694157870074974,0.027694157870074974,1.8607488127481679,67.189218082663089,6,0.0048680952907909419
"nominal_d41_limit_aware",82,6,1.8583937709554283,1.4101088936500987,1.0104287894705435,0.30746440714625517,0.21844999509000115,0.024047566191584133,0.024047566191584133,1.8583937709554283,77.279910829637544,6,0.004276752527496157
"nominal_d41_limit_aware",83,6,1.8568482249632003,1.4129679582773049,1.0106679107884151,0.30659668354423364,0.2214503356290565,0.020193495005456145,0.020193495005456145,1.8568482249632003,91.952790958746505,6,0.003635569774624627
"nominal_d41_limit_aware",84,6,1.8560669891586081,1.4148487056456693,1.0108435672632312,0.3057299295418191,0.22468195403229224,0.016033977404096365,0.016033977404096365,1.8560669891586081,115.75836377843588,6,0.0029237148657213054
"nominal_d41_limit_aware",85,6,1.8559580952810388,1.4158751288627309,1.0109649571485899,0.30484121523211699,0.22818031406927106,0.011308039224120575,0.011308039224120575,1.8559580952810388,164.12731318814261,6,0.0020896251439806715
"nominal_d41_limit_aware",86,6,1.8564599696818989,1.4162229798325556,1.0110454202321491,0.3038075135470899,0.23236604036204175,0.0044387371921787086,0.0044387371921787086,1.8564599696818989,418.24056917653974,6,0.00083294915575924452
"nominal_d41_limit_aware",87,6,1.8571608885939284,1.4159761659524368,1.0111037131973275,0.30297966656896147,0.23605646407203135,7.4583624977569784e-09,7.4583624977569784e-09,1.8571608885939284,249003838.19537458,6,1.4183194081658225e-09
"nominal_d41_limit_aware",88,6,1.8576674796810844,1.4155936429037463,1.0111465320931181,0.30252683257229501,0.23825146089024424,1.1156280923754687e-09,1.1156280923754687e-09,1.8576674796810844,1665131500.7007546,6,2.1381570085811654e-10
"nominal_d41_limit_aware",89,6,1.8581160270309938,1.4152749372558346,1.0111742102662769,0.30210725088060714,0.24020926467071346,4.8711582276491878e-10,4.8711582276491878e-10,1.8581160270309938,3814526115.132411,6,9.3998899528427302e-11
"nominal_d41_limit_aware",90,6,1.8584346457647467,1.4151205020472735,1.011186835942093,0.30172619361231817,0.24190339555140208,1.6824972426363819e-10,1.6824972426363819e-10,1.8584346457647467,11045692074.078413,6,3.2657389271731014e-11
"nominal_d41_limit_aware",91,6,1.8585914310577172,1.4151750017666542,1.0111835358222694,0.30138970781036861,0.24331755023924778,1.5720330432378874e-10,1.5720330432378874e-10,1.8585914310577172,11822852191.641027,6,3.0661090136055291e-11
"nominal_d41_limit_aware",92,6,1.8585963692344636,1.4154230144565443,1.0111642203349176,0.30110368691220923,0.24444704644728121,1.723824308571586e-09,1.723824308571586e-09,1.8585963692344636,1078182016.5736923,6,3.3751019769207786e-10
"nominal_d41_limit_aware",93,6,1.8584998167409137,1.4157909377323976,1.0111297522301355,0.30087288807352663,0.24529924816206974,6.1200082543081935e-10,6.1200082543081935e-10,1.8584998167409137,3036760310.6296768,6,1.2017104012567152e-10
"nominal_d41_limit_aware",94,6,1.8583877129577611,1.4161547769598284,1.011080554144334,0.30070039350956901,0.24589191428263005,5.2657263686971236e-06,5.2657263686971236e-06,1.8583877129577611,352921.43625335663,6,1.036022856132715e-06
"nominal_d41_limit_aware",95,6,1.8582936939203665,1.4164297067554721,1.0110067229960225,0.30089922900940586,0.24531412601686456,0.0076277692157861576,0.0076277692157861576,1.8582936939203665,243.62217069631689,6,0.0014983200806089974
"nominal_d41_limit_aware",96,6,1.8582214681800255,1.416740543507051,1.0109172105542406,0.30097849239601676,0.2453123585287908,0.013129209585839347,0.013129209585839347,1.8582214681800255,141.53338447610972,6,0.0025798642692538916
"nominal_d41_limit_aware",97,6,1.8581416529733126,1.4171096153226457,1.0108118149005123,0.30101057406780851,0.24549920162776326,0.017549454890793025,0.017549454890793025,1.8581416529733126,105.8803059431863,6,0.0034518192033309819
"nominal_d41_limit_aware",98,6,1.8580446452634154,1.4175369549316488,1.0106910886954317,0.30103335505315543,0.24572219601186712,0.021550340456325132,0.021550340456325132,1.8580446452634154,86.218807031332545,6,0.00424347955130416
"nominal_d41_limit_aware",99,6,1.8579282974543794,1.4180209268852322,1.0105554622015165,0.30105716743258853,0.24594130378405191,0.025330238362203838,0.025330238362203838,1.8579282974543794,73.348235847107588,6,0.0049933437206558717
"nominal_d41_limit_aware",100,6,1.8577940267389121,1.4185574165614168,1.0104055439801638,0.30108556777745404,0.2461473711496529,0.029007156534090792,0.029007156534090792,1.8577940267389121,64.046057894558928,6,0.0057244069506126437
"nominal_d41_limit_aware",101,6,1.8576404576556873,1.4191466197225244,1.010241785938722,0.30111953793532487,0.24633099334829966,0.032583150344090026,0.032583150344090026,1.8576404576556873,57.012303538433891,6,0.006436730439516712
"nominal_d41_limit_aware",102,6,1.8574678736338825,1.4197865886419683,1.0100647108643486,0.30115944585249099,0.24648989371391419,0.036079537245504854,0.036079537245504854,1.8574678736338825,51.482585848999612,6,0.0071342799039515866
"nominal_d41_limit_aware",103,6,1.8572766317822083,1.4204752398371545,1.009874849061436,0.30120509792335765,0.24662397610689349,0.039506748870114357,0.039506748870114357,1.8572766317822083,47.011629276009117,6,0.0078189191736905451
"nominal_d41_limit_aware",104,6,1.8570670414040591,1.4212103946111772,1.0096727272946033,0.30125602995638223,0.24673419471099609,0.042868637213152934,0.042868637213152934,1.8570670414040591,43.319945818904522,6,0.0084912445998911231
"nominal_d41_limit_aware",105,6,1.8568393500656306,1.4219897411790818,1.0094588694090909,0.30131164604481381,0.24682211633240519,0.046165474900393591,0.046165474900393591,1.8568393500656306,40.221385225039676,6,0.0091511720339672257
"nominal_d41_limit_aware",106,6,1.8565937326535353,1.4228108223870413,1.0092337981914026,0.3013712887315344,0.24688967551887608,0.049395477100930743,0.049395477100930743,1.8565937326535353,37.586310359143226,6,0.0097982341769328515
"nominal_d41_limit_aware",107,6,1.8563302830102477,1.4236710349441248,1.0089980378617316,0.30143427719339,0.24693902378267488,0.052555651453738632,0.052555651453738632,1.8563302830102477,35.32123057487464,6,0.01043174607655795
"nominal_d41_limit_aware",108,6,1.856049008408962,1.4245676335333577,1.0087521171372358,0.30149992878933762,0.24697243198962632,0.055642317958434863,0.055642317958434863,1.856049008408962,33.356788079810791,6,0.011050905812099601
"nominal_d41_limit_aware",109,6,1.8557498263773209,1.4254977373824831,1.0084965728077562,0.30156757147524921,0.24699222415111882,0.058651450049140318,0.058651450049140318,1.8557498263773209,31.64030599111371,6,0.011654859994859854
"nominal_d41_limit_aware",110,6,1.8554325633951783,1.4264583383462495,1.0082319537636117,0.30163655115454835,0.24700073015412483,0.061578911432334786,0.061578911432334786,1.8554325633951783,30.130973741456881,6,0.012242748687985855
"nominal_d41_limit_aware",111,6,1.8550969551533079,1.4274463101126762,1.0079588254120297,0.30170623632621379,0.24700024987686617,0.064420628581009901,0.064420628581009901,1.8550969551533079,28.796629216687879,6,0.012813737551573931
"nominal_d41_limit_aware",112,6,1.8547428464902282,1.4284592858635352,1.0076787139804679,0.30177786727130396,0.24697940219325037,0.067193988773861721,0.067193988773861721,1.8547428464902282,27.602809125266845,6,0.013370640086575408
"nominal_d41_limit_aware",113,6,1.8543710433740177,1.4294960005827577,1.0073942924599453,0.30185463406382146,0.24691216158798929,0.069938418209864933,0.069938418209864933,1.8543710433740177,26.514340627630258,6,0.013919870737023821
"nominal_d41_limit_aware",114,6,1.8539825659101796,1.4305535845152604,1.0071064183057084,0.30193604628801074,0.24679998807195774,0.072649641568604678,0.072649641568604678,1.8539825659101796,25.519500521684233,6,0.014460346967993759
"nominal_d41_limit_aware",115,6,1.8535783344201087,1.4316290486008378,1.0068158483619165,0.30202160567433683,0.24664523377825331,0.075321972390405376,0.075321972390405376,1.8535783344201087,24.608733356220771,6,0.014990769044176495
"nominal_d41_limit_aware",116,6,1.8531591733957948,1.4327193412067587,1.006523302972663,0.30211090685176417,0.24645026075886287,0.07794978410121485,0.07794978410121485,1.8531591733957948,23.773756332532464,6,0.015509874540050594
"nominal_d41_limit_aware",117,6,1.8527258112548302,1.4338213563895976,1.0062294694333729,0.30220361735520562,0.24621743867556334,0.080527567851983659,0.080527567851983659,1.8527258112548302,23.007348423341107,6,0.016016450623224026
"nominal_d41_limit_aware",118,6,1.8522788807525032,1.4349319422675249,1.0059350058033565,0.30229945727182961,0.24594914468166193,0.083049983379652456,0.083049983379652456,1.8522788807525032,22.303181835510376,6,0.016509344643488636
"nominal_d41_limit_aware",119,6,1.8518189199971267,1.43604790941956,1.0056405450646728,0.30239817964804844,0.24564776416218725,0.085511904451691836,0.085511904451691836,1.8518189199971267,21.655685624956149,6,0.016987473323125422
"nominal_d41_limit_aware",120,6,1.8513463739491276,1.4371660393577343,1.0053466995279774,0.30249955258550215,0.24531569126965985,0.087908459383703674,0.087908459383703674,1.8513463739491276,21.059934242145609,6,0.017449830639802676
"nominal_d41_limit_aware",121,6,1.8508615963197703,1.438283093116917,1.0050540653955524,0.30260334373774034,0.24495532837985748,0.09023506704757947,0.09023506704757947,1.8508615963197703,20.511555616663323,6,0.017895494482190705
"nominal_d41_limit_aware",122,6,1.8503648518186484,1.4393958200037835,1.0047632273991618,0.30270930771009152,0.24456908377057637,0.092487468718727608,0.092487468718727608,1.8503648518186484,20.006654711742279,6,0.018323632146517194
"nominal_d41_limit_aware",123,6,1.8498563187303505,1.4405009665415942,1.0044747634358184,0.30281717667270702,0.24415936698667193,0.094661756041007253,0.094661756041007253,1.8498563187303505,19.54174944661915,6,0.018733504729096687
"nominal_d41_limit_aware",124,6,1.8493360918301729,1.4415952856410346,1.0041892491272892,0.30292665432650456,0.24372858149101378,0.096754395316031902,0.096754395316031902,1.8493360918301729,19.11371659953668,6,0.01912447045532838
"nominal_d41_limit_aware",125,6,1.8488041856767088,1.4426755460189999,1.0039072622297813,0.30303741321683902,0.24327911431100877,0.098762248249075771,0.098762248249075771,1.8488041856767088,18.719745838653587,6,0.019495986969967398
"nominal_d41_limit_aware",126,6,1.8482605383453614,1.4437385418773647,1.0036293868184505,0.30314909527076361,0.24281332247434109,0.10068258920709747,0.10068258920709747,1.8482605383453614,18.357300431990392,6,0.019847612596959125
"nominal_d41_limit_aware",127,6,1.8477058875662129,1.4447819062628848,1.0033569917553571,0.30326334610248185,0.24231990803575468,0.10252433203657565,0.10252433203657565,1.8477058875662129,18.022120708936118,6,0.02018025197353231
"nominal_d41_limit_aware",128,6,1.8471420392938256,1.4458040071272664,1.0030918817918031,0.30338342389042172,0.24177837454096429,0.10430293081444932,0.10430293081444932,1.8471420392938256,17.709397280310526,6,0.020495392794263063
"nominal_d41_limit_aware",129,6,1.8465696414737671,1.4468020242097508,1.0028344809704799,0.30350934113864003,0.24119109936518845,0.10601436959706434,0.10601436959706434,1.8465696414737671,17.418107078239899,6,0.020792280781677847
"nominal_d41_limit_aware",130,6,1.8459892060851253,1.4477731698118661,1.0025851718264693,0.30364099008618023,0.24056097205972587,0.10765466221293553,0.10765466221293553,1.8459892060851253,17.147322448830419,6,0.021070234538709001
"nominal_d41_limit_aware",131,6,1.8454011348318873,1.4487147151167445,1.0023443252137469,0.30377818244860444,0.23989101265526988,0.10922020030751182,0.10922020030751182,1.8454011348318873,16.896152265204794,6,0.021328686779146774
"nominal_d41_limit_aware",132,6,1.8448057225627064,1.4496239967686255,1.0021123061934591,0.30392063995677354,0.23918436705545137,0.11070777250350058,0.11070777250350058,1.8448057225627064,16.663741676352249,6,0.021567186845946166
"nominal_d41_limit_aware",133,6,1.844203160753207,1.4504984235493801,1.0018894794587569,0.30406799056288808,0.23844429809065529,0.11211457957110214,0.11211457957110214,1.844203160753207,16.449271520334502,6,0.021785401974760692
"nominal_d41_limit_aware",134,6,1.8435935410840865,1.4513354831495051,1.0016762142837983,0.30421976993918221,0.23767417215874004,0.1134382460513034,0.1134382460513034,1.8435935410840865,16.251957388783197,6,0.021983117378881277
"nominal_d41_limit_aware",135,6,1.8429768591514664,1.4521327490432669,1.0014728889543443,0.30437542772205678,0.2368774415987201,0.11467682856706998,0.11467682856706998,1.8429768591514664,16.071048372894104,6,0.022160235198655617
"nominal_d41_limit_aware",136,6,1.8423530183750423,1.4528878874695412,1.0012798946333366,0.30453433785503187,0.236057622978814,0.11582882098227464,0.11582882098227464,1.8423530183750423,15.905825534190482,6,0.022316772342384016
"nominal_d41_limit_aware",137,6,1.8417218341990895,1.4535986645087267,1.0010976386087889,0.30469581233541854,0.23521827146694288,0.11689315648472952,0.11689315648472952,1.8417218341990895,15.755600153031073,6,0.022452857228157642
"nominal_d41_limit_aware",138,6,1.8410830387104551,1.4542629532342657,1.0009265468633857,0.30485911766247359,0.23436295140123659,0.11786920658191996,0.11786920658191996,1.8410830387104551,15.619711815323784,6,0.022568725418454373
"nominal_d41_limit_aware",139,6,1.8404362858248811,1.4548787409045518,1.000767065896045,0.30502349330833406,0.23349520310497829,0.11875677690635141,0.11875677690635141,1.8404362858248811,15.49752640454534,6,0.022664714122245234
"nominal_d41_limit_aware",140,6,1.8397811572185052,1.4554441361482051,1.0006196637162037,0.30518817157681682,0.2326185059105608,0.11955609963255019,0.11955609963255019,1.8397811572185052,15.388434072983163,6,0.022741255523793073
"nominal_d41_limit_aware",141,6,1.8391171692032242,1.4559573760826734,1.0004848299224338,0.30535239827011557,0.23173623728602133,0.1202678222110752,0.1202678222110752,1.8391171692032242,15.291847273791111,6,0.022798868884237048
"nominal_d41_limit_aware",142,6,1.8384509577676256,1.4564186632024081,1.0003646040424816,0.30552965047365122,0.23077320391911743,0.12090944981639079,0.12090944981639079,1.8384509577676256,15.205188350120178,6,0.022834714665088119
"nominal_d41_limit_aware",143,6,1.8377942600339718,1.4568295887663112,1.000260821774158,0.30574010519578793,0.22962148605701152,0.12149966413511791,0.12149966413511791,1.8377942600339718,15.125920496291982,6,0.02284330373398195
"nominal_d41_limit_aware",144,6,1.8371501992552515,1.4571897257009065,1.0001726759183411,0.30598509303086152,0.22828016569306106,0.12203139214674796,0.12203139214674796,1.8371501992552515,15.05473441658356,6,0.022823159448053316
"nominal_d41_limit_aware",145,6,1.8365214746254033,1.4574987843336136,1.0000993155575506,0.30626556140693151,0.22675019957389933,0.12249787575973035,0.12249787575973035,1.8365214746254033,14.992272014802863,6,0.02277307845621495
"nominal_d41_limit_aware",146,6,1.8359104344421002,1.4577566208998887,1.0000398852277743,0.30658208767641687,0.22503371844534456,0.12289293952157332,0.12289293952157332,1.8359104344421002,14.939104244632492,6,0.02269212360288304
"nominal_d41_limit_aware",147,6,1.8353190872472696,1.4579632319312754,0.99999354194934198,0.30693479162465948,0.22313402182988118,0.12321106478490289,0.12321106478490289,1.8353190872472696,14.895732704293227,6,0.022579637830306636
"nominal_d41_limit_aware",148,6,1.8347491147115782,1.4581187475554416,0.99995946888702048,0.30732328124131358,0.22105554921532827,0.12344743946538432,0.12344743946538432,1.8347491147115782,14.862593526907919,6,0.022435251749835378
"nominal_d41_limit_aware",149,6,1.8342018851648885,1.4582234239630276,0.9999368860174398,0.30774663269987279,0.21880382777021545,0.12359798763600163,0.12359798763600163,1.8342018851648885,14.84006269233644,6,0.02225888570902973
"nominal_d41_limit_aware",150,6,1.8337224824792844,1.4582797337134483,0.99992573897373205,0.30829937160585674,0.21589284750660601,0.12365017816534002,0.12365017816534002,1.8337224824792844,14.82992187869964,6,0.022006340989703894
"nominal_d41_limit_aware",151,6,1.8333687560744392,1.458295073917893,0.99992286056504509,0.30910719745471932,0.21171234043922862,0.12357755840225683,0.12357755840225683,1.8333687560744392,14.835774227765915,6,0.021620046977957112
"nominal_d41_limit_aware",152,6,1.8331362138718528,1.4582780949535734,0.9999234722552256,0.31018156557415155,0.20626595347921578,0.12337288006353155,0.12337288006353155,1.8331362138718528,14.858502232645206,6,0.021099156232758275
"nominal_d41_limit_aware",153,6,1.8330035989361486,1.4582391493914897,0.99992440479736544,0.31152887433365978,0.19958478255692655,0.1230511686111377,0.1230511686111377,1.8330035989361486,14.896271361133895,6,0.020448935872466024
"nominal_d41_limit_aware",154,6,1.8329270907191206,1.4581902286182751,0.99992411939756654,0.31315022169133555,0.19173183819577083,0.12265256803036197,0.12265256803036197,1.8329270907191206,14.94405800182993,6,0.019681129692350859
"nominal_d41_limit_aware",155,6,1.8328306028919807,1.4581449279120571,0.99992269678992729,0.3150430013215782,0.18281105974289991,0.12224774048464054,0.12224774048464054,1.8328306028919807,14.992756476527772,6,0.018814929214486829
"nominal_d41_limit_aware",156,6,1.8325914581488947,1.4581184573399495,0.99992183297626513,0.31720275342132348,0.17298190427934709,0.12194805858335207,0.12194805858335207,1.8325914581488947,15.02763946747303,6,0.017878744971819429
"nominal_d41_limit_aware",157,6,1.8320753330450743,1.4581257636300688,0.99992378186568198,0.31943553334622526,0.16324787813232505,0.12193303083669473,0.12193303083669473,1.8320753330450743,15.025258705319795,6,0.016984679151392561
"nominal_d41_limit_aware",158,6,1.8315014107733292,1.4581508435020785,0.99992399775281138,0.32097879706110455,0.15668124470239875,0.1222510737503642,0.1222510737503642,1.8315014107733292,14.981475046290731,6,0.016418094184578055
"nominal_d41_limit_aware",159,6,1.8311582461930782,1.4581581563015784,0.9999223093213363,0.32174909528507017,0.15329146285198927,0.1226871686054644,0.1226871686054644,1.8311582461930782,14.925425918676876,6,0.016155902125969041
"nominal_d41_limit_aware",160,6,1.8311860740018906,1.4581234489505381,0.99993068843187838,0.32176550153193612,0.15290475289099709,0.12311234569135208,0.12311234569135208,1.8311860740018906,14.874105953538992,6,0.016171814035535005
"nominal_d41_limit_aware",161,6,1.8315039011358893,1.458032717020296,0.99997117346053288,0.3211300892828336,0.15524154317051425,0.12355388889040528,0.12355388889040528,1.8315039011358893,14.823522898259149,6,0.016447805764061661
"nominal_d41_limit_aware",162,6,1.8317653475196765,1.4578694803221401,1.0000508717739802,0.32038134361598064,0.15817954870316994,0.12400815727704663,0.12400815727704663,1.8317653475196765,14.771329465265172,6,0.016783339536606549
"nominal_d41_limit_aware",163,6,1.8319087268275629,1.4576316476552926,1.0001697936013201,0.31962449297103551,0.16128420961095197,0.12448493644880773,0.12448493644880773,1.8319087268275629,14.715906832477707,6,0.017138549335417058
"nominal_d41_limit_aware",164,6,1.831928782662569,1.4573206081505925,1.0003292694676331,0.31885568769781431,0.16457774971144673,0.12501409029851579,0.12501409029851579,1.831928782662569,14.653778452398324,6,0.017519871723443357
"nominal_d41_limit_aware",165,6,1.8318180799342709,1.4569375965344336,1.0005301350277382,0.3180773620264627,0.16805549065223488,0.12562090600301967,0.12562090600301967,1.8318180799342709,14.582111674073087,6,0.017930849019291224
"nominal_d41_limit_aware",166,6,1.8315730914027983,1.4564807075485113,1.0007688766581309,0.31732480225131166,0.17153966570753043,0.12628143295410191,0.12628143295410191,1.8315730914027983,14.503898542777065,6,0.018351470089527148
"nominal_d41_limit_aware",167,6,1.831199901360369,1.4559516205370284,1.0010435002194757,0.31660122001384589,0.17500551204839548,0.12699602890063239,0.12699602890063239,1.831199901360369,14.419347732464809,6,0.018779762829070901
"nominal_d41_limit_aware",168,6,1.830703565235912,1.4553532069682735,1.0013526884921635,0.31590239154879723,0.17846919228980801,0.12777550218862804,0.12777550218862804,1.830703565235912,14.327500451012462,6,0.019219286955959546
"nominal_d41_limit_aware",169,6,1.8300873386634837,1.4546887048944646,1.0016951196614383,0.31522445790227577,0.181948464006746,0.12863297911381028,0.12863297911381028,1.8300873386634837,14.227201696419407,6,0.01967424471967489
"nominal_d41_limit_aware",170,6,1.829353016829502,1.453961682822809,1.0020694070140082,0.31456399996110085,0.18546166867113567,0.12958372948223085,0.12958372948223085,1.829353016829502,14.117150541498745,6,0.020149391831470357
"nominal_d41_limit_aware",171,6,1.828501281566127,1.4531759986492989,1.0024740267947105,0.31391811083019694,0.18902678343429591,0.13064480750043975,0.13064480750043975,1.828501281566127,13.995973636839507,6,0.02064992526437031
"nominal_d41_limit_aware",172,6,1.8275352153705344,1.4523344089750985,1.0029060274891888,0.31328989493057696,0.19262568219918233,0.13181673211838668,0.13181673211838668,1.8275352153705344,13.864212729300528,6,0.021175015664123907
"nominal_d41_limit_aware",173,6,1.8264784513153256,1.4514327622520453,1.0033552033797652,0.31271103554510477,0.19605117516004808,0.13299647807722692,0.13299647807722692,1.8264784513153256,13.733284352498014,6,0.02168797380281574
"nominal_d41_limit_aware",174,6,1.8253429533791854,1.4504745151388285,1.0038170075009756,0.31218282106275047,0.1992814940233289,0.13416397308955402,0.13416397308955402,1.8253429533791854,13.60531379136167,6,0.022183037224310469
"nominal_d41_limit_aware",175,6,1.8241353945729246,1.4494650178366986,1.0042884910054202,0.31170018805013933,0.20233803799397135,0.13532279168447986,0.13532279168447986,1.8241353945729246,13.479882966249315,6,0.022662553467114672
"nominal_d41_limit_aware",176,6,1.8228605331814425,1.4484099092576901,1.0047669422893613,0.31125812350239301,0.20524498775394701,0.13648076476911902,0.13648076476911902,1.8228605331814425,13.356171737937785,6,0.023129964691720104
"nominal_d41_limit_aware",177,6,1.8215215153430342,1.4473150487255713,1.0052498212514611,0.3108517546073658,0.20802847312435577,0.13764960749207736,0.13764960749207736,1.8215215153430342,13.233030943788741,6,0.023589702814281403
"nominal_d41_limit_aware",178,6,1.8201201553014228,1.4461864487955329,1.0057346879729463,0.31047642272775655,0.2107158445417803,0.13884449202586677,0.13884449202586677,1.8201201553014228,13.109055524956178,6,0.024047074609522243
"nominal_d41_limit_aware",179,6,1.8186571967343281,1.4450302107712314,1.0062191281071584,0.31012774611174299,0.21333501624739359,0.14008356928225643,0.14008356928225643,1.8186571967343281,12.98265889463374,6,0.024508137506368044
"nominal_d41_limit_aware",180,6,1.8171325598366073,1.4438524630658545,1.0067006773492366,0.30980167661289959,0.21591385278176733,0.14138743713954105,0.14138743713954105,1.8171325598366073,12.852150067924386,6,0.024979565637556066
