case_id,waypoint,robot_world_distance_m,self_distance_m,robot_world_pair,self_pair
"nominal_d41_limit_aware",0,0.20000000000000001,0.016836332585723032,"base_link|tunnel_floor","wrist2_link|forearm_link"
"nominal_d41_limit_aware",1,0.20000000000000001,0.016845881801387887,"base_link|tunnel_floor","wrist2_link|forearm_link"
"nominal_d41_limit_aware",2,0.20000000000000001,0.016654625670177142,"base_link|tunnel_floor","wrist2_link|forearm_link"
"nominal_d41_limit_aware",3,0.20000000000000001,0.016755178830541798,"base_link|tunnel_floor","wrist2_link|forearm_link"
"nominal_d41_limit_aware",4,0.20000000000000001,0.016858740081537614,"base_link|tunnel_floor","wrist2_link|forearm_link"
"nominal_d41_limit_aware",5,0.20000000000000001,0.016677991262512657,"base_link|tunnel_floor","wrist2_link|forearm_link"
"nominal_d41_limit_aware",6,0.20000000000000001,0.016730034696398634,"base_link|tunnel_floor","wrist2_link|forearm_link"
"nominal_d41_limit_aware",7,0.20000000000000001,0.016785710597003147,"base_link|tunnel_floor","wrist2_link|forearm_link"
"nominal_d41_limit_aware",8,0.20000000000000001,0.016673184123179505,"base_link|tunnel_floor","wrist2_link|forearm_link"
"nominal_d41_limit_aware",9,0.20000000000000001,0.016745431932222724,"base_link|tunnel_floor","wrist2_link|forearm_link"
"nominal_d41_limit_aware",10,0.20000000000000001,0.016798758979881374,"base_link|tunnel_floor","wrist2_link|forearm_link"
"nominal_d41_limit_aware",11,0.20000000000000001,0.016749644254308117,"base_link|tunnel_floor","wrist2_link|forearm_link"
"nominal_d41_limit_aware",12,0.20000000000000001,0.016762608407093142,"base_link|tunnel_floor","wrist2_link|forearm_link"
"nominal_d41_limit_aware",13,0.20000000000000001,0.016749646766677118,"base_link|tunnel_floor","wrist2_link|forearm_link"
"nominal_d41_limit_aware",14,0.20000000000000001,0.016745471711788872,"base_link|tunnel_floor","wrist2_link|forearm_link"
"nominal_d41_limit_aware",15,0.20000000000000001,0.016861323567134708,"base_link|tunnel_floor","wrist2_link|forearm_link"
"nominal_d41_limit_aware",16,0.20000000000000001,0.01672874662425523,"base_link|tunnel_floor","wrist2_link|forearm_link"
"nominal_d41_limit_aware",17,0.20000000000000001,0.01665796122097727,"base_link|tunnel_floor","wrist2_link|forearm_link"
"nominal_d41_limit_aware",18,0.20000000000000001,0.016669511888655789,"base_link|tunnel_floor","wrist2_link|forearm_link"
"nominal_d41_limit_aware",19,0.20000000000000001,0.016809528507560432,"base_link|tunnel_floor","wrist2_link|forearm_link"
"nominal_d41_limit_aware",20,0.20000000000000001,0.016806816575287271,"base_link|tunnel_floor","wrist2_link|forearm_link"
"nominal_d41_limit_aware",21,0.20000000000000001,0.016741678993671009,"base_link|tunnel_floor","wrist2_link|forearm_link"
"nominal_d41_limit_aware",22,0.20000000000000001,0.016764099691404331,"base_link|tunnel_floor","wrist2_link|forearm_link"
"nominal_d41_limit_aware",23,0.20000000000000001,0.016746696906236078,"base_link|tunnel_floor","wrist2_link|forearm_link"
"nominal_d41_limit_aware",24,0.20000000000000001,0.016848611503694086,"base_link|tunnel_floor","wrist2_link|forearm_link"
"nominal_d41_limit_aware",25,0.20000000000000001,0.016681012505133971,"base_link|tunnel_floor","wrist2_link|forearm_link"
"nominal_d41_limit_aware",26,0.20000000000000001,0.016644662464586606,"base_link|tunnel_floor","wrist2_link|forearm_link"
"nominal_d41_limit_aware",27,0.20000000000000001,0.016743883027984859,"base_link|tunnel_floor","wrist2_link|forearm_link"
"nominal_d41_limit_aware",28,0.20000000000000001,0.016900021635692437,"base_link|tunnel_floor","wrist2_link|forearm_link"
"nominal_d41_limit_aware",29,0.20000000000000001,0.01679225748150712,"base_link|tunnel_floor","wrist2_link|forearm_link"
"nominal_d41_limit_aware",30,0.20000000000000001,0.016770284865915367,"base_link|tunnel_floor","wrist2_link|forearm_link"
"nominal_d41_limit_aware",31,0.20000000000000001,0.016769044419670694,"base_link|tunnel_floor","wrist2_link|forearm_link"
"nominal_d41_limit_aware",32,0.20000000000000001,0.016781742761198981,"base_link|tunnel_floor","wrist2_link|forearm_link"
"nominal_d41_limit_aware",33,0.20000000000000001,0.016810657745890755,"base_link|tunnel_floor","wrist2_link|forearm_link"
"nominal_d41_limit_aware",34,0.20000000000000001,0.01686080267052224,"base_link|tunnel_floor","wrist2_link|forearm_link"
"nominal_d41_limit_aware",35,0.20000000000000001,0.016894695524299997,"base_link|tunnel_floor","wrist2_link|forearm_link"
"nominal_d41_limit_aware",36,0.20000000000000001,0.0168140813027974,"base_link|tunnel_floor","forearm_link|wrist2_link"
"nominal_d41_limit_aware",37,0.20000000000000001,0.016740017202710584,"base_link|tunnel_floor","forearm_link|wrist2_link"
"nominal_d41_limit_aware",38,0.20000000000000001,0.016737154129634141,"base_link|tunnel_floor","forearm_link|wrist2_link"
"nominal_d41_limit_aware",39,0.20000000000000001,0.016756766448487496,"base_link|tunnel_floor","forearm_link|wrist2_link"
"nominal_d41_limit_aware",40,0.20000000000000001,0.016664426358737067,"base_link|tunnel_floor","forearm_link|wrist2_link"
"nominal_d41_limit_aware",41,0.20000000000000001,0.01662451058976298,"base_link|tunnel_floor","forearm_link|wrist2_link"
"nominal_d41_limit_aware",42,0.20000000000000001,0.016648038882369591,"base_link|tunnel_floor","forearm_link|wrist2_link"
"nominal_d41_limit_aware",43,0.20000000000000001,0.016733953779237816,"base_link|tunnel_floor","forearm_link|wrist2_link"
"nominal_d41_limit_aware",44,0.20000000000000001,0.016695395464894781,"base_link|tunnel_floor","forearm_link|wrist2_link"
"nominal_d41_limit_aware",45,0.20000000000000001,0.016687689683214241,"base_link|tunnel_floor","forearm_link|wrist2_link"
"nominal_d41_limit_aware",46,0.20000000000000001,0.0167238708132369,"base_link|tunnel_floor","forearm_link|wrist2_link"
"nominal_d41_limit_aware",47,0.20000000000000001,0.01681028999908073,"base_link|tunnel_floor","forearm_link|wrist2_link"
"nominal_d41_limit_aware",48,0.20000000000000001,0.016921943082978629,"base_link|tunnel_floor","forearm_link|wrist2_link"
"nominal_d41_limit_aware",49,0.20000000000000001,0.016858084630386291,"base_link|tunnel_floor","forearm_link|wrist2_link"
"nominal_d41_limit_aware",50,0.20000000000000001,0.016826882611209924,"base_link|tunnel_floor","forearm_link|wrist2_link"
"nominal_d41_limit_aware",51,0.20000000000000001,0.016825958045092699,"base_link|tunnel_floor","forearm_link|wrist2_link"
"nominal_d41_limit_aware",52,0.20000000000000001,0.016761011734688466,"base_link|tunnel_floor","forearm_link|wrist2_link"
"nominal_d41_limit_aware",53,0.20000000000000001,0.016729211985350857,"base_link|tunnel_floor","forearm_link|wrist2_link"
"nominal_d41_limit_aware",54,0.20000000000000001,0.016729856142100638,"base_link|tunnel_floor","forearm_link|wrist2_link"
"nominal_d41_limit_aware",55,0.20000000000000001,0.016756910007979541,"base_link|tunnel_floor","forearm_link|wrist2_link"
"nominal_d41_limit_aware",56,0.20000000000000001,0.016711419272366239,"base_link|tunnel_floor","wrist2_link|forearm_link"
"nominal_d41_limit_aware",57,0.20000000000000001,0.016693488688368171,"base_link|tunnel_floor","wrist2_link|forearm_link"
"nominal_d41_limit_aware",58,0.20000000000000001,0.016701789979983377,"base_link|tunnel_floor","wrist2_link|forearm_link"
"nominal_d41_limit_aware",59,0.20000000000000001,0.016734847355980211,"base_link|tunnel_floor","wrist2_link|forearm_link"
"nominal_d41_limit_aware",60,0.20000000000000001,0.016790850508152991,"base_link|tunnel_floor","wrist2_link|forearm_link"
"nominal_d41_limit_aware",61,0.20000000000000001,0.016867569488336016,"base_link|tunnel_floor","wrist2_link|forearm_link"
"nominal_d41_limit_aware",62,0.20000000000000001,0.016905474442806233,"base_link|tunnel_floor","wrist2_link|forearm_link"
"nominal_d41_limit_aware",63,0.20000000000000001,0.016861032894178254,"base_link|tunnel_floor","wrist2_link|forearm_link"
"nominal_d41_limit_aware",64,0.20000000000000001,0.016839075623230466,"base_link|tunnel_floor","wrist2_link|forearm_link"
"nominal_d41_limit_aware",65,0.20000000000000001,0.016809562075124615,"base_link|tunnel_floor","wrist2_link|forearm_link"
"nominal_d41_limit_aware",66,0.20000000000000001,0.016731794596511092,"base_link|tunnel_floor","wrist2_link|forearm_link"
"nominal_d41_limit_aware",67,0.20000000000000001,0.016683751385754033,"base_link|tunnel_floor","wrist2_link|forearm_link"
"nominal_d41_limit_aware",68,0.20000000000000001,0.016670539819357372,"base_link|tunnel_floor","wrist2_link|forearm_link"
"nominal_d41_limit_aware",69,0.20000000000000001,0.016685261197419695,"base_link|tunnel_floor","wrist2_link|forearm_link"
"nominal_d41_limit_aware",70,0.20000000000000001,0.016705743518078509,"base_link|tunnel_floor","wrist2_link|forearm_link"
"nominal_d41_limit_aware",71,0.20000000000000001,0.016725124141628824,"base_link|tunnel_floor","wrist2_link|forearm_link"
"nominal_d41_limit_aware",72,0.20000000000000001,0.016735852668635042,"base_link|tunnel_floor","wrist2_link|forearm_link"
"nominal_d41_limit_aware",73,0.20000000000000001,0.016729504033487278,"base_link|tunnel_floor","wrist2_link|forearm_link"
"nominal_d41_limit_aware",74,0.20000000000000001,0.016696979434012653,"base_link|tunnel_floor","wrist2_link|forearm_link"
"nominal_d41_limit_aware",75,0.20000000000000001,0.016636166125264772,"base_link|tunnel_floor","wrist2_link|forearm_link"
"nominal_d41_limit_aware",76,0.20000000000000001,0.016656392356689382,"base_link|tunnel_floor","wrist2_link|forearm_link"
"nominal_d41_limit_aware",77,0.20000000000000001,0.016715162136258292,"base_link|tunnel_floor","wrist2_link|forearm_link"
"nominal_d41_limit_aware",78,0.19643020029846198,0.016729581634317679,"upperarm_link|horseshoe_wall_30","wrist2_link|forearm_link"
"nominal_d41_limit_aware",79,0.17456809600020357,0.016692415659986939,"upperarm_link|horseshoe_wall_30","wrist2_link|forearm_link"
"nominal_d41_limit_aware",80,0.1539979263308775,0.016651226831180074,"upperarm_link|horseshoe_wall_29","wrist2_link|forearm_link"
"nominal_d41_limit_aware",81,0.13526198908573689,0.01675586366914536,"upperarm_link|horseshoe_wall_29","wrist2_link|forearm_link"
"nominal_d41_limit_aware",82,0.11865744873398217,0.016781866408136937,"upperarm_link|horseshoe_wall_28","wrist2_link|forearm_link"
"nominal_d41_limit_aware",83,0.10472170740390119,0.016841442315810234,"upperarm_link|horseshoe_wall_26","wrist2_link|forearm_link"
"nominal_d41_limit_aware",84,0.094346942726020552,0.016871053133833268,"upperarm_link|horseshoe_wall_26","wrist2_link|forearm_link"
"nominal_d41_limit_aware",85,0.088577170270258909,0.016805115692573723,"upperarm_link|horseshoe_wall_25","wrist2_link|forearm_link"
"nominal_d41_limit_aware",86,0.090348083274491425,0.016702263074620995,"upperarm_link|horseshoe_wall_25","wrist2_link|forearm_link"
"nominal_d41_limit_aware",87,0.099679140482252834,0.016726307384393169,"upperarm_link|horseshoe_wall_24","wrist2_link|forearm_link"
"nominal_d41_limit_aware",88,0.10683287179340895,0.016655252567224603,"upperarm_link|horseshoe_wall_25","wrist2_link|forearm_link"
"nominal_d41_limit_aware",89,0.11520108063433428,0.016623586820841103,"upperarm_link|horseshoe_wall_25","wrist2_link|forearm_link"
"nominal_d41_limit_aware",90,0.12486658506819509,0.016693701071228889,"upperarm_link|horseshoe_wall_25","wrist2_link|forearm_link"
"nominal_d41_limit_aware",91,0.13062414560382571,0.016753632394017816,"forearm_link|horseshoe_wall_25","wrist2_link|forearm_link"
"nominal_d41_limit_aware",92,0.13532543806366004,0.016729292878207389,"forearm_link|horseshoe_wall_25","wrist2_link|forearm_link"
"nominal_d41_limit_aware",93,0.14062588122077804,0.016748860251405397,"forearm_link|horseshoe_wall_25","wrist2_link|forearm_link"
"nominal_d41_limit_aware",94,0.14641417927621284,0.016810831448597408,"forearm_link|horseshoe_wall_25","wrist2_link|forearm_link"
"nominal_d41_limit_aware",95,0.14331124247635957,0.016785363479156303,"forearm_link|horseshoe_wall_26","wrist2_link|forearm_link"
"nominal_d41_limit_aware",96,0.1432321597490421,0.016796058319227793,"forearm_link|horseshoe_wall_28","wrist2_link|forearm_link"
"nominal_d41_limit_aware",97,0.14440160083435402,0.016825741460766437,"forearm_link|horseshoe_wall_29","wrist2_link|forearm_link"
"nominal_d41_limit_aware",98,0.14608193380290188,0.016858732447846449,"forearm_link|horseshoe_wall_30","wrist2_link|forearm_link"
"nominal_d41_limit_aware",99,0.14797808917793862,0.016890088912448805,"forearm_link|horseshoe_wall_31","wrist2_link|forearm_link"
"nominal_d41_limit_aware",100,0.14994112341795876,0.016879917272835072,"forearm_link|horseshoe_wall_31","wrist2_link|forearm_link"
"nominal_d41_limit_aware",101,0.15203985899468139,0.016843371149207882,"forearm_link|horseshoe_wall_32","wrist2_link|forearm_link"
"nominal_d41_limit_aware",102,0.15423943015329189,0.016809875669022239,"forearm_link|horseshoe_wall_32","wrist2_link|forearm_link"
"nominal_d41_limit_aware",103,0.15644674080877505,0.016779651702944862,"forearm_link|horseshoe_wall_33","wrist2_link|forearm_link"
"nominal_d41_limit_aware",104,0.15872754782704854,0.016752787848838702,"forearm_link|horseshoe_wall_34","wrist2_link|forearm_link"
"nominal_d41_limit_aware",105,0.16101606383386688,0.016729325333264947,"forearm_link|horseshoe_wall_34","wrist2_link|forearm_link"
"nominal_d41_limit_aware",106,0.16329566618490213,0.016709301533400198,"forearm_link|horseshoe_wall_35","wrist2_link|forearm_link"
"nominal_d41_limit_aware",107,0.16560886662035051,0.016692774470820175,"forearm_link|horseshoe_wall_36","wrist2_link|forearm_link"
"nominal_d41_limit_aware",108,0.16786839531636316,0.016679837696867161,"forearm_link|horseshoe_wall_36","wrist2_link|forearm_link"
"nominal_d41_limit_aware",109,0.17011282870062833,0.016673830669366094,"forearm_link|horseshoe_wall_37","wrist2_link|forearm_link"
"nominal_d41_limit_aware",110,0.17236893883007118,0.016678619999925391,"forearm_link|horseshoe_wall_38","wrist2_link|forearm_link"
"nominal_d41_limit_aware",111,0.17454145718130745,0.016691413732518933,"forearm_link|horseshoe_wall_38","wrist2_link|forearm_link"
"nominal_d41_limit_aware",112,0.17671657953985459,0.016718229778879254,"forearm_link|horseshoe_wall_39","wrist2_link|forearm_link"
"nominal_d41_limit_aware",113,0.17891078294156956,0.016723551432881116,"forearm_link|horseshoe_wall_39","wrist2_link|forearm_link"
"nominal_d41_limit_aware",114,0.18103487804074592,0.016692823175907937,"forearm_link|horseshoe_wall_40","wrist2_link|forearm_link"
"nominal_d41_limit_aware",115,0.18318283580079511,0.016666232316126545,"forearm_link|horseshoe_wall_41","wrist2_link|forearm_link"
"nominal_d41_limit_aware",116,0.1853292688637285,0.016643538561994197,"forearm_link|horseshoe_wall_41","wrist2_link|forearm_link"
"nominal_d41_limit_aware",117,0.18741779639918849,0.016629946162803912,"forearm_link|horseshoe_wall_42","wrist2_link|forearm_link"
"nominal_d41_limit_aware",118,0.18952381211712538,0.01662778932643251,"forearm_link|horseshoe_wall_43","wrist2_link|forearm_link"
"nominal_d41_limit_aware",119,0.19161480910785517,0.016633937929095,"forearm_link|horseshoe_wall_43","wrist2_link|forearm_link"
"nominal_d41_limit_aware",120,0.19365331775253958,0.016645099528984523,"forearm_link|horseshoe_wall_44","wrist2_link|forearm_link"
"nominal_d41_limit_aware",121,0.1957036723303805,0.016666184077442012,"forearm_link|horseshoe_wall_45","wrist2_link|forearm_link"
"nominal_d41_limit_aware",122,0.19773062247686901,0.016697234642067148,"forearm_link|horseshoe_wall_45","wrist2_link|forearm_link"
"nominal_d41_limit_aware",123,0.19970569819024289,0.016735997046029565,"forearm_link|horseshoe_wall_46","wrist2_link|forearm_link"
"nominal_d41_limit_aware",124,0.20000000000000001,0.016765506079783884,"base_link|tunnel_floor","wrist2_link|forearm_link"
"nominal_d41_limit_aware",125,0.20000000000000001,0.016759304139505379,"base_link|tunnel_floor","wrist2_link|forearm_link"
"nominal_d41_limit_aware",126,0.20000000000000001,0.016749446417763672,"base_link|tunnel_floor","wrist2_link|forearm_link"
"nominal_d41_limit_aware",127,0.20000000000000001,0.016737491188302211,"base_link|tunnel_floor","wrist2_link|forearm_link"
"nominal_d41_limit_aware",128,0.20000000000000001,0.016733761820522702,"base_link|tunnel_floor","wrist2_link|forearm_link"
"nominal_d41_limit_aware",129,0.20000000000000001,0.016738291436867739,"base_link|tunnel_floor","wrist2_link|forearm_link"
"nominal_d41_limit_aware",130,0.20000000000000001,0.016746293797684914,"base_link|tunnel_floor","wrist2_link|forearm_link"
"nominal_d41_limit_aware",131,0.20000000000000001,0.016761730010817936,"base_link|tunnel_floor","wrist2_link|forearm_link"
"nominal_d41_limit_aware",132,0.20000000000000001,0.01678518044823599,"base_link|tunnel_floor","wrist2_link|forearm_link"
"nominal_d41_limit_aware",133,0.20000000000000001,0.016815901684926141,"base_link|tunnel_floor","wrist2_link|forearm_link"
"nominal_d41_limit_aware",134,0.20000000000000001,0.016846210033822341,"base_link|tunnel_floor","wrist2_link|forearm_link"
"nominal_d41_limit_aware",135,0.20000000000000001,0.01687384591777373,"base_link|tunnel_floor","wrist2_link|forearm_link"
"nominal_d41_limit_aware",136,0.20000000000000001,0.016898900184477872,"base_link|tunnel_floor","wrist2_link|forearm_link"
"nominal_d41_limit_aware",137,0.20000000000000001,0.01689174258003397,"base_link|tunnel_floor","wrist2_link|forearm_link"
"nominal_d41_limit_aware",138,0.20000000000000001,0.01685932322516194,"base_link|tunnel_floor","wrist2_link|forearm_link"
"nominal_d41_limit_aware",139,0.20000000000000001,0.016828697093438493,"base_link|tunnel_floor","wrist2_link|forearm_link"
"nominal_d41_limit_aware",140,0.20000000000000001,0.016799930380164207,"base_link|tunnel_floor","wrist2_link|forearm_link"
"nominal_d41_limit_aware",141,0.20000000000000001,0.01677314925684192,"base_link|tunnel_floor","wrist2_link|forearm_link"
"nominal_d41_limit_aware",142,0.20000000000000001,0.01675048810662336,"base_link|tunnel_floor","wrist2_link|forearm_link"
"nominal_d41_limit_aware",143,0.20000000000000001,0.016733877635915866,"base_link|tunnel_floor","wrist2_link|forearm_link"
"nominal_d41_limit_aware",144,0.20000000000000001,0.016722128529223963,"base_link|tunnel_floor","wrist2_link|forearm_link"
"nominal_d41_limit_aware",145,0.20000000000000001,0.016714289755694875,"base_link|tunnel_floor","wrist2_link|forearm_link"
"nominal_d41_limit_aware",146,0.20000000000000001,0.016709664324736417,"base_link|tunnel_floor","wrist2_link|forearm_link"
"nominal_d41_limit_aware",147,0.20000000000000001,0.016707799308140835,"base_link|tunnel_floor","wrist2_link|forearm_link"
"nominal_d41_limit_aware",148,0.20000000000000001,0.016708472190661069,"base_link|tunnel_floor","wrist2_link|forearm_link"
"nominal_d41_limit_aware",149,0.20000000000000001,0.016711674861451687,"base_link|tunnel_floor","wrist2_link|forearm_link"
"nominal_d41_limit_aware",150,0.20000000000000001,0.016726832149598653,"base_link|tunnel_floor","wrist2_link|forearm_link"
"nominal_d41_limit_aware",151,0.20000000000000001,0.01677447428681806,"base_link|tunnel_floor","wrist2_link|forearm_link"
"nominal_d41_limit_aware",152,0.20000000000000001,0.016880787437018218,"base_link|tunnel_floor","wrist2_link|forearm_link"
"nominal_d41_limit_aware",153,0.20000000000000001,0.016780144263972223,"base_link|tunnel_floor","wrist2_link|forearm_link"
"nominal_d41_limit_aware",154,0.20000000000000001,0.016759545014535165,"base_link|tunnel_floor","wrist2_link|forearm_link"
"nominal_d41_limit_aware",155,0.20000000000000001,0.016632718665293363,"base_link|tunnel_floor","wrist2_link|forearm_link"
"nominal_d41_limit_aware",156,0.20000000000000001,0.016681720570417124,"base_link|tunnel_floor","wrist2_link|forearm_link"
"nominal_d41_limit_aware",157,0.20000000000000001,0.016841499132829008,"base_link|tunnel_floor","wrist2_link|forearm_link"
"nominal_d41_limit_aware",158,0.20000000000000001,0.01675790605406921,"base_link|tunnel_floor","wrist2_link|forearm_link"
"nominal_d41_limit_aware",159,0.20000000000000001,0.016664887633387564,"base_link|tunnel_floor","wrist2_link|forearm_link"
"nominal_d41_limit_aware",160,0.20000000000000001,0.01667913133113846,"base_link|tunnel_floor","wrist2_link|forearm_link"
"nominal_d41_limit_aware",161,0.20000000000000001,0.016747059908414373,"base_link|tunnel_floor","wrist2_link|forearm_link"
"nominal_d41_limit_aware",162,0.20000000000000001,0.01677994850739882,"base_link|tunnel_floor","wrist2_link|forearm_link"
"nominal_d41_limit_aware",163,0.20000000000000001,0.016849826108492876,"base_link|tunnel_floor","wrist2_link|forearm_link"
"nominal_d41_limit_aware",164,0.20000000000000001,0.016712862354652188,"base_link|tunnel_floor","wrist2_link|forearm_link"
"nominal_d41_limit_aware",165,0.20000000000000001,0.016684868839068528,"base_link|tunnel_floor","wrist2_link|forearm_link"
"nominal_d41_limit_aware",166,0.20000000000000001,0.016655871891513147,"base_link|tunnel_floor","wrist2_link|forearm_link"
"nominal_d41_limit_aware",167,0.20000000000000001,0.016658787017895436,"base_link|tunnel_floor","wrist2_link|forearm_link"
"nominal_d41_limit_aware",168,0.20000000000000001,0.016747291112832959,"base_link|tunnel_floor","wrist2_link|forearm_link"
"nominal_d41_limit_aware",169,0.20000000000000001,0.016778215775310877,"base_link|tunnel_floor","wrist2_link|forearm_link"
"nominal_d41_limit_aware",170,0.20000000000000001,0.016873380792488669,"base_link|tunnel_floor","wrist2_link|forearm_link"
"nominal_d41_limit_aware",171,0.20000000000000001,0.01672854598528134,"base_link|tunnel_floor","wrist2_link|forearm_link"
"nominal_d41_limit_aware",172,0.20000000000000001,0.016675228602254129,"base_link|tunnel_floor","wrist2_link|forearm_link"
"nominal_d41_limit_aware",173,0.20000000000000001,0.016677137509336533,"base_link|tunnel_floor","wrist2_link|forearm_link"
"nominal_d41_limit_aware",174,0.20000000000000001,0.016633492306459795,"base_link|tunnel_floor","wrist2_link|forearm_link"
"nominal_d41_limit_aware",175,0.20000000000000001,0.016766143167831905,"base_link|tunnel_floor","wrist2_link|forearm_link"
"nominal_d41_limit_aware",176,0.20000000000000001,0.016733933191161083,"base_link|tunnel_floor","wrist2_link|forearm_link"
"nominal_d41_limit_aware",177,0.20000000000000001,0.016809134665320639,"base_link|tunnel_floor","wrist2_link|forearm_link"
"nominal_d41_limit_aware",178,0.20000000000000001,0.01685271081960631,"base_link|tunnel_floor","wrist2_link|forearm_link"
"nominal_d41_limit_aware",179,0.20000000000000001,0.016726659042940704,"base_link|tunnel_floor","wrist2_link|forearm_link"
"nominal_d41_limit_aware",180,0.20000000000000001,0.016627569390579144,"base_link|tunnel_floor","wrist2_link|forearm_link"
