case_id,segment_index,alpha,discrete_sample_world_collision,discrete_sample_self_collision,native_continuous_segment_collision,continuous_contact_pairs,adaptive_subdivision_count
"nominal_d40",0,0,false,false,false,[],9
"nominal_d40",0,0.1111111111111111,false,false,false,[],9
"nominal_d40",0,0.22222222222222221,false,false,false,[],9
"nominal_d40",0,0.33333333333333331,false,false,false,[],9
"nominal_d40",0,0.44444444444444442,false,false,false,[],9
"nominal_d40",0,0.55555555555555558,false,false,false,[],9
"nominal_d40",0,0.66666666666666663,false,false,false,[],9
"nominal_d40",0,0.77777777777777779,false,false,false,[],9
"nominal_d40",0,0.88888888888888884,false,false,false,[],9
"nominal_d40",0,1,false,false,false,[],9
"nominal_d40",1,0,false,false,false,[],8
"nominal_d40",1,0.125,false,false,false,[],8
"nominal_d40",1,0.25,false,false,false,[],8
"nominal_d40",1,0.375,false,false,false,[],8
"nominal_d40",1,0.5,false,false,false,[],8
"nominal_d40",1,0.625,false,false,false,[],8
"nominal_d40",1,0.75,false,false,false,[],8
"nominal_d40",1,0.875,false,false,false,[],8
"nominal_d40",1,1,false,false,false,[],8
"nominal_d40",2,0,false,false,false,[],9
"nominal_d40",2,0.1111111111111111,false,false,false,[],9
"nominal_d40",2,0.22222222222222221,false,false,false,[],9
"nominal_d40",2,0.33333333333333331,false,false,false,[],9
"nominal_d40",2,0.44444444444444442,false,false,false,[],9
"nominal_d40",2,0.55555555555555558,false,false,false,[],9
"nominal_d40",2,0.66666666666666663,false,false,false,[],9
"nominal_d40",2,0.77777777777777779,false,false,false,[],9
"nominal_d40",2,0.88888888888888884,false,false,false,[],9
"nominal_d40",2,1,false,false,false,[],9
"nominal_d40",3,0,false,false,false,[],10
"nominal_d40",3,0.10000000000000001,false,false,false,[],10
"nominal_d40",3,0.20000000000000001,false,false,false,[],10
"nominal_d40",3,0.29999999999999999,false,false,false,[],10
"nominal_d40",3,0.40000000000000002,false,false,false,[],10
"nominal_d40",3,0.5,false,false,false,[],10
"nominal_d40",3,0.59999999999999998,false,false,false,[],10
"nominal_d40",3,0.69999999999999996,false,false,false,[],10
"nominal_d40",3,0.80000000000000004,false,false,false,[],10
"nominal_d40",3,0.90000000000000002,false,false,false,[],10
"nominal_d40",3,1,false,false,false,[],10
"nominal_d40",4,0,false,false,false,[],11
"nominal_d40",4,0.090909090909090912,false,false,false,[],11
"nominal_d40",4,0.18181818181818182,false,false,false,[],11
"nominal_d40",4,0.27272727272727271,false,false,false,[],11
"nominal_d40",4,0.36363636363636365,false,false,false,[],11
"nominal_d40",4,0.45454545454545453,false,false,false,[],11
"nominal_d40",4,0.54545454545454541,false,false,false,[],11
"nominal_d40",4,0.63636363636363635,false,false,false,[],11
"nominal_d40",4,0.72727272727272729,false,false,false,[],11
"nominal_d40",4,0.81818181818181823,false,false,false,[],11
"nominal_d40",4,0.90909090909090906,false,false,false,[],11
"nominal_d40",4,1,false,false,false,[],11
"nominal_d40",5,0,false,false,false,[],15
"nominal_d40",5,0.066666666666666666,false,false,false,[],15
"nominal_d40",5,0.13333333333333333,false,false,false,[],15
"nominal_d40",5,0.20000000000000001,false,false,false,[],15
"nominal_d40",5,0.26666666666666666,false,false,false,[],15
"nominal_d40",5,0.33333333333333331,false,false,false,[],15
"nominal_d40",5,0.40000000000000002,false,false,false,[],15
"nominal_d40",5,0.46666666666666667,false,false,false,[],15
"nominal_d40",5,0.53333333333333333,false,false,false,[],15
"nominal_d40",5,0.59999999999999998,false,false,false,[],15
"nominal_d40",5,0.66666666666666663,false,false,false,[],15
"nominal_d40",5,0.73333333333333328,false,false,false,[],15
"nominal_d40",5,0.80000000000000004,false,false,false,[],15
"nominal_d40",5,0.8666666666666667,false,false,false,[],15
"nominal_d40",5,0.93333333333333335,false,false,false,[],15
"nominal_d40",5,1,false,false,false,[],15
"nominal_d40",6,0,false,false,false,[],20
"nominal_d40",6,0.050000000000000003,false,false,false,[],20
"nominal_d40",6,0.10000000000000001,false,false,false,[],20
"nominal_d40",6,0.14999999999999999,false,false,false,[],20
"nominal_d40",6,0.20000000000000001,false,false,false,[],20
"nominal_d40",6,0.25,false,false,false,[],20
"nominal_d40",6,0.29999999999999999,false,false,false,[],20
"nominal_d40",6,0.34999999999999998,false,false,false,[],20
"nominal_d40",6,0.40000000000000002,false,false,false,[],20
"nominal_d40",6,0.45000000000000001,false,false,false,[],20
"nominal_d40",6,0.5,false,false,false,[],20
"nominal_d40",6,0.55000000000000004,false,false,false,[],20
"nominal_d40",6,0.59999999999999998,false,false,false,[],20
"nominal_d40",6,0.65000000000000002,false,false,false,[],20
"nominal_d40",6,0.69999999999999996,false,false,false,[],20
"nominal_d40",6,0.75,false,false,false,[],20
"nominal_d40",6,0.80000000000000004,false,false,false,[],20
"nominal_d40",6,0.84999999999999998,false,false,false,[],20
"nominal_d40",6,0.90000000000000002,false,false,false,[],20
"nominal_d40",6,0.94999999999999996,false,false,false,[],20
"nominal_d40",6,1,false,false,false,[],20
"nominal_d40",7,0,false,false,false,[],16
"nominal_d40",7,0.0625,false,false,false,[],16
"nominal_d40",7,0.125,false,false,false,[],16
"nominal_d40",7,0.1875,false,false,false,[],16
"nominal_d40",7,0.25,false,false,false,[],16
"nominal_d40",7,0.3125,false,false,false,[],16
"nominal_d40",7,0.375,false,false,false,[],16
"nominal_d40",7,0.4375,false,false,false,[],16
"nominal_d40",7,0.5,false,false,false,[],16
"nominal_d40",7,0.5625,false,false,false,[],16
"nominal_d40",7,0.625,false,false,false,[],16
"nominal_d40",7,0.6875,false,false,false,[],16
"nominal_d40",7,0.75,false,false,false,[],16
"nominal_d40",7,0.8125,false,false,false,[],16
"nominal_d40",7,0.875,false,false,false,[],16
"nominal_d40",7,0.9375,false,false,false,[],16
"nominal_d40",7,1,false,false,false,[],16
"nominal_d40",8,0,false,false,false,[],12
"nominal_d40",8,0.083333333333333329,false,false,false,[],12
"nominal_d40",8,0.16666666666666666,false,false,false,[],12
"nominal_d40",8,0.25,false,false,false,[],12
"nominal_d40",8,0.33333333333333331,false,false,false,[],12
"nominal_d40",8,0.41666666666666669,false,false,false,[],12
"nominal_d40",8,0.5,false,false,false,[],12
"nominal_d40",8,0.58333333333333337,false,false,false,[],12
"nominal_d40",8,0.66666666666666663,false,false,false,[],12
"nominal_d40",8,0.75,false,false,false,[],12
"nominal_d40",8,0.83333333333333337,false,false,false,[],12
"nominal_d40",8,0.91666666666666663,false,false,false,[],12
"nominal_d40",8,1,false,false,false,[],12
"nominal_d40",9,0,false,false,false,[],9
"nominal_d40",9,0.1111111111111111,false,false,false,[],9
"nominal_d40",9,0.22222222222222221,false,false,false,[],9
"nominal_d40",9,0.33333333333333331,false,false,false,[],9
"nominal_d40",9,0.44444444444444442,false,false,false,[],9
"nominal_d40",9,0.55555555555555558,false,false,false,[],9
"nominal_d40",9,0.66666666666666663,false,false,false,[],9
"nominal_d40",9,0.77777777777777779,false,false,false,[],9
"nominal_d40",9,0.88888888888888884,false,false,false,[],9
"nominal_d40",9,1,false,false,false,[],9
"nominal_d40",10,0,false,false,false,[],7
"nominal_d40",10,0.14285714285714285,false,false,false,[],7
"nominal_d40",10,0.2857142857142857,false,false,false,[],7
"nominal_d40",10,0.42857142857142855,false,false,false,[],7
"nominal_d40",10,0.5714285714285714,false,false,false,[],7
"nominal_d40",10,0.7142857142857143,false,false,false,[],7
"nominal_d40",10,0.8571428571428571,false,false,false,[],7
"nominal_d40",10,1,false,false,false,[],7
"nominal_d40",11,0,false,false,false,[],4
"nominal_d40",11,0.25,false,false,false,[],4
"nominal_d40",11,0.5,false,false,false,[],4
"nominal_d40",11,0.75,false,false,false,[],4
"nominal_d40",11,1,false,false,false,[],4
"nominal_d40",12,0,false,false,false,[],4
"nominal_d40",12,0.25,false,false,false,[],4
"nominal_d40",12,0.5,false,false,false,[],4
"nominal_d40",12,0.75,false,false,false,[],4
"nominal_d40",12,1,false,false,false,[],4
"nominal_d40",13,0,false,false,false,[],4
"nominal_d40",13,0.25,false,false,false,[],4
"nominal_d40",13,0.5,false,false,false,[],4
"nominal_d40",13,0.75,false,false,false,[],4
"nominal_d40",13,1,false,false,false,[],4
"nominal_d40",14,0,false,false,false,[],5
"nominal_d40",14,0.20000000000000001,false,false,false,[],5
"nominal_d40",14,0.40000000000000002,false,false,false,[],5
"nominal_d40",14,0.59999999999999998,false,false,false,[],5
"nominal_d40",14,0.80000000000000004,false,false,false,[],5
"nominal_d40",14,1,false,false,false,[],5
"nominal_d40",15,0,false,false,false,[],30
"nominal_d40",15,0.033333333333333333,false,false,false,[],30
"nominal_d40",15,0.066666666666666666,false,false,false,[],30
"nominal_d40",15,0.10000000000000001,false,false,false,[],30
"nominal_d40",15,0.13333333333333333,false,false,false,[],30
"nominal_d40",15,0.16666666666666666,false,false,false,[],30
"nominal_d40",15,0.20000000000000001,false,false,false,[],30
"nominal_d40",15,0.23333333333333334,false,false,false,[],30
"nominal_d40",15,0.26666666666666666,false,false,false,[],30
"nominal_d40",15,0.29999999999999999,false,false,false,[],30
"nominal_d40",15,0.33333333333333331,false,false,false,[],30
"nominal_d40",15,0.36666666666666664,false,false,false,[],30
"nominal_d40",15,0.40000000000000002,false,false,false,[],30
"nominal_d40",15,0.43333333333333335,false,false,false,[],30
"nominal_d40",15,0.46666666666666667,false,false,false,[],30
"nominal_d40",15,0.5,false,false,false,[],30
"nominal_d40",15,0.53333333333333333,false,false,false,[],30
"nominal_d40",15,0.56666666666666665,false,false,false,[],30
"nominal_d40",15,0.59999999999999998,false,false,false,[],30
"nominal_d40",15,0.6333333333333333,false,false,false,[],30
"nominal_d40",15,0.66666666666666663,false,false,false,[],30
"nominal_d40",15,0.69999999999999996,false,false,false,[],30
"nominal_d40",15,0.73333333333333328,false,false,false,[],30
"nominal_d40",15,0.76666666666666672,false,false,false,[],30
"nominal_d40",15,0.80000000000000004,false,false,false,[],30
"nominal_d40",15,0.83333333333333337,false,false,false,[],30
"nominal_d40",15,0.8666666666666667,false,false,false,[],30
"nominal_d40",15,0.90000000000000002,false,false,false,[],30
"nominal_d40",15,0.93333333333333335,false,false,false,[],30
"nominal_d40",15,0.96666666666666667,false,false,false,[],30
"nominal_d40",15,1,false,false,false,[],30
"nominal_d40",16,0,false,false,false,[],8
"nominal_d40",16,0.125,false,false,false,[],8
"nominal_d40",16,0.25,false,false,false,[],8
"nominal_d40",16,0.375,false,false,false,[],8
"nominal_d40",16,0.5,false,false,false,[],8
"nominal_d40",16,0.625,false,false,false,[],8
"nominal_d40",16,0.75,false,false,false,[],8
"nominal_d40",16,0.875,false,false,false,[],8
"nominal_d40",16,1,false,false,false,[],8
"nominal_d40",17,0,false,false,false,[],8
"nominal_d40",17,0.125,false,false,false,[],8
"nominal_d40",17,0.25,false,false,false,[],8
"nominal_d40",17,0.375,false,false,false,[],8
"nominal_d40",17,0.5,false,false,false,[],8
"nominal_d40",17,0.625,false,false,false,[],8
"nominal_d40",17,0.75,false,false,false,[],8
"nominal_d40",17,0.875,false,false,false,[],8
"nominal_d40",17,1,false,false,false,[],8
"nominal_d40",18,0,false,false,false,[],7
"nominal_d40",18,0.14285714285714285,false,false,false,[],7
"nominal_d40",18,0.2857142857142857,false,false,false,[],7
"nominal_d40",18,0.42857142857142855,false,false,false,[],7
"nominal_d40",18,0.5714285714285714,false,false,false,[],7
"nominal_d40",18,0.7142857142857143,false,false,false,[],7
"nominal_d40",18,0.8571428571428571,false,false,false,[],7
"nominal_d40",18,1,false,false,false,[],7
"nominal_d40",19,0,false,false,false,[],7
"nominal_d40",19,0.14285714285714285,false,false,false,[],7
"nominal_d40",19,0.2857142857142857,false,false,false,[],7
"nominal_d40",19,0.42857142857142855,false,false,false,[],7
"nominal_d40",19,0.5714285714285714,false,false,false,[],7
"nominal_d40",19,0.7142857142857143,false,false,false,[],7
"nominal_d40",19,0.8571428571428571,false,false,false,[],7
"nominal_d40",19,1,false,false,false,[],7
"nominal_d40",20,0,false,false,false,[],6
"nominal_d40",20,0.16666666666666666,false,false,false,[],6
"nominal_d40",20,0.33333333333333331,false,false,false,[],6
"nominal_d40",20,0.5,false,false,false,[],6
"nominal_d40",20,0.66666666666666663,false,false,false,[],6
"nominal_d40",20,0.83333333333333337,false,false,false,[],6
"nominal_d40",20,1,false,false,false,[],6
"nominal_d40",21,0,false,false,false,[],5
"nominal_d40",21,0.20000000000000001,false,false,false,[],5
"nominal_d40",21,0.40000000000000002,false,false,false,[],5
"nominal_d40",21,0.59999999999999998,false,false,false,[],5
"nominal_d40",21,0.80000000000000004,false,false,false,[],5
"nominal_d40",21,1,false,false,false,[],5
"nominal_d40",22,0,false,false,false,[],5
"nominal_d40",22,0.20000000000000001,false,false,false,[],5
"nominal_d40",22,0.40000000000000002,false,false,false,[],5
"nominal_d40",22,0.59999999999999998,false,false,false,[],5
"nominal_d40",22,0.80000000000000004,false,false,false,[],5
"nominal_d40",22,1,false,false,false,[],5
"nominal_d40",23,0,false,false,false,[],8
"nominal_d40",23,0.125,false,false,false,[],8
"nominal_d40",23,0.25,false,false,false,[],8
"nominal_d40",23,0.375,false,false,false,[],8
"nominal_d40",23,0.5,false,false,false,[],8
"nominal_d40",23,0.625,false,false,false,[],8
"nominal_d40",23,0.75,false,false,false,[],8
"nominal_d40",23,0.875,false,false,false,[],8
"nominal_d40",23,1,false,false,false,[],8
"nominal_d40",24,0,false,false,false,[],12
"nominal_d40",24,0.083333333333333329,false,false,false,[],12
"nominal_d40",24,0.16666666666666666,false,false,false,[],12
"nominal_d40",24,0.25,false,false,false,[],12
"nominal_d40",24,0.33333333333333331,false,false,false,[],12
"nominal_d40",24,0.41666666666666669,false,false,false,[],12
"nominal_d40",24,0.5,false,false,false,[],12
"nominal_d40",24,0.58333333333333337,false,false,false,[],12
"nominal_d40",24,0.66666666666666663,false,false,false,[],12
"nominal_d40",24,0.75,false,false,false,[],12
"nominal_d40",24,0.83333333333333337,false,false,false,[],12
"nominal_d40",24,0.91666666666666663,false,false,false,[],12
"nominal_d40",24,1,false,false,false,[],12
"nominal_d40",25,0,false,false,false,[],14
"nominal_d40",25,0.071428571428571425,false,false,false,[],14
"nominal_d40",25,0.14285714285714285,false,false,false,[],14
"nominal_d40",25,0.21428571428571427,false,false,false,[],14
"nominal_d40",25,0.2857142857142857,false,false,false,[],14
"nominal_d40",25,0.35714285714285715,false,false,false,[],14
"nominal_d40",25,0.42857142857142855,false,false,false,[],14
"nominal_d40",25,0.5,false,false,false,[],14
"nominal_d40",25,0.5714285714285714,false,false,false,[],14
"nominal_d40",25,0.6428571428571429,false,false,false,[],14
"nominal_d40",25,0.7142857142857143,false,false,false,[],14
"nominal_d40",25,0.7857142857142857,false,false,false,[],14
"nominal_d40",25,0.8571428571428571,false,false,false,[],14
"nominal_d40",25,0.9285714285714286,false,false,false,[],14
"nominal_d40",25,1,false,false,false,[],14
"nominal_d40",26,0,false,false,false,[],10
"nominal_d40",26,0.10000000000000001,false,false,false,[],10
"nominal_d40",26,0.20000000000000001,false,false,false,[],10
"nominal_d40",26,0.29999999999999999,false,false,false,[],10
"nominal_d40",26,0.40000000000000002,false,false,false,[],10
"nominal_d40",26,0.5,false,false,false,[],10
"nominal_d40",26,0.59999999999999998,false,false,false,[],10
"nominal_d40",26,0.69999999999999996,false,false,false,[],10
"nominal_d40",26,0.80000000000000004,false,false,false,[],10
"nominal_d40",26,0.90000000000000002,false,false,false,[],10
"nominal_d40",26,1,false,false,false,[],10
"nominal_d40",27,0,false,false,false,[],7
"nominal_d40",27,0.14285714285714285,false,false,false,[],7
"nominal_d40",27,0.2857142857142857,false,false,false,[],7
"nominal_d40",27,0.42857142857142855,false,false,false,[],7
"nominal_d40",27,0.5714285714285714,false,false,false,[],7
"nominal_d40",27,0.7142857142857143,false,false,false,[],7
"nominal_d40",27,0.8571428571428571,false,false,false,[],7
"nominal_d40",27,1,false,false,false,[],7
"nominal_d40",28,0,false,false,false,[],4
"nominal_d40",28,0.25,false,false,false,[],4
"nominal_d40",28,0.5,false,false,false,[],4
"nominal_d40",28,0.75,false,false,false,[],4
"nominal_d40",28,1,false,false,false,[],4
"nominal_d40",29,0,false,false,false,[],3
"nominal_d40",29,0.33333333333333331,false,false,false,[],3
"nominal_d40",29,0.66666666666666663,false,false,false,[],3
"nominal_d40",29,1,false,false,false,[],3
"nominal_d40",30,0,false,false,false,[],4
"nominal_d40",30,0.25,false,false,false,[],4
"nominal_d40",30,0.5,false,false,false,[],4
"nominal_d40",30,0.75,false,false,false,[],4
"nominal_d40",30,1,false,false,false,[],4
"nominal_d40",31,0,false,false,false,[],4
"nominal_d40",31,0.25,false,false,false,[],4
"nominal_d40",31,0.5,false,false,false,[],4
"nominal_d40",31,0.75,false,false,false,[],4
"nominal_d40",31,1,false,false,false,[],4
"nominal_d40",32,0,false,false,false,[],4
"nominal_d40",32,0.25,false,false,false,[],4
"nominal_d40",32,0.5,false,false,false,[],4
"nominal_d40",32,0.75,false,false,false,[],4
"nominal_d40",32,1,false,false,false,[],4
"nominal_d40",33,0,false,false,false,[],4
"nominal_d40",33,0.25,false,false,false,[],4
"nominal_d40",33,0.5,false,false,false,[],4
"nominal_d40",33,0.75,false,false,false,[],4
"nominal_d40",33,1,false,false,false,[],4
"nominal_d40",34,0,false,false,false,[],5
"nominal_d40",34,0.20000000000000001,false,false,false,[],5
"nominal_d40",34,0.40000000000000002,false,false,false,[],5
"nominal_d40",34,0.59999999999999998,false,false,false,[],5
"nominal_d40",34,0.80000000000000004,false,false,false,[],5
"nominal_d40",34,1,false,false,false,[],5
"nominal_d40",35,0,false,false,false,[],5
"nominal_d40",35,0.20000000000000001,false,false,false,[],5
"nominal_d40",35,0.40000000000000002,false,false,false,[],5
"nominal_d40",35,0.59999999999999998,false,false,false,[],5
"nominal_d40",35,0.80000000000000004,false,false,false,[],5
"nominal_d40",35,1,false,false,false,[],5
"nominal_d40",36,0,false,false,false,[],5
"nominal_d40",36,0.20000000000000001,false,false,false,[],5
"nominal_d40",36,0.40000000000000002,false,false,false,[],5
"nominal_d40",36,0.59999999999999998,false,false,false,[],5
"nominal_d40",36,0.80000000000000004,false,false,false,[],5
"nominal_d40",36,1,false,false,false,[],5
"nominal_d40",37,0,false,false,false,[],5
"nominal_d40",37,0.20000000000000001,false,false,false,[],5
"nominal_d40",37,0.40000000000000002,false,false,false,[],5
"nominal_d40",37,0.59999999999999998,false,false,false,[],5
"nominal_d40",37,0.80000000000000004,false,false,false,[],5
"nominal_d40",37,1,false,false,false,[],5
"nominal_d40",38,0,false,false,false,[],5
"nominal_d40",38,0.20000000000000001,false,false,false,[],5
"nominal_d40",38,0.40000000000000002,false,false,false,[],5
"nominal_d40",38,0.59999999999999998,false,false,false,[],5
"nominal_d40",38,0.80000000000000004,false,false,false,[],5
"nominal_d40",38,1,false,false,false,[],5
"nominal_d40",39,0,false,false,false,[],5
"nominal_d40",39,0.20000000000000001,false,false,false,[],5
"nominal_d40",39,0.40000000000000002,false,false,false,[],5
"nominal_d40",39,0.59999999999999998,false,false,false,[],5
"nominal_d40",39,0.80000000000000004,false,false,false,[],5
"nominal_d40",39,1,false,false,false,[],5
"nominal_d40",40,0,false,false,false,[],5
"nominal_d40",40,0.20000000000000001,false,false,false,[],5
"nominal_d40",40,0.40000000000000002,false,false,false,[],5
"nominal_d40",40,0.59999999999999998,false,false,false,[],5
"nominal_d40",40,0.80000000000000004,false,false,false,[],5
"nominal_d40",40,1,false,false,false,[],5
"nominal_d40",41,0,false,false,false,[],5
"nominal_d40",41,0.20000000000000001,false,false,false,[],5
"nominal_d40",41,0.40000000000000002,false,false,false,[],5
"nominal_d40",41,0.59999999999999998,false,false,false,[],5
"nominal_d40",41,0.80000000000000004,false,false,false,[],5
"nominal_d40",41,1,false,false,false,[],5
"nominal_d40",42,0,false,false,false,[],5
"nominal_d40",42,0.20000000000000001,false,false,false,[],5
"nominal_d40",42,0.40000000000000002,false,false,false,[],5
"nominal_d40",42,0.59999999999999998,false,false,false,[],5
"nominal_d40",42,0.80000000000000004,false,false,false,[],5
"nominal_d40",42,1,false,false,false,[],5
"nominal_d40",43,0,false,false,false,[],5
"nominal_d40",43,0.20000000000000001,false,false,false,[],5
"nominal_d40",43,0.40000000000000002,false,false,false,[],5
"nominal_d40",43,0.59999999999999998,false,false,false,[],5
"nominal_d40",43,0.80000000000000004,false,false,false,[],5
"nominal_d40",43,1,false,false,false,[],5
"nominal_d40",44,0,false,false,false,[],5
"nominal_d40",44,0.20000000000000001,false,false,false,[],5
"nominal_d40",44,0.40000000000000002,false,false,false,[],5
"nominal_d40",44,0.59999999999999998,false,false,false,[],5
"nominal_d40",44,0.80000000000000004,false,false,false,[],5
"nominal_d40",44,1,false,false,false,[],5
"nominal_d40",45,0,false,false,false,[],5
"nominal_d40",45,0.20000000000000001,false,false,false,[],5
"nominal_d40",45,0.40000000000000002,false,false,false,[],5
"nominal_d40",45,0.59999999999999998,false,false,false,[],5
"nominal_d40",45,0.80000000000000004,false,false,false,[],5
"nominal_d40",45,1,false,false,false,[],5
"nominal_d40",46,0,false,false,false,[],5
"nominal_d40",46,0.20000000000000001,false,false,false,[],5
"nominal_d40",46,0.40000000000000002,false,false,false,[],5
"nominal_d40",46,0.59999999999999998,false,false,false,[],5
"nominal_d40",46,0.80000000000000004,false,false,false,[],5
"nominal_d40",46,1,false,false,false,[],5
"nominal_d40",47,0,false,false,false,[],5
"nominal_d40",47,0.20000000000000001,false,false,false,[],5
"nominal_d40",47,0.40000000000000002,false,false,false,[],5
"nominal_d40",47,0.59999999999999998,false,false,false,[],5
"nominal_d40",47,0.80000000000000004,false,false,false,[],5
"nominal_d40",47,1,false,false,false,[],5
"nominal_d40",48,0,false,false,false,[],5
"nominal_d40",48,0.20000000000000001,false,false,false,[],5
"nominal_d40",48,0.40000000000000002,false,false,false,[],5
"nominal_d40",48,0.59999999999999998,false,false,false,[],5
"nominal_d40",48,0.80000000000000004,false,false,false,[],5
"nominal_d40",48,1,false,false,false,[],5
"nominal_d40",49,0,false,false,false,[],5
"nominal_d40",49,0.20000000000000001,false,false,false,[],5
"nominal_d40",49,0.40000000000000002,false,false,false,[],5
"nominal_d40",49,0.59999999999999998,false,false,false,[],5
"nominal_d40",49,0.80000000000000004,false,false,false,[],5
"nominal_d40",49,1,false,false,false,[],5
"nominal_d40",50,0,false,false,false,[],5
"nominal_d40",50,0.20000000000000001,false,false,false,[],5
"nominal_d40",50,0.40000000000000002,false,false,false,[],5
"nominal_d40",50,0.59999999999999998,false,false,false,[],5
"nominal_d40",50,0.80000000000000004,false,false,false,[],5
"nominal_d40",50,1,false,false,false,[],5
"nominal_d40",51,0,false,false,false,[],5
"nominal_d40",51,0.20000000000000001,false,false,false,[],5
"nominal_d40",51,0.40000000000000002,false,false,false,[],5
"nominal_d40",51,0.59999999999999998,false,false,false,[],5
"nominal_d40",51,0.80000000000000004,false,false,false,[],5
"nominal_d40",51,1,false,false,false,[],5
"nominal_d40",52,0,false,false,false,[],5
"nominal_d40",52,0.20000000000000001,false,false,false,[],5
"nominal_d40",52,0.40000000000000002,false,false,false,[],5
"nominal_d40",52,0.59999999999999998,false,false,false,[],5
"nominal_d40",52,0.80000000000000004,false,false,false,[],5
"nominal_d40",52,1,false,false,false,[],5
"nominal_d40",53,0,false,false,false,[],5
"nominal_d40",53,0.20000000000000001,false,false,false,[],5
"nominal_d40",53,0.40000000000000002,false,false,false,[],5
"nominal_d40",53,0.59999999999999998,false,false,false,[],5
"nominal_d40",53,0.80000000000000004,false,false,false,[],5
"nominal_d40",53,1,false,false,false,[],5
"nominal_d40",54,0,false,false,false,[],5
"nominal_d40",54,0.20000000000000001,false,false,false,[],5
"nominal_d40",54,0.40000000000000002,false,false,false,[],5
"nominal_d40",54,0.59999999999999998,false,false,false,[],5
"nominal_d40",54,0.80000000000000004,false,false,false,[],5
"nominal_d40",54,1,false,false,false,[],5
"nominal_d40",55,0,false,false,false,[],5
"nominal_d40",55,0.20000000000000001,false,false,false,[],5
"nominal_d40",55,0.40000000000000002,false,false,false,[],5
"nominal_d40",55,0.59999999999999998,false,false,false,[],5
"nominal_d40",55,0.80000000000000004,false,false,false,[],5
"nominal_d40",55,1,false,false,false,[],5
"nominal_d40",56,0,false,false,false,[],5
"nominal_d40",56,0.20000000000000001,false,false,false,[],5
"nominal_d40",56,0.40000000000000002,false,false,false,[],5
"nominal_d40",56,0.59999999999999998,false,false,false,[],5
"nominal_d40",56,0.80000000000000004,false,false,false,[],5
"nominal_d40",56,1,false,false,false,[],5
"nominal_d40",57,0,false,false,false,[],5
"nominal_d40",57,0.20000000000000001,false,false,false,[],5
"nominal_d40",57,0.40000000000000002,false,false,false,[],5
"nominal_d40",57,0.59999999999999998,false,false,false,[],5
"nominal_d40",57,0.80000000000000004,false,false,false,[],5
"nominal_d40",57,1,false,false,false,[],5
"nominal_d40",58,0,false,false,false,[],5
"nominal_d40",58,0.20000000000000001,false,false,false,[],5
"nominal_d40",58,0.40000000000000002,false,false,false,[],5
"nominal_d40",58,0.59999999999999998,false,false,false,[],5
"nominal_d40",58,0.80000000000000004,false,false,false,[],5
"nominal_d40",58,1,false,false,false,[],5
"nominal_d40",59,0,false,false,false,[],5
"nominal_d40",59,0.20000000000000001,false,false,false,[],5
"nominal_d40",59,0.40000000000000002,false,false,false,[],5
"nominal_d40",59,0.59999999999999998,false,false,false,[],5
"nominal_d40",59,0.80000000000000004,false,false,false,[],5
"nominal_d40",59,1,false,false,false,[],5
"nominal_d40",60,0,false,false,false,[],5
"nominal_d40",60,0.20000000000000001,false,false,false,[],5
"nominal_d40",60,0.40000000000000002,false,false,false,[],5
"nominal_d40",60,0.59999999999999998,false,false,false,[],5
"nominal_d40",60,0.80000000000000004,false,false,false,[],5
"nominal_d40",60,1,false,false,false,[],5
"nominal_d40",61,0,false,false,false,[],5
"nominal_d40",61,0.20000000000000001,false,false,false,[],5
"nominal_d40",61,0.40000000000000002,false,false,false,[],5
"nominal_d40",61,0.59999999999999998,false,false,false,[],5
"nominal_d40",61,0.80000000000000004,false,false,false,[],5
"nominal_d40",61,1,false,false,false,[],5
"nominal_d40",62,0,false,false,false,[],6
"nominal_d40",62,0.16666666666666666,false,false,false,[],6
"nominal_d40",62,0.33333333333333331,false,false,false,[],6
"nominal_d40",62,0.5,false,false,false,[],6
"nominal_d40",62,0.66666666666666663,false,false,false,[],6
"nominal_d40",62,0.83333333333333337,false,false,false,[],6
"nominal_d40",62,1,false,false,false,[],6
"nominal_d40",63,0,false,false,false,[],6
"nominal_d40",63,0.16666666666666666,false,false,false,[],6
"nominal_d40",63,0.33333333333333331,false,false,false,[],6
"nominal_d40",63,0.5,false,false,false,[],6
"nominal_d40",63,0.66666666666666663,false,false,false,[],6
"nominal_d40",63,0.83333333333333337,false,false,false,[],6
"nominal_d40",63,1,false,false,false,[],6
"nominal_d40",64,0,false,false,false,[],6
"nominal_d40",64,0.16666666666666666,false,false,false,[],6
"nominal_d40",64,0.33333333333333331,false,false,false,[],6
"nominal_d40",64,0.5,false,false,false,[],6
"nominal_d40",64,0.66666666666666663,false,false,false,[],6
"nominal_d40",64,0.83333333333333337,false,false,false,[],6
"nominal_d40",64,1,false,false,false,[],6
"nominal_d40",65,0,false,false,false,[],6
"nominal_d40",65,0.16666666666666666,false,false,false,[],6
"nominal_d40",65,0.33333333333333331,false,false,false,[],6
"nominal_d40",65,0.5,false,false,false,[],6
"nominal_d40",65,0.66666666666666663,false,false,false,[],6
"nominal_d40",65,0.83333333333333337,false,false,false,[],6
"nominal_d40",65,1,false,false,false,[],6
"nominal_d40",66,0,false,false,false,[],6
"nominal_d40",66,0.16666666666666666,false,false,false,[],6
"nominal_d40",66,0.33333333333333331,false,false,false,[],6
"nominal_d40",66,0.5,false,false,false,[],6
"nominal_d40",66,0.66666666666666663,false,false,false,[],6
"nominal_d40",66,0.83333333333333337,false,false,false,[],6
"nominal_d40",66,1,false,false,false,[],6
"nominal_d40",67,0,false,false,false,[],6
"nominal_d40",67,0.16666666666666666,false,false,false,[],6
"nominal_d40",67,0.33333333333333331,false,false,false,[],6
"nominal_d40",67,0.5,false,false,false,[],6
"nominal_d40",67,0.66666666666666663,false,false,false,[],6
"nominal_d40",67,0.83333333333333337,false,false,false,[],6
"nominal_d40",67,1,false,false,false,[],6
"nominal_d40",68,0,false,false,false,[],6
"nominal_d40",68,0.16666666666666666,false,false,false,[],6
"nominal_d40",68,0.33333333333333331,false,false,false,[],6
"nominal_d40",68,0.5,false,false,false,[],6
"nominal_d40",68,0.66666666666666663,false,false,false,[],6
"nominal_d40",68,0.83333333333333337,false,false,false,[],6
"nominal_d40",68,1,false,false,false,[],6
"nominal_d40",69,0,false,false,false,[],6
"nominal_d40",69,0.16666666666666666,false,false,false,[],6
"nominal_d40",69,0.33333333333333331,false,false,false,[],6
"nominal_d40",69,0.5,false,false,false,[],6
"nominal_d40",69,0.66666666666666663,false,false,false,[],6
"nominal_d40",69,0.83333333333333337,false,false,false,[],6
"nominal_d40",69,1,false,false,false,[],6
"nominal_d40",70,0,false,false,false,[],6
"nominal_d40",70,0.16666666666666666,false,false,false,[],6
"nominal_d40",70,0.33333333333333331,false,false,false,[],6
"nominal_d40",70,0.5,false,false,false,[],6
"nominal_d40",70,0.66666666666666663,false,false,false,[],6
"nominal_d40",70,0.83333333333333337,false,false,false,[],6
"nominal_d40",70,1,false,false,false,[],6
"nominal_d40",71,0,false,false,false,[],7
"nominal_d40",71,0.14285714285714285,false,false,false,[],7
"nominal_d40",71,0.2857142857142857,false,false,false,[],7
"nominal_d40",71,0.42857142857142855,false,false,false,[],7
"nominal_d40",71,0.5714285714285714,false,false,false,[],7
"nominal_d40",71,0.7142857142857143,false,false,false,[],7
"nominal_d40",71,0.8571428571428571,false,false,false,[],7
"nominal_d40",71,1,false,false,false,[],7
"nominal_d40",72,0,false,false,false,[],7
"nominal_d40",72,0.14285714285714285,false,false,false,[],7
"nominal_d40",72,0.2857142857142857,false,false,false,[],7
"nominal_d40",72,0.42857142857142855,false,false,false,[],7
"nominal_d40",72,0.5714285714285714,false,false,false,[],7
"nominal_d40",72,0.7142857142857143,false,false,false,[],7
"nominal_d40",72,0.8571428571428571,false,false,false,[],7
"nominal_d40",72,1,false,false,false,[],7
"nominal_d40",73,0,false,false,false,[],7
"nominal_d40",73,0.14285714285714285,false,false,false,[],7
"nominal_d40",73,0.2857142857142857,false,false,false,[],7
"nominal_d40",73,0.42857142857142855,false,false,false,[],7
"nominal_d40",73,0.5714285714285714,false,false,false,[],7
"nominal_d40",73,0.7142857142857143,false,false,false,[],7
"nominal_d40",73,0.8571428571428571,false,false,false,[],7
"nominal_d40",73,1,false,false,false,[],7
"nominal_d40",74,0,false,false,false,[],7
"nominal_d40",74,0.14285714285714285,false,false,false,[],7
"nominal_d40",74,0.2857142857142857,false,false,false,[],7
"nominal_d40",74,0.42857142857142855,false,false,false,[],7
"nominal_d40",74,0.5714285714285714,false,false,false,[],7
"nominal_d40",74,0.7142857142857143,false,false,false,[],7
"nominal_d40",74,0.8571428571428571,false,false,false,[],7
"nominal_d40",74,1,false,false,false,[],7
"nominal_d40",75,0,false,false,false,[],8
"nominal_d40",75,0.125,false,false,false,[],8
"nominal_d40",75,0.25,false,false,false,[],8
"nominal_d40",75,0.375,false,false,false,[],8
"nominal_d40",75,0.5,false,false,false,[],8
"nominal_d40",75,0.625,false,false,false,[],8
"nominal_d40",75,0.75,false,false,false,[],8
"nominal_d40",75,0.875,false,false,false,[],8
"nominal_d40",75,1,false,false,false,[],8
"nominal_d40",76,0,false,false,false,[],8
"nominal_d40",76,0.125,false,false,false,[],8
"nominal_d40",76,0.25,false,false,false,[],8
"nominal_d40",76,0.375,false,false,false,[],8
"nominal_d40",76,0.5,false,false,false,[],8
"nominal_d40",76,0.625,false,false,false,[],8
"nominal_d40",76,0.75,false,false,false,[],8
"nominal_d40",76,0.875,false,false,false,[],8
"nominal_d40",76,1,false,false,false,[],8
"nominal_d40",77,0,false,false,false,[],9
"nominal_d40",77,0.1111111111111111,false,false,false,[],9
"nominal_d40",77,0.22222222222222221,false,false,false,[],9
"nominal_d40",77,0.33333333333333331,false,false,false,[],9
"nominal_d40",77,0.44444444444444442,false,false,false,[],9
"nominal_d40",77,0.55555555555555558,false,false,false,[],9
"nominal_d40",77,0.66666666666666663,false,false,false,[],9
"nominal_d40",77,0.77777777777777779,false,false,false,[],9
"nominal_d40",77,0.88888888888888884,false,false,false,[],9
"nominal_d40",77,1,false,false,false,[],9
"nominal_d40",78,0,false,false,false,[],9
"nominal_d40",78,0.1111111111111111,false,false,false,[],9
"nominal_d40",78,0.22222222222222221,false,false,false,[],9
"nominal_d40",78,0.33333333333333331,false,false,false,[],9
"nominal_d40",78,0.44444444444444442,false,false,false,[],9
"nominal_d40",78,0.55555555555555558,false,false,false,[],9
"nominal_d40",78,0.66666666666666663,false,false,false,[],9
"nominal_d40",78,0.77777777777777779,false,false,false,[],9
"nominal_d40",78,0.88888888888888884,false,false,false,[],9
"nominal_d40",78,1,false,false,false,[],9
"nominal_d40",79,0,false,false,false,[],9
"nominal_d40",79,0.1111111111111111,false,false,false,[],9
"nominal_d40",79,0.22222222222222221,false,false,false,[],9
"nominal_d40",79,0.33333333333333331,false,false,false,[],9
"nominal_d40",79,0.44444444444444442,false,false,false,[],9
"nominal_d40",79,0.55555555555555558,false,false,false,[],9
"nominal_d40",79,0.66666666666666663,false,false,false,[],9
"nominal_d40",79,0.77777777777777779,false,false,false,[],9
"nominal_d40",79,0.88888888888888884,false,false,false,[],9
"nominal_d40",79,1,false,false,false,[],9
"nominal_d40",80,0,false,false,false,[],10
"nominal_d40",80,0.10000000000000001,false,false,false,[],10
"nominal_d40",80,0.20000000000000001,false,false,false,[],10
"nominal_d40",80,0.29999999999999999,false,false,false,[],10
"nominal_d40",80,0.40000000000000002,false,false,false,[],10
"nominal_d40",80,0.5,false,false,false,[],10
"nominal_d40",80,0.59999999999999998,false,false,false,[],10
"nominal_d40",80,0.69999999999999996,false,false,false,[],10
"nominal_d40",80,0.80000000000000004,false,false,false,[],10
"nominal_d40",80,0.90000000000000002,false,false,false,[],10
"nominal_d40",80,1,false,false,false,[],10
"nominal_d40",81,0,false,false,false,[],10
"nominal_d40",81,0.10000000000000001,false,false,false,[],10
"nominal_d40",81,0.20000000000000001,false,false,false,[],10
"nominal_d40",81,0.29999999999999999,false,false,false,[],10
"nominal_d40",81,0.40000000000000002,false,false,false,[],10
"nominal_d40",81,0.5,false,false,false,[],10
"nominal_d40",81,0.59999999999999998,false,false,false,[],10
"nominal_d40",81,0.69999999999999996,false,false,false,[],10
"nominal_d40",81,0.80000000000000004,false,false,false,[],10
"nominal_d40",81,0.90000000000000002,false,false,false,[],10
"nominal_d40",81,1,false,false,false,[],10
"nominal_d40",82,0,false,false,false,[],11
"nominal_d40",82,0.090909090909090912,false,false,false,[],11
"nominal_d40",82,0.18181818181818182,false,false,false,[],11
"nominal_d40",82,0.27272727272727271,false,false,false,[],11
"nominal_d40",82,0.36363636363636365,false,false,false,[],11
"nominal_d40",82,0.45454545454545453,false,false,false,[],11
"nominal_d40",82,0.54545454545454541,false,false,false,[],11
"nominal_d40",82,0.63636363636363635,false,false,false,[],11
"nominal_d40",82,0.72727272727272729,false,false,false,[],11
"nominal_d40",82,0.81818181818181823,false,false,false,[],11
"nominal_d40",82,0.90909090909090906,false,false,false,[],11
"nominal_d40",82,1,false,false,false,[],11
"nominal_d40",83,0,false,false,false,[],12
"nominal_d40",83,0.083333333333333329,false,false,false,[],12
"nominal_d40",83,0.16666666666666666,false,false,false,[],12
"nominal_d40",83,0.25,false,false,false,[],12
"nominal_d40",83,0.33333333333333331,false,false,false,[],12
"nominal_d40",83,0.41666666666666669,false,false,false,[],12
"nominal_d40",83,0.5,false,false,false,[],12
"nominal_d40",83,0.58333333333333337,false,false,false,[],12
"nominal_d40",83,0.66666666666666663,false,false,false,[],12
"nominal_d40",83,0.75,false,false,false,[],12
"nominal_d40",83,0.83333333333333337,false,false,false,[],12
"nominal_d40",83,0.91666666666666663,false,false,false,[],12
"nominal_d40",83,1,false,false,false,[],12
"nominal_d40",84,0,false,false,false,[],13
"nominal_d40",84,0.076923076923076927,false,false,false,[],13
"nominal_d40",84,0.15384615384615385,false,false,false,[],13
"nominal_d40",84,0.23076923076923078,false,false,false,[],13
"nominal_d40",84,0.30769230769230771,false,false,false,[],13
"nominal_d40",84,0.38461538461538464,false,false,false,[],13
"nominal_d40",84,0.46153846153846156,false,false,false,[],13
"nominal_d40",84,0.53846153846153844,false,false,false,[],13
"nominal_d40",84,0.61538461538461542,false,false,false,[],13
"nominal_d40",84,0.69230769230769229,false,false,false,[],13
"nominal_d40",84,0.76923076923076927,false,false,false,[],13
"nominal_d40",84,0.84615384615384615,false,false,false,[],13
"nominal_d40",84,0.92307692307692313,false,false,false,[],13
"nominal_d40",84,1,false,false,false,[],13
"nominal_d40",85,0,false,false,false,[],17
"nominal_d40",85,0.058823529411764705,false,false,false,[],17
"nominal_d40",85,0.11764705882352941,false,false,false,[],17
"nominal_d40",85,0.17647058823529413,false,false,false,[],17
"nominal_d40",85,0.23529411764705882,false,false,false,[],17
"nominal_d40",85,0.29411764705882354,false,false,false,[],17
"nominal_d40",85,0.35294117647058826,false,false,false,[],17
"nominal_d40",85,0.41176470588235292,false,false,false,[],17
"nominal_d40",85,0.47058823529411764,false,false,false,[],17
"nominal_d40",85,0.52941176470588236,false,false,false,[],17
"nominal_d40",85,0.58823529411764708,false,false,false,[],17
"nominal_d40",85,0.6470588235294118,false,false,false,[],17
"nominal_d40",85,0.70588235294117652,false,false,false,[],17
"nominal_d40",85,0.76470588235294112,false,false,false,[],17
"nominal_d40",85,0.82352941176470584,false,false,false,[],17
"nominal_d40",85,0.88235294117647056,false,false,false,[],17
"nominal_d40",85,0.94117647058823528,false,false,false,[],17
"nominal_d40",85,1,false,false,false,[],17
"nominal_d40",86,0,false,false,false,[],13
"nominal_d40",86,0.076923076923076927,false,false,false,[],13
"nominal_d40",86,0.15384615384615385,false,false,false,[],13
"nominal_d40",86,0.23076923076923078,false,false,false,[],13
"nominal_d40",86,0.30769230769230771,false,false,false,[],13
"nominal_d40",86,0.38461538461538464,false,false,false,[],13
"nominal_d40",86,0.46153846153846156,false,false,false,[],13
"nominal_d40",86,0.53846153846153844,false,false,false,[],13
"nominal_d40",86,0.61538461538461542,false,false,false,[],13
"nominal_d40",86,0.69230769230769229,false,false,false,[],13
"nominal_d40",86,0.76923076923076927,false,false,false,[],13
"nominal_d40",86,0.84615384615384615,false,false,false,[],13
"nominal_d40",86,0.92307692307692313,false,false,false,[],13
"nominal_d40",86,1,false,false,false,[],13
"nominal_d40",87,0,false,false,false,[],6
"nominal_d40",87,0.16666666666666666,false,false,false,[],6
"nominal_d40",87,0.33333333333333331,false,false,false,[],6
"nominal_d40",87,0.5,false,false,false,[],6
"nominal_d40",87,0.66666666666666663,false,false,false,[],6
"nominal_d40",87,0.83333333333333337,false,false,false,[],6
"nominal_d40",87,1,false,false,false,[],6
"nominal_d40",88,0,false,false,false,[],6
"nominal_d40",88,0.16666666666666666,false,false,false,[],6
"nominal_d40",88,0.33333333333333331,false,false,false,[],6
"nominal_d40",88,0.5,false,false,false,[],6
"nominal_d40",88,0.66666666666666663,false,false,false,[],6
"nominal_d40",88,0.83333333333333337,false,false,false,[],6
"nominal_d40",88,1,false,false,false,[],6
"nominal_d40",89,0,false,false,false,[],6
"nominal_d40",89,0.16666666666666666,false,false,false,[],6
"nominal_d40",89,0.33333333333333331,false,false,false,[],6
"nominal_d40",89,0.5,false,false,false,[],6
"nominal_d40",89,0.66666666666666663,false,false,false,[],6
"nominal_d40",89,0.83333333333333337,false,false,false,[],6
"nominal_d40",89,1,false,false,false,[],6
"nominal_d40",90,0,false,false,false,[],6
"nominal_d40",90,0.16666666666666666,false,false,false,[],6
"nominal_d40",90,0.33333333333333331,false,false,false,[],6
"nominal_d40",90,0.5,false,false,false,[],6
"nominal_d40",90,0.66666666666666663,false,false,false,[],6
"nominal_d40",90,0.83333333333333337,false,false,false,[],6
"nominal_d40",90,1,false,false,false,[],6
"nominal_d40",91,0,false,false,false,[],6
"nominal_d40",91,0.16666666666666666,false,false,false,[],6
"nominal_d40",91,0.33333333333333331,false,false,false,[],6
"nominal_d40",91,0.5,false,false,false,[],6
"nominal_d40",91,0.66666666666666663,false,false,false,[],6
"nominal_d40",91,0.83333333333333337,false,false,false,[],6
"nominal_d40",91,1,false,false,false,[],6
"nominal_d40",92,0,false,false,false,[],6
"nominal_d40",92,0.16666666666666666,false,false,false,[],6
"nominal_d40",92,0.33333333333333331,false,false,false,[],6
"nominal_d40",92,0.5,false,false,false,[],6
"nominal_d40",92,0.66666666666666663,false,false,false,[],6
"nominal_d40",92,0.83333333333333337,false,false,false,[],6
"nominal_d40",92,1,false,false,false,[],6
"nominal_d40",93,0,false,false,false,[],6
"nominal_d40",93,0.16666666666666666,false,false,false,[],6
"nominal_d40",93,0.33333333333333331,false,false,false,[],6
"nominal_d40",93,0.5,false,false,false,[],6
"nominal_d40",93,0.66666666666666663,false,false,false,[],6
"nominal_d40",93,0.83333333333333337,false,false,false,[],6
"nominal_d40",93,1,false,false,false,[],6
"nominal_d40",94,0,false,false,false,[],8
"nominal_d40",94,0.125,false,false,false,[],8
"nominal_d40",94,0.25,false,false,false,[],8
"nominal_d40",94,0.375,false,false,false,[],8
"nominal_d40",94,0.5,false,false,false,[],8
"nominal_d40",94,0.625,false,false,false,[],8
"nominal_d40",94,0.75,false,false,false,[],8
"nominal_d40",94,0.875,false,false,false,[],8
"nominal_d40",94,1,false,false,false,[],8
"nominal_d40",95,0,false,false,false,[],4
"nominal_d40",95,0.25,false,false,false,[],4
"nominal_d40",95,0.5,false,false,false,[],4
"nominal_d40",95,0.75,false,false,false,[],4
"nominal_d40",95,1,false,false,false,[],4
"nominal_d40",96,0,false,false,false,[],3
"nominal_d40",96,0.33333333333333331,false,false,false,[],3
"nominal_d40",96,0.66666666666666663,false,false,false,[],3
"nominal_d40",96,1,false,false,false,[],3
"nominal_d40",97,0,false,false,false,[],3
"nominal_d40",97,0.33333333333333331,false,false,false,[],3
"nominal_d40",97,0.66666666666666663,false,false,false,[],3
"nominal_d40",97,1,false,false,false,[],3
"nominal_d40",98,0,false,false,false,[],3
"nominal_d40",98,0.33333333333333331,false,false,false,[],3
"nominal_d40",98,0.66666666666666663,false,false,false,[],3
"nominal_d40",98,1,false,false,false,[],3
"nominal_d40",99,0,false,false,false,[],3
"nominal_d40",99,0.33333333333333331,false,false,false,[],3
"nominal_d40",99,0.66666666666666663,false,false,false,[],3
"nominal_d40",99,1,false,false,false,[],3
"nominal_d40",100,0,false,false,false,[],2
"nominal_d40",100,0.5,false,false,false,[],2
"nominal_d40",100,1,false,false,false,[],2
"nominal_d40",101,0,false,false,false,[],2
"nominal_d40",101,0.5,false,false,false,[],2
"nominal_d40",101,1,false,false,false,[],2
"nominal_d40",102,0,false,false,false,[],2
"nominal_d40",102,0.5,false,false,false,[],2
"nominal_d40",102,1,false,false,false,[],2
"nominal_d40",103,0,false,false,false,[],2
"nominal_d40",103,0.5,false,false,false,[],2
"nominal_d40",103,1,false,false,false,[],2
"nominal_d40",104,0,false,false,false,[],2
"nominal_d40",104,0.5,false,false,false,[],2
"nominal_d40",104,1,false,false,false,[],2
"nominal_d40",105,0,false,false,false,[],2
"nominal_d40",105,0.5,false,false,false,[],2
"nominal_d40",105,1,false,false,false,[],2
"nominal_d40",106,0,false,false,false,[],2
"nominal_d40",106,0.5,false,false,false,[],2
"nominal_d40",106,1,false,false,false,[],2
"nominal_d40",107,0,false,false,false,[],2
"nominal_d40",107,0.5,false,false,false,[],2
"nominal_d40",107,1,false,false,false,[],2
"nominal_d40",108,0,false,false,false,[],2
"nominal_d40",108,0.5,false,false,false,[],2
"nominal_d40",108,1,false,false,false,[],2
"nominal_d40",109,0,false,false,false,[],2
"nominal_d40",109,0.5,false,false,false,[],2
"nominal_d40",109,1,false,false,false,[],2
"nominal_d40",110,0,false,false,false,[],2
"nominal_d40",110,0.5,false,false,false,[],2
"nominal_d40",110,1,false,false,false,[],2
"nominal_d40",111,0,false,false,false,[],2
"nominal_d40",111,0.5,false,false,false,[],2
"nominal_d40",111,1,false,false,false,[],2
"nominal_d40",112,0,false,false,false,[],2
"nominal_d40",112,0.5,false,false,false,[],2
"nominal_d40",112,1,false,false,false,[],2
"nominal_d40",113,0,false,false,false,[],2
"nominal_d40",113,0.5,false,false,false,[],2
"nominal_d40",113,1,false,false,false,[],2
"nominal_d40",114,0,false,false,false,[],2
"nominal_d40",114,0.5,false,false,false,[],2
"nominal_d40",114,1,false,false,false,[],2
"nominal_d40",115,0,false,false,false,[],2
"nominal_d40",115,0.5,false,false,false,[],2
"nominal_d40",115,1,false,false,false,[],2
"nominal_d40",116,0,false,false,false,[],2
"nominal_d40",116,0.5,false,false,false,[],2
"nominal_d40",116,1,false,false,false,[],2
"nominal_d40",117,0,false,false,false,[],2
"nominal_d40",117,0.5,false,false,false,[],2
"nominal_d40",117,1,false,false,false,[],2
"nominal_d40",118,0,false,false,false,[],2
"nominal_d40",118,0.5,false,false,false,[],2
"nominal_d40",118,1,false,false,false,[],2
"nominal_d40",119,0,false,false,false,[],2
"nominal_d40",119,0.5,false,false,false,[],2
"nominal_d40",119,1,false,false,false,[],2
"nominal_d40",120,0,false,false,false,[],2
"nominal_d40",120,0.5,false,false,false,[],2
"nominal_d40",120,1,false,false,false,[],2
"nominal_d40",121,0,false,false,false,[],2
"nominal_d40",121,0.5,false,false,false,[],2
"nominal_d40",121,1,false,false,false,[],2
"nominal_d40",122,0,false,false,false,[],2
"nominal_d40",122,0.5,false,false,false,[],2
"nominal_d40",122,1,false,false,false,[],2
"nominal_d40",123,0,false,false,false,[],2
"nominal_d40",123,0.5,false,false,false,[],2
"nominal_d40",123,1,false,false,false,[],2
"nominal_d40",124,0,false,false,false,[],2
"nominal_d40",124,0.5,false,false,false,[],2
"nominal_d40",124,1,false,false,false,[],2
"nominal_d40",125,0,false,false,false,[],2
"nominal_d40",125,0.5,false,false,false,[],2
"nominal_d40",125,1,false,false,false,[],2
"nominal_d40",126,0,false,false,false,[],2
"nominal_d40",126,0.5,false,false,false,[],2
"nominal_d40",126,1,false,false,false,[],2
"nominal_d40",127,0,false,false,false,[],2
"nominal_d40",127,0.5,false,false,false,[],2
"nominal_d40",127,1,false,false,false,[],2
"nominal_d40",128,0,false,false,false,[],2
"nominal_d40",128,0.5,false,false,false,[],2
"nominal_d40",128,1,false,false,false,[],2
"nominal_d40",129,0,false,false,false,[],2
"nominal_d40",129,0.5,false,false,false,[],2
"nominal_d40",129,1,false,false,false,[],2
"nominal_d40",130,0,false,false,false,[],2
"nominal_d40",130,0.5,false,false,false,[],2
"nominal_d40",130,1,false,false,false,[],2
"nominal_d40",131,0,false,false,false,[],2
"nominal_d40",131,0.5,false,false,false,[],2
"nominal_d40",131,1,false,false,false,[],2
"nominal_d40",132,0,false,false,false,[],2
"nominal_d40",132,0.5,false,false,false,[],2
"nominal_d40",132,1,false,false,false,[],2
"nominal_d40",133,0,false,false,false,[],2
"nominal_d40",133,0.5,false,false,false,[],2
"nominal_d40",133,1,false,false,false,[],2
"nominal_d40",134,0,false,false,false,[],2
"nominal_d40",134,0.5,false,false,false,[],2
"nominal_d40",134,1,false,false,false,[],2
"nominal_d40",135,0,false,false,false,[],2
"nominal_d40",135,0.5,false,false,false,[],2
"nominal_d40",135,1,false,false,false,[],2
"nominal_d40",136,0,false,false,false,[],2
"nominal_d40",136,0.5,false,false,false,[],2
"nominal_d40",136,1,false,false,false,[],2
"nominal_d40",137,0,false,false,false,[],2
"nominal_d40",137,0.5,false,false,false,[],2
"nominal_d40",137,1,false,false,false,[],2
"nominal_d40",138,0,false,false,false,[],2
"nominal_d40",138,0.5,false,false,false,[],2
"nominal_d40",138,1,false,false,false,[],2
"nominal_d40",139,0,false,false,false,[],2
"nominal_d40",139,0.5,false,false,false,[],2
"nominal_d40",139,1,false,false,false,[],2
"nominal_d40",140,0,false,false,false,[],2
"nominal_d40",140,0.5,false,false,false,[],2
"nominal_d40",140,1,false,false,false,[],2
"nominal_d40",141,0,false,false,false,[],2
"nominal_d40",141,0.5,false,false,false,[],2
"nominal_d40",141,1,false,false,false,[],2
"nominal_d40",142,0,false,false,false,[],2
"nominal_d40",142,0.5,false,false,false,[],2
"nominal_d40",142,1,false,false,false,[],2
"nominal_d40",143,0,false,false,false,[],2
"nominal_d40",143,0.5,false,false,false,[],2
"nominal_d40",143,1,false,false,false,[],2
"nominal_d40",144,0,false,false,false,[],2
"nominal_d40",144,0.5,false,false,false,[],2
"nominal_d40",144,1,false,false,false,[],2
"nominal_d40",145,0,false,false,false,[],2
"nominal_d40",145,0.5,false,false,false,[],2
"nominal_d40",145,1,false,false,false,[],2
"nominal_d40",146,0,false,false,false,[],2
"nominal_d40",146,0.5,false,false,false,[],2
"nominal_d40",146,1,false,false,false,[],2
"nominal_d40",147,0,false,false,false,[],2
"nominal_d40",147,0.5,false,false,false,[],2
"nominal_d40",147,1,false,false,false,[],2
"nominal_d40",148,0,false,false,false,[],2
"nominal_d40",148,0.5,false,false,false,[],2
"nominal_d40",148,1,false,false,false,[],2
"nominal_d40",149,0,false,false,false,[],2
"nominal_d40",149,0.5,false,false,false,[],2
"nominal_d40",149,1,false,false,false,[],2
"nominal_d40",150,0,false,false,false,[],3
"nominal_d40",150,0.33333333333333331,false,false,false,[],3
"nominal_d40",150,0.66666666666666663,false,false,false,[],3
"nominal_d40",150,1,false,false,false,[],3
"nominal_d40",151,0,false,false,false,[],4
"nominal_d40",151,0.25,false,false,false,[],4
"nominal_d40",151,0.5,false,false,false,[],4
"nominal_d40",151,0.75,false,false,false,[],4
"nominal_d40",151,1,false,false,false,[],4
"nominal_d40",152,0,false,false,false,[],6
"nominal_d40",152,0.16666666666666666,false,false,false,[],6
"nominal_d40",152,0.33333333333333331,false,false,false,[],6
"nominal_d40",152,0.5,false,false,false,[],6
"nominal_d40",152,0.66666666666666663,false,false,false,[],6
"nominal_d40",152,0.83333333333333337,false,false,false,[],6
"nominal_d40",152,1,false,false,false,[],6
"nominal_d40",153,0,false,false,false,[],7
"nominal_d40",153,0.14285714285714285,false,false,false,[],7
"nominal_d40",153,0.2857142857142857,false,false,false,[],7
"nominal_d40",153,0.42857142857142855,false,false,false,[],7
"nominal_d40",153,0.5714285714285714,false,false,false,[],7
"nominal_d40",153,0.7142857142857143,false,false,false,[],7
"nominal_d40",153,0.8571428571428571,false,false,false,[],7
"nominal_d40",153,1,false,false,false,[],7
"nominal_d40",154,0,false,false,false,[],9
"nominal_d40",154,0.1111111111111111,false,false,false,[],9
"nominal_d40",154,0.22222222222222221,false,false,false,[],9
"nominal_d40",154,0.33333333333333331,false,false,false,[],9
"nominal_d40",154,0.44444444444444442,false,false,false,[],9
"nominal_d40",154,0.55555555555555558,false,false,false,[],9
"nominal_d40",154,0.66666666666666663,false,false,false,[],9
"nominal_d40",154,0.77777777777777779,false,false,false,[],9
"nominal_d40",154,0.88888888888888884,false,false,false,[],9
"nominal_d40",154,1,false,false,false,[],9
"nominal_d40",155,0,false,false,false,[],11
"nominal_d40",155,0.090909090909090912,false,false,false,[],11
"nominal_d40",155,0.18181818181818182,false,false,false,[],11
"nominal_d40",155,0.27272727272727271,false,false,false,[],11
"nominal_d40",155,0.36363636363636365,false,false,false,[],11
"nominal_d40",155,0.45454545454545453,false,false,false,[],11
"nominal_d40",155,0.54545454545454541,false,false,false,[],11
"nominal_d40",155,0.63636363636363635,false,false,false,[],11
"nominal_d40",155,0.72727272727272729,false,false,false,[],11
"nominal_d40",155,0.81818181818181823,false,false,false,[],11
"nominal_d40",155,0.90909090909090906,false,false,false,[],11
"nominal_d40",155,1,false,false,false,[],11
"nominal_d40",156,0,false,false,false,[],12
"nominal_d40",156,0.083333333333333329,false,false,false,[],12
"nominal_d40",156,0.16666666666666666,false,false,false,[],12
"nominal_d40",156,0.25,false,false,false,[],12
"nominal_d40",156,0.33333333333333331,false,false,false,[],12
"nominal_d40",156,0.41666666666666669,false,false,false,[],12
"nominal_d40",156,0.5,false,false,false,[],12
"nominal_d40",156,0.58333333333333337,false,false,false,[],12
"nominal_d40",156,0.66666666666666663,false,false,false,[],12
"nominal_d40",156,0.75,false,false,false,[],12
"nominal_d40",156,0.83333333333333337,false,false,false,[],12
"nominal_d40",156,0.91666666666666663,false,false,false,[],12
"nominal_d40",156,1,false,false,false,[],12
"nominal_d40",157,0,false,false,false,[],9
"nominal_d40",157,0.1111111111111111,false,false,false,[],9
"nominal_d40",157,0.22222222222222221,false,false,false,[],9
"nominal_d40",157,0.33333333333333331,false,false,false,[],9
"nominal_d40",157,0.44444444444444442,false,false,false,[],9
"nominal_d40",157,0.55555555555555558,false,false,false,[],9
"nominal_d40",157,0.66666666666666663,false,false,false,[],9
"nominal_d40",157,0.77777777777777779,false,false,false,[],9
"nominal_d40",157,0.88888888888888884,false,false,false,[],9
"nominal_d40",157,1,false,false,false,[],9
"nominal_d40",158,0,false,false,false,[],5
"nominal_d40",158,0.20000000000000001,false,false,false,[],5
"nominal_d40",158,0.40000000000000002,false,false,false,[],5
"nominal_d40",158,0.59999999999999998,false,false,false,[],5
"nominal_d40",158,0.80000000000000004,false,false,false,[],5
"nominal_d40",158,1,false,false,false,[],5
"nominal_d40",159,0,false,false,false,[],3
"nominal_d40",159,0.33333333333333331,false,false,false,[],3
"nominal_d40",159,0.66666666666666663,false,false,false,[],3
"nominal_d40",159,1,false,false,false,[],3
"nominal_d40",160,0,false,false,false,[],5
"nominal_d40",160,0.20000000000000001,false,false,false,[],5
"nominal_d40",160,0.40000000000000002,false,false,false,[],5
"nominal_d40",160,0.59999999999999998,false,false,false,[],5
"nominal_d40",160,0.80000000000000004,false,false,false,[],5
"nominal_d40",160,1,false,false,false,[],5
"nominal_d40",161,0,false,false,false,[],6
"nominal_d40",161,0.16666666666666666,false,false,false,[],6
"nominal_d40",161,0.33333333333333331,false,false,false,[],6
"nominal_d40",161,0.5,false,false,false,[],6
"nominal_d40",161,0.66666666666666663,false,false,false,[],6
"nominal_d40",161,0.83333333333333337,false,false,false,[],6
"nominal_d40",161,1,false,false,false,[],6
"nominal_d40",162,0,false,false,false,[],6
"nominal_d40",162,0.16666666666666666,false,false,false,[],6
"nominal_d40",162,0.33333333333333331,false,false,false,[],6
"nominal_d40",162,0.5,false,false,false,[],6
"nominal_d40",162,0.66666666666666663,false,false,false,[],6
"nominal_d40",162,0.83333333333333337,false,false,false,[],6
"nominal_d40",162,1,false,false,false,[],6
"nominal_d40",163,0,false,false,false,[],6
"nominal_d40",163,0.16666666666666666,false,false,false,[],6
"nominal_d40",163,0.33333333333333331,false,false,false,[],6
"nominal_d40",163,0.5,false,false,false,[],6
"nominal_d40",163,0.66666666666666663,false,false,false,[],6
"nominal_d40",163,0.83333333333333337,false,false,false,[],6
"nominal_d40",163,1,false,false,false,[],6
"nominal_d40",164,0,false,false,false,[],6
"nominal_d40",164,0.16666666666666666,false,false,false,[],6
"nominal_d40",164,0.33333333333333331,false,false,false,[],6
"nominal_d40",164,0.5,false,false,false,[],6
"nominal_d40",164,0.66666666666666663,false,false,false,[],6
"nominal_d40",164,0.83333333333333337,false,false,false,[],6
"nominal_d40",164,1,false,false,false,[],6
"nominal_d40",165,0,false,false,false,[],6
"nominal_d40",165,0.16666666666666666,false,false,false,[],6
"nominal_d40",165,0.33333333333333331,false,false,false,[],6
"nominal_d40",165,0.5,false,false,false,[],6
"nominal_d40",165,0.66666666666666663,false,false,false,[],6
"nominal_d40",165,0.83333333333333337,false,false,false,[],6
"nominal_d40",165,1,false,false,false,[],6
"nominal_d40",166,0,false,false,false,[],6
"nominal_d40",166,0.16666666666666666,false,false,false,[],6
"nominal_d40",166,0.33333333333333331,false,false,false,[],6
"nominal_d40",166,0.5,false,false,false,[],6
"nominal_d40",166,0.66666666666666663,false,false,false,[],6
"nominal_d40",166,0.83333333333333337,false,false,false,[],6
"nominal_d40",166,1,false,false,false,[],6
"nominal_d40",167,0,false,false,false,[],6
"nominal_d40",167,0.16666666666666666,false,false,false,[],6
"nominal_d40",167,0.33333333333333331,false,false,false,[],6
"nominal_d40",167,0.5,false,false,false,[],6
"nominal_d40",167,0.66666666666666663,false,false,false,[],6
"nominal_d40",167,0.83333333333333337,false,false,false,[],6
"nominal_d40",167,1,false,false,false,[],6
"nominal_d40",168,0,false,false,false,[],6
"nominal_d40",168,0.16666666666666666,false,false,false,[],6
"nominal_d40",168,0.33333333333333331,false,false,false,[],6
"nominal_d40",168,0.5,false,false,false,[],6
"nominal_d40",168,0.66666666666666663,false,false,false,[],6
"nominal_d40",168,0.83333333333333337,false,false,false,[],6
"nominal_d40",168,1,false,false,false,[],6
"nominal_d40",169,0,false,false,false,[],6
"nominal_d40",169,0.16666666666666666,false,false,false,[],6
"nominal_d40",169,0.33333333333333331,false,false,false,[],6
"nominal_d40",169,0.5,false,false,false,[],6
"nominal_d40",169,0.66666666666666663,false,false,false,[],6
"nominal_d40",169,0.83333333333333337,false,false,false,[],6
"nominal_d40",169,1,false,false,false,[],6
"nominal_d40",170,0,false,false,false,[],6
"nominal_d40",170,0.16666666666666666,false,false,false,[],6
"nominal_d40",170,0.33333333333333331,false,false,false,[],6
"nominal_d40",170,0.5,false,false,false,[],6
"nominal_d40",170,0.66666666666666663,false,false,false,[],6
"nominal_d40",170,0.83333333333333337,false,false,false,[],6
"nominal_d40",170,1,false,false,false,[],6
"nominal_d40",171,0,false,false,false,[],6
"nominal_d40",171,0.16666666666666666,false,false,false,[],6
"nominal_d40",171,0.33333333333333331,false,false,false,[],6
"nominal_d40",171,0.5,false,false,false,[],6
"nominal_d40",171,0.66666666666666663,false,false,false,[],6
"nominal_d40",171,0.83333333333333337,false,false,false,[],6
"nominal_d40",171,1,false,false,false,[],6
"nominal_d40",172,0,false,false,false,[],6
"nominal_d40",172,0.16666666666666666,false,false,false,[],6
"nominal_d40",172,0.33333333333333331,false,false,false,[],6
"nominal_d40",172,0.5,false,false,false,[],6
"nominal_d40",172,0.66666666666666663,false,false,false,[],6
"nominal_d40",172,0.83333333333333337,false,false,false,[],6
"nominal_d40",172,1,false,false,false,[],6
"nominal_d40",173,0,false,false,false,[],6
"nominal_d40",173,0.16666666666666666,false,false,false,[],6
"nominal_d40",173,0.33333333333333331,false,false,false,[],6
"nominal_d40",173,0.5,false,false,false,[],6
"nominal_d40",173,0.66666666666666663,false,false,false,[],6
"nominal_d40",173,0.83333333333333337,false,false,false,[],6
"nominal_d40",173,1,false,false,false,[],6
"nominal_d40",174,0,false,false,false,[],5
"nominal_d40",174,0.20000000000000001,false,false,false,[],5
"nominal_d40",174,0.40000000000000002,false,false,false,[],5
"nominal_d40",174,0.59999999999999998,false,false,false,[],5
"nominal_d40",174,0.80000000000000004,false,false,false,[],5
"nominal_d40",174,1,false,false,false,[],5
"nominal_d40",175,0,false,false,false,[],5
"nominal_d40",175,0.20000000000000001,false,false,false,[],5
"nominal_d40",175,0.40000000000000002,false,false,false,[],5
"nominal_d40",175,0.59999999999999998,false,false,false,[],5
"nominal_d40",175,0.80000000000000004,false,false,false,[],5
"nominal_d40",175,1,false,false,false,[],5
"nominal_d40",176,0,false,false,false,[],5
"nominal_d40",176,0.20000000000000001,false,false,false,[],5
"nominal_d40",176,0.40000000000000002,false,false,false,[],5
"nominal_d40",176,0.59999999999999998,false,false,false,[],5
"nominal_d40",176,0.80000000000000004,false,false,false,[],5
"nominal_d40",176,1,false,false,false,[],5
"nominal_d40",177,0,false,false,false,[],5
"nominal_d40",177,0.20000000000000001,false,false,false,[],5
"nominal_d40",177,0.40000000000000002,false,false,false,[],5
"nominal_d40",177,0.59999999999999998,false,false,false,[],5
"nominal_d40",177,0.80000000000000004,false,false,false,[],5
"nominal_d40",177,1,false,false,false,[],5
"nominal_d40",178,0,false,false,false,[],5
"nominal_d40",178,0.20000000000000001,false,false,false,[],5
"nominal_d40",178,0.40000000000000002,false,false,false,[],5
"nominal_d40",178,0.59999999999999998,false,false,false,[],5
"nominal_d40",178,0.80000000000000004,false,false,false,[],5
"nominal_d40",178,1,false,false,false,[],5
"nominal_d40",179,0,false,false,false,[],5
"nominal_d40",179,0.20000000000000001,false,false,false,[],5
"nominal_d40",179,0.40000000000000002,false,false,false,[],5
"nominal_d40",179,0.59999999999999998,false,false,false,[],5
"nominal_d40",179,0.80000000000000004,false,false,false,[],5
"nominal_d40",179,1,false,false,false,[],5
