q1,q2,q3,q4,q5,q6
2.2596216762645738,-1.3687367317540118,2.345421525697233,0.1638546669172149,1.1017848380800959,0.24260076695433053
2.2431560173572183,-1.3911036782468515,2.3632358958307553,0.09767835961598247,1.0280035392082978,0.24260076695581062
2.2288001990458572,-1.4133034326975307,2.3802426216628843,0.02993776768766899,0.9585302090157873,0.2426007669666359
2.215967428296107,-1.4364761736084029,2.3977160561730693,-0.04256538391249358,0.8923331258294029,0.2426007669666359
2.2041694426699605,-1.461501150261796,2.4167461107013355,-0.12309649982512554,0.8289023986037632,0.2426007669666359
2.1924417914023215,-1.4895675398511314,2.439588640795464,-0.2188640610980014,0.7665055612658417,0.2426007669666359
2.179773214242047,-1.5223730472346466,2.4703007661189162,-0.34418323328589384,0.703171602725248,0.2426007669666359
2.167544869147783,-1.5606795356453445,2.5118638748859046,-0.5112524882987661,0.6442070147458719,0.2426007669666359
2.1634262606775065,-1.5966676678911307,2.543464157800485,-0.6431533951058546,0.6145814183881287,0.2426007669666359
2.1628126650460238,-1.6298596647062675,2.566273535970063,-0.7403782582947706,0.6012585618152405,0.2426007669666359
2.1630605603588853,-1.6615067795338614,2.584302881607629,-0.8176979389743787,0.5948582227401257,0.2426007669666359
2.1633633932351195,-1.6920463718238412,2.5966043567702837,-0.8710275050134707,0.5929294585895709,0.2426007669666359
2.163399452996674,-1.7221500900607791,2.5993495332910603,-0.8858743743691182,0.5926439239356405,0.2426007669666359
2.163049884711714,-1.751941813670728,2.594323104126285,-0.8704405073554873,0.592452847633814,0.2426007669666359
2.1623883426757478,-1.7801166775458679,2.5838898013290668,-0.837013934361017,0.5918489574619596,0.2426007669666359
2.161674563611296,-1.8077042978519244,2.5721015758108368,-0.7993907896817984,0.5911639315319205,0.2426007669666359
2.160918712615967,-1.8378736972808838,2.5591800212860107,-0.7584899663925171,0.5903767347335815,0.2427150458097458
2.1601505279541016,-1.8698573112487793,2.545471668243408,-0.7153688669204712,0.5895062685012817,0.24294254183769226
2.1593966484069824,-1.9028269052505493,2.531341075897217,-0.6711559295654297,0.5885753035545349,0.24327495694160461
2.1586787700653076,-1.9359735250473022,2.517138719558716,-0.6269423365592957,0.5876079201698303,0.24369890987873077
2.158013343811035,-1.9685651063919067,2.503178596496582,-0.5837048888206482,0.5866275429725647,0.2441980093717575
2.157411813735962,-1.9999842643737793,2.4897236824035645,-0.5422573089599609,0.5856555700302124,0.2447546422481537
2.156785249710083,-2.034757614135742,2.474832773208618,-0.496616929769516,0.584555447101593,0.24544019997119904
2.156113624572754,-2.0741732120513916,2.457951545715332,-0.4451129138469696,0.5832868218421936,0.24628126621246338
2.1554856300354004,-2.1132712364196777,2.44120192527771,-0.39425015449523926,0.5820096731185913,0.24717429280281067
2.154961585998535,-2.148287773132324,2.426194429397583,-0.34891965985298157,0.5808502435684204,0.24802784621715546
2.1545910835266113,-2.1756277084350586,2.4144680500030518,-0.31374531984329224,0.5799327492713928,0.24874353408813477
2.154383420944214,-2.1938281059265137,2.4066500663757324,-0.2905441224575043,0.579312801361084,0.24926555156707764
2.1542820930480957,-2.2061264514923096,2.401353120803833,-0.275077760219574,0.5788873434066772,0.24966129660606384
2.1542508602142334,-2.2145862579345703,2.397693157196045,-0.2646472454071045,0.5785900354385376,0.24997496604919434
2.154266595840454,-2.220583438873291,2.395080804824829,-0.2574595510959625,0.5783759355545044,0.25023797154426575
2.1543164253234863,-2.225343942642212,2.3929879665374756,-0.2519589364528656,0.5782034993171692,0.2504870295524597
2.1543936729431152,-2.229206085205078,2.391270160675049,-0.24769988656044006,0.5780616402626038,0.2507292628288269
2.1544930934906006,-2.2323570251464844,2.389848232269287,-0.24442745745182037,0.577944278717041,0.2509670555591583
2.1546106338500977,-2.2349424362182617,2.388660430908203,-0.24194331467151642,0.5778465270996094,0.2512023150920868
2.154743194580078,-2.237076759338379,2.3876585960388184,-0.24009248614311218,0.5777645111083984,0.25143659114837646
2.154888391494751,-2.238849639892578,2.3868048191070557,-0.23875337839126587,0.5776951313018799,0.25167116522789
2.1550452709198,-2.2403407096862793,2.3860650062561035,-0.2378236949443817,0.5776355862617493,0.25190818309783936
2.155217170715332,-2.2416470050811768,2.3853952884674072,-0.2372039407491684,0.5775822401046753,0.25215521454811096
2.155402898788452,-2.2427992820739746,2.3847830295562744,-0.23684978485107422,0.5775339603424072,0.2524121105670929
2.1556003093719482,-2.243816375732422,2.384221315383911,-0.23672722280025482,0.5774901509284973,0.25267738103866577
2.1558077335357666,-2.2447149753570557,2.3837039470672607,-0.23680618405342102,0.5774502158164978,0.25294971466064453
2.1560237407684326,-2.2455101013183594,2.383225679397583,-0.23706015944480896,0.5774135589599609,0.25322797894477844
2.156247138977051,-2.2462148666381836,2.382781744003296,-0.23746582865715027,0.5773797035217285,0.2535112202167511
2.1564769744873047,-2.2468411922454834,2.3823680877685547,-0.23800276219844818,0.5773481726646423,0.25379863381385803
2.156712293624878,-2.247399091720581,2.3819808959960938,-0.23865309357643127,0.577318549156189,0.2540895342826843
2.156952381134033,-2.2478976249694824,2.3816168308258057,-0.23940125107765198,0.5772904753684998,0.2543833255767822
2.157196521759033,-2.248344898223877,2.3812732696533203,-0.24023373425006866,0.577263593673706,0.2546795606613159
2.1574442386627197,-2.2487475872039795,2.3809475898742676,-0.24113884568214417,0.577237606048584,0.25497788190841675
2.1576950550079346,-2.2491116523742676,2.3806376457214355,-0.24210649728775024,0.5772122740745544,0.25527799129486084
2.1579484939575195,-2.2494425773620605,2.3803415298461914,-0.24312801659107208,0.5771873593330383,0.2555796504020691
2.1582045555114746,-2.2497448921203613,2.3800573348999023,-0.24419599771499634,0.5771626234054565,0.2558826804161072
2.1584632396698,-2.250023126602173,2.3797836303710938,-0.24530485272407532,0.5771378874778748,0.25618720054626465
2.158724784851074,-2.25028133392334,2.3795182704925537,-0.24645261466503143,0.5771128535270691,0.25649401545524597
2.1589889526367188,-2.2505223751068115,2.379260301589966,-0.24763408303260803,0.57708740234375,0.25680288672447205
2.1592555046081543,-2.2507483959198,2.3790090084075928,-0.24884428083896637,0.5770614743232727,0.2571134865283966
2.1595242023468018,-2.2509615421295166,2.3787639141082764,-0.2500789165496826,0.5770349502563477,0.2574255168437958
2.159794569015503,-2.2511634826660156,2.3785243034362793,-0.2513343393802643,0.5770077705383301,0.25773876905441284
2.160066604614258,-2.2513558864593506,2.3782896995544434,-0.25260746479034424,0.5769798159599304,0.2580530643463135
2.1603400707244873,-2.251540184020996,2.3780598640441895,-0.25389567017555237,0.5769510269165039,0.25836828351020813
2.1606149673461914,-2.2517175674438477,2.3778345584869385,-0.25519677996635437,0.5769213438034058,0.25868433713912964
2.160891056060791,-2.251889228820801,2.377613067626953,-0.256509006023407,0.576890766620636,0.2590011656284332
2.161168336868286,-2.2520558834075928,2.3773951530456543,-0.2578309178352356,0.5768592357635498,0.2593187689781189
2.1614468097686768,-2.25221848487854,2.377180576324463,-0.2591613531112671,0.5768266320228577,0.25963711738586426
2.161726474761963,-2.252377510070801,2.3769688606262207,-0.26049941778182983,0.5767929553985596,0.2599562406539917
2.1620073318481445,-2.2525336742401123,2.3767600059509277,-0.2618443965911865,0.5767581462860107,0.260276198387146
2.1622893810272217,-2.252687454223633,2.376553773880005,-0.26319581270217896,0.5767222046852112,0.2605970501899719
2.1625730991363525,-2.2528395652770996,2.376349687576294,-0.2645549774169922,0.5766850709915161,0.2609192728996277
2.1628596782684326,-2.252990961074829,2.3761465549468994,-0.26592740416526794,0.5766465067863464,0.2612442970275879
2.163148880004883,-2.2531418800354004,2.3759446144104004,-0.2673111855983734,0.5766065120697021,0.2615717947483063
2.163440227508545,-2.2532923221588135,2.375744104385376,-0.26870402693748474,0.576565146446228,0.26190128922462463
2.16373348236084,-2.2534425258636475,2.375545024871826,-0.27010399103164673,0.5765224695205688,0.2622324228286743
2.1640281677246094,-2.2535924911499023,2.37534761428833,-0.2715094983577728,0.5764784216880798,0.26256486773490906
2.1643242835998535,-2.253742218017578,2.3751518726348877,-0.27291926741600037,0.5764330625534058,0.26289841532707214
2.164621591567993,-2.253891706466675,2.374957799911499,-0.27433228492736816,0.5763863921165466,0.26323288679122925
2.1649200916290283,-2.2540411949157715,2.374765396118164,-0.27574780583381653,0.5763384699821472,0.26356813311576843
2.16521954536438,-2.254190683364868,2.374574899673462,-0.2771652936935425,0.5762892365455627,0.2639040946960449
2.165519952774048,-2.254340171813965,2.3743863105773926,-0.278584361076355,0.5762386918067932,0.26424071192741394
2.1658213138580322,-2.2544896602630615,2.374199390411377,-0.2800047993659973,0.5761868953704834,0.2645779848098755
2.166123628616333,-2.254639148712158,2.374014139175415,-0.2814265489578247,0.5761337876319885,0.26491594314575195
2.16642689704895,-2.254788875579834,2.373830556869507,-0.28284966945648193,0.5760793685913086,0.2652546167373657
2.166731119155884,-2.254938840866089,2.3736484050750732,-0.28427430987358093,0.5760236382484436,0.2655940651893616
2.167037010192871,-2.255089521408081,2.373467445373535,-0.285702645778656,0.575966477394104,0.2659347951412201
2.1673457622528076,-2.2552413940429688,2.3732869625091553,-0.2871403694152832,0.5759076476097107,0.2662782073020935
2.1676571369171143,-2.255394458770752,2.373107433319092,-0.28858596086502075,0.5758472681045532,0.26662394404411316
2.1679704189300537,-2.2555484771728516,2.3729288578033447,-0.29003769159317017,0.5757853388786316,0.266971617937088
2.168285369873047,-2.2557034492492676,2.372751474380493,-0.29149413108825684,0.5757219195365906,0.2673209011554718
2.1686017513275146,-2.255859136581421,2.372575283050537,-0.29295414686203003,0.575657069683075,0.26767152547836304
2.168919563293457,-2.2560155391693115,2.3724002838134766,-0.2944168150424957,0.5755907893180847,0.268023282289505
2.169238567352295,-2.2561724185943604,2.3722267150878906,-0.295881450176239,0.5755231380462646,0.26837602257728577
2.1695587635040283,-2.2563297748565674,2.3720545768737793,-0.2973475456237793,0.5754541754722595,0.26872962713241577
2.1698801517486572,-2.2564876079559326,2.3718838691711426,-0.2988147437572479,0.5753838419914246,0.26908406615257263
2.1702027320861816,-2.256645917892456,2.3717145919799805,-0.30028289556503296,0.5753121972084045,0.2694392800331116
2.1705265045166016,-2.2568047046661377,2.371546745300293,-0.3017519414424896,0.5752392411231995,0.2697952687740326
2.170851469039917,-2.2569639682769775,2.37138032913208,-0.3032219707965851,0.5751649737358093,0.2701520323753357
2.171177387237549,-2.2571234703063965,2.371215343475342,-0.3046931326389313,0.5750893950462341,0.27050963044166565
2.171504259109497,-2.2572834491729736,2.371051788330078,-0.3061656653881073,0.5750125050544739,0.27086812257766724
2.171832799911499,-2.257444143295288,2.37088942527771,-0.3076421916484833,0.5749341249465942,0.271228164434433
2.17216420173645,-2.257606267929077,2.3707275390625,-0.3091282248497009,0.5748539566993713,0.27159109711647034
2.1724982261657715,-2.2577695846557617,2.3705663681030273,-0.3106219172477722,0.57477205991745,0.2719564735889435
2.1728343963623047,-2.2579338550567627,2.370406150817871,-0.3121214509010315,0.5746885538101196,0.272323876619339
2.1731724739074707,-2.25809907913208,2.3702468872070312,-0.313625305891037,0.5746035575866699,0.2726929187774658
2.1735122203826904,-2.2582650184631348,2.370088815689087,-0.3151322901248932,0.5745170712471008,0.2730633020401001
2.1738533973693848,-2.2584316730499268,2.369932174682617,-0.3166414797306061,0.5744292140007019,0.2734348475933075
2.1741957664489746,-2.258598804473877,2.369776725769043,-0.31815215945243835,0.5743400454521179,0.2738073468208313
2.17453932762146,-2.2587661743164062,2.3696227073669434,-0.3196638524532318,0.5742495059967041,0.27418071031570435
2.174884080886841,-2.2589340209960938,2.3694701194763184,-0.3211762607097626,0.5741576552391052,0.2745548486709595
2.175230026245117,-2.2591021060943604,2.369318962097168,-0.3226892352104187,0.5740644931793213,0.2749297618865967
2.17557692527771,-2.259270429611206,2.369169235229492,-0.3242027759552002,0.5739700198173523,0.27530544996261597
2.175924777984619,-2.25943922996521,2.369020938873291,-0.3257170021533966,0.5738742351531982,0.2756819427013397
2.1762735843658447,-2.259608507156372,2.3688738346099854,-0.32723212242126465,0.5737771391868591,0.2760592997074127
2.176623582839966,-2.2597780227661133,2.3687281608581543,-0.3287484347820282,0.573678731918335,0.27643758058547974
2.1769754886627197,-2.259948492050171,2.3685836791992188,-0.33026936650276184,0.5735787153244019,0.27681764960289
2.177330732345581,-2.260120391845703,2.3684394359588623,-0.33180075883865356,0.5734767317771912,0.27720096707344055
2.1776888370513916,-2.260293483734131,2.368295907974243,-0.3333406150341034,0.5733729004859924,0.27758705615997314
2.178049325942993,-2.260467529296875,2.3681533336639404,-0.33488699793815613,0.57326740026474,0.2779754400253296
2.1784119606018066,-2.2606422901153564,2.368011713027954,-0.3364383280277252,0.5731603503227234,0.27836570143699646
2.178776264190674,-2.260817527770996,2.367871046066284,-0.3379932940006256,0.5730517506599426,0.2787575125694275
2.1791419982910156,-2.260993480682373,2.3677313327789307,-0.33955085277557373,0.5729417204856873,0.2791506350040436
2.179509162902832,-2.261169910430908,2.3675928115844727,-0.3411101996898651,0.5728302597999573,0.2795448899269104
2.179877519607544,-2.2613465785980225,2.3674557209014893,-0.342670738697052,0.5727174878120422,0.279940128326416
2.1802470684051514,-2.261523723602295,2.3673198223114014,-0.34423208236694336,0.5726033449172974,0.28033626079559326
2.1806178092956543,-2.2617011070251465,2.367185354232788,-0.3457939624786377,0.5724878907203674,0.280733197927475
2.1809895038604736,-2.261878728866577,2.3670523166656494,-0.34735628962516785,0.5723711848258972,0.28113093972206116
2.1813623905181885,-2.262056827545166,2.3669204711914062,-0.3489190638065338,0.5722531676292419,0.2815294861793518
2.181736469268799,-2.262235164642334,2.3667900562286377,-0.35048243403434753,0.5721338987350464,0.2819288671016693
2.1821117401123047,-2.262413740158081,2.3666610717773438,-0.3520466089248657,0.5720133185386658,0.28232914209365845
2.1824889183044434,-2.2625927925109863,2.366533041000366,-0.3536144495010376,0.5718912482261658,0.2827310562133789
2.1828689575195312,-2.262773036956787,2.366405725479126,-0.35518980026245117,0.5717673301696777,0.2831355929374695
2.18325138092041,-2.2629542350769043,2.366279363632202,-0.35677099227905273,0.571641743183136,0.28354233503341675
2.183635711669922,-2.2631359100341797,2.3661539554595947,-0.3583565950393677,0.5715145468711853,0.28395092487335205
2.1840217113494873,-2.2633183002471924,2.366029739379883,-0.35994547605514526,0.5713858604431152,0.2843610644340515
2.1844093799591064,-2.2635011672973633,2.3659064769744873,-0.36153677105903625,0.5712556838989258,0.2847725749015808
2.1847984790802,-2.2636842727661133,2.3657844066619873,-0.3631298542022705,0.5711241364479065,0.2851852774620056
2.1851887702941895,-2.2638676166534424,2.365663528442383,-0.36472436785697937,0.5709912180900574,0.28559908270835876
2.185580253601074,-2.2640514373779297,2.365543842315674,-0.36632004380226135,0.5708569884300232,0.2860139310359955
2.1859729290008545,-2.264235496520996,2.3654253482818604,-0.3679168224334717,0.5707213878631592,0.2864297926425934
2.1863667964935303,-2.2644197940826416,2.3653080463409424,-0.3695147931575775,0.5705844759941101,0.28684669733047485
2.1867620944976807,-2.264604330062866,2.36519193649292,-0.3711141347885132,0.5704461932182312,0.28726470470428467
2.1871588230133057,-2.264789342880249,2.365077018737793,-0.37271517515182495,0.5703065395355225,0.28768390417099
2.1875569820404053,-2.264974594116211,2.3649630546569824,-0.3743182420730591,0.5701654553413391,0.288104385137558
2.1879568099975586,-2.265160083770752,2.3648502826690674,-0.37592384219169617,0.5700229406356812,0.2885262668132782
2.188361406326294,-2.265347480773926,2.3647377490997314,-0.37754517793655396,0.5698778033256531,0.28895303606987
2.188774585723877,-2.265538215637207,2.364624261856079,-0.3791966736316681,0.5697287321090698,0.2893884778022766
2.1891942024230957,-2.2657315731048584,2.3645105361938477,-0.38087016344070435,0.5695764422416687,0.2898304760456085
2.1896185874938965,-2.2659268379211426,2.3643970489501953,-0.3825581967830658,0.5694215893745422,0.2902770936489105
2.1900463104248047,-2.266123056411743,2.3642842769622803,-0.38425421714782715,0.5692647695541382,0.2907266318798065
2.1904757022857666,-2.266319513320923,2.3641724586486816,-0.38595256209373474,0.5691064596176147,0.2911776006221771
2.1909055709838867,-2.2665159702301025,2.3640620708465576,-0.38764840364456177,0.5689471960067749,0.29162874817848206
2.1913349628448486,-2.266711711883545,2.3639533519744873,-0.3893377482891083,0.5687872767448425,0.29207903146743774
2.191779136657715,-2.266913652420044,2.363842487335205,-0.39108115434646606,0.5686209797859192,0.2925446033477783
2.1922495365142822,-2.26712703704834,2.3637266159057617,-0.39292261004447937,0.5684440732002258,0.2930372655391693
2.192729949951172,-2.2673444747924805,2.363609790802002,-0.3947977125644684,0.5682626366615295,0.2935399115085602
2.1932060718536377,-2.267559289932251,2.3634955883026123,-0.39665013551712036,0.5680820941925049,0.2940375506877899
2.193666458129883,-2.2677664756774902,2.363386869430542,-0.3984353840351105,0.5679067373275757,0.2945183217525482
2.194103479385376,-2.267962694168091,2.363285541534424,-0.4001220166683197,0.567739725112915,0.29497385025024414
2.194512128829956,-2.2681455612182617,2.363192558288574,-0.40169113874435425,0.5675830245018005,0.2953990697860718
2.194880485534668,-2.2683098316192627,2.3631107807159424,-0.40309709310531616,0.5674412846565247,0.29578161239624023
2.1951801776885986,-2.2684428691864014,2.363046169281006,-0.40423187613487244,0.5673255324363708,0.2960919737815857
2.1954338550567627,-2.268554925918579,2.3629937171936035,-0.405183881521225,0.5672271847724915,0.29635390639305115
2.1956534385681152,-2.2686517238616943,2.362950563430786,-0.4060019552707672,0.5671414136886597,0.29658034443855286
2.195842981338501,-2.26873517036438,2.362915277481079,-0.40670377016067505,0.5670666694641113,0.2967756390571594
2.196061134338379,-2.2688307762145996,2.3628764152526855,-0.4075095057487488,0.5669798851013184,0.2970004379749298
2.1963212490081787,-2.268944263458252,2.3628315925598145,-0.4084698259830475,0.5668755769729614,0.2972686290740967
2.196617603302002,-2.269073009490967,2.3627817630767822,-0.40956443548202515,0.5667558908462524,0.29757434129714966
2.196946620941162,-2.2692153453826904,2.362727642059326,-0.4107801616191864,0.566622257232666,0.2979137599468231
2.197317600250244,-2.2693753242492676,2.3626675605773926,-0.41215193271636963,0.5664708018302917,0.2982965111732483
2.1977291107177734,-2.269551992416382,2.3626015186309814,-0.4136742949485779,0.5663020014762878,0.2987210154533386
2.198176383972168,-2.2697434425354004,2.36253023147583,-0.4153296947479248,0.5661177635192871,0.29918235540390015
2.1986546516418457,-2.2699477672576904,2.362454414367676,-0.4171009361743927,0.5659199357032776,0.29967573285102844
2.199159622192383,-2.27016282081604,2.3623745441436768,-0.418971449136734,0.5657103657722473,0.3001965880393982
2.1996872425079346,-2.2703866958618164,2.3622913360595703,-0.4209257960319519,0.5654906630516052,0.30074065923690796
2.200237512588501,-2.2706196308135986,2.3622047901153564,-0.4229643940925598,0.5652607083320618,0.30130812525749207
2.200833797454834,-2.27087140083313,2.3621113300323486,-0.4251733124256134,0.5650107860565186,0.3019229769706726
2.201475143432617,-2.271141529083252,2.362010955810547,-0.4275488555431366,0.5647411942481995,0.30258429050445557
2.2021548748016357,-2.2714273929595947,2.3619046211242676,-0.4300660192966461,0.5644546151161194,0.3032852113246918
2.202866315841675,-2.271726131439209,2.361793279647827,-0.432699590921402,0.564153790473938,0.30401885509490967
2.2036030292510986,-2.2720348834991455,2.361677885055542,-0.4354253113269806,0.5638414025306702,0.3047785758972168
2.2043590545654297,-2.272351026535034,2.3615596294403076,-0.4382200539112091,0.5635200142860413,0.3055580258369446
2.2051284313201904,-2.272672176361084,2.3614392280578613,-0.44106265902519226,0.5631919503211975,0.3063513934612274
2.2059061527252197,-2.272996187210083,2.3613173961639404,-0.4439338743686676,0.5628593564033508,0.3071534037590027
