q1,q2,q3,q4,q5,q6
2.2596216762645738,-1.3687367317540118,2.3454215256972328,0.1638546669172149,1.1017848380800959,0.24260076695433053
2.2431560173572183,-1.3911036782468515,2.3632358958307553,0.097678359615982466,1.0280035392082978,0.24260076695581062
2.2288001990458572,-1.4133034326975307,2.3802426216628843,0.029937767687668988,0.95853020901578734,0.24260076696663591
2.215967428296107,-1.4364761736084029,2.3977160561730693,-0.042565383912493579,0.89233312582940294,0.24260076696663591
2.2041694426699605,-1.4615011502617961,2.4167461107013355,-0.12309649982512554,0.82890239860376325,0.24260076696663591
2.1924417914023215,-1.4895675398511314,2.4395886407954639,-0.21886406109800141,0.76650556126584168,0.24260076696663591
2.1797732142420472,-1.5223730472346466,2.4703007661189162,-0.34418323328589384,0.70317160272524803,0.24260076696663591
2.167544869147783,-1.5606795356453445,2.5118638748859046,-0.51125248829876613,0.64420701474587194,0.24260076696663591
2.1634262606775065,-1.5966676678911307,2.5434641578004848,-0.64315339510585456,0.61458141838812874,0.24260076696663591
2.1628126650460238,-1.6298596647062675,2.5662735359700628,-0.74037825829477055,0.60125856181524051,0.24260076696663591
2.1630605603588853,-1.6615067795338614,2.5843028816076292,-0.8176979389743787,0.59485822274012568,0.24260076696663591
2.1633633932351195,-1.6920463718238412,2.5966043567702837,-0.8710275050134707,0.59292945858957091,0.24260076696663591
2.163399452996674,-1.7221500900607791,2.5993495332910603,-0.8858743743691182,0.59264392393564047,0.24260076696663591
2.1630498847117141,-1.7519418136707281,2.5943231041262851,-0.87044050735548728,0.59245284763381401,0.24260076696663591
2.1623883426757478,-1.7801166775458679,2.5838898013290668,-0.83701393436101701,0.59184895746195965,0.24260076696663591
2.1716745636112957,-1.8177042978519244,2.5821015758108365,-0.79939078968179844,0.59116393153192048,0.24260076696663591
2.1610411466642061,-1.831547236217314,2.5557954036034616,-0.75083838967342365,0.59042729744695122,0.24260076696663591
2.1604077297171163,-1.8553901745827037,2.539489231396086,-0.70228598966504874,0.58969066336198195,0.24260076696663591
2.1603099867242426,-1.8745975174557412,2.5206644780684124,-0.65200583782068666,0.58956997573998393,0.24260076696663591
2.1602613892438729,-1.8933795667067159,2.5016086570194767,-0.60156717304361418,0.58950579824762639,0.24260076696663591
2.1605045726997529,-1.9103469127693449,2.4829525866531013,-0.55637681792183846,0.58977995265047478,0.24260076696663591
2.1609694512525661,-1.9259354477128674,2.4646002467752837,-0.51517412742517055,0.59031117155954882,0.24260076696663591
2.1614962470944206,-1.9409037865569685,2.4470177413484606,-0.47870371805570328,0.59087382446532277,0.24260076696663591
2.1620952562685849,-1.9551487987225524,2.4303330838716075,-0.44775250687651924,0.59147313843434224,0.24260076696663591
2.1625762476808625,-1.969548277676892,2.4153142504887053,-0.42415632743991311,0.59190056400195701,0.24260076696663591
2.1629731606846221,-1.9840784410771626,2.4014283455667353,-0.40550755350636775,0.59221238142453214,0.24260076696663591
2.1629604279615484,-2.0000192679701523,2.3910432975429745,-0.39999576208966287,0.59221776158181005,0.24260076696663591
2.1626248596776509,-2.0161708507638041,2.3815275370344726,-0.39787790852570804,0.59213420865539668,0.24260076696663591
2.1619440775420968,-2.0325134934007321,2.3728387592762821,-0.39894430816941312,0.5920025733309332,0.24260076696663591
2.1608954943889316,-2.0490434420090984,2.364949668236453,-0.40299986572183188,0.59188453765867743,0.24260076696663591
2.1594151662374559,-2.0659164685535538,2.3581437192242398,-0.41084765270178086,0.59190403355732324,0.24260076696663591
2.157510632793592,-2.0832677631281262,2.3526152498318358,-0.42289253174905189,0.59224989425995389,0.24260076696663591
2.1552363096803533,-2.1011503884033722,2.348423855681534,-0.43912762924129145,0.59309176356942761,0.24260076696663591
2.1526070926424516,-2.1196568310068913,2.3457945115304937,-0.46007591176018742,0.59468430789267268,0.24260076696663591
2.1496325142582768,-2.1387820821685883,2.3448239959128605,-0.48582242656231417,0.59728454671205922,0.24260076696663591
2.1461870576109496,-2.1580724510829188,2.3447429032627944,-0.51378724224786287,0.60068355172607724,0.24260076696663591
2.1421529756662272,-2.1771355051478762,2.3448115340733677,-0.54162454373235946,0.60455015922657074,0.24260076696663591
2.1375036133951446,-2.1959291619115993,2.3449262545232887,-0.56904269278220465,0.60880976840879708,0.24260076696663591
2.1322280442143731,-2.2144675150198885,2.3450936094601458,-0.59609359068129331,0.61344836580542239,0.24260076696663591
2.1263148496315414,-2.2327641490659276,2.3453219064899442,-0.62283088873376524,0.6184598264972766,0.24260076696663591
2.1197520330905797,-2.2508315746527492,2.3456205956927896,-0.64930796986212747,0.62384551997973192,0.24260076696663591
2.1125269429724027,-2.2686808112770698,2.3459997411767173,-0.67557631060623913,0.62961391933301958,0.24260076696663591
2.1046262148947927,-2.2863210780484913,2.3464695345141546,-0.70168401657091195,0.63578022273613322,0.24260076696663591
2.0960357350428489,-2.3037595741358148,2.3470398465889191,-0.72767449537720497,0.64236599362755131,0.24260076696663591
2.0867406263394517,-2.3210013344849201,2.3477198134262762,-0.75358523434237445,0.64939881937965682,0.24260076696663591
2.0767252595837804,-2.3380491502767349,2.3485174517799003,-0.77944665558785586,0.65691198315191202,0.24260076696663591
2.0659732921541134,-2.3549035474046467,2.3494393013629149,-0.80528102853671468,0.66494413933638918,0.24260076696663591
2.0544677374426468,-2.3715628196419236,2.3504900923653476,-0.8311014283197441,0.6735389794991975,0.24260076696663591
2.0421910687031697,-2.3880231159778753,2.3516724391659456,-0.85691073836156084,0.68274487276064255,0.24260076696663591
2.02912507127574,-2.4042786542672081,2.3529862907083001,-0.8826999834489595,0.69261382909168889,0.24260076696663591
2.0152014739117621,-2.4203208095054691,2.3544101058677782,-0.90838572472995294,0.70317342596505339,0.24260076696663591
2.0002994262692582,-2.4361790394381901,2.3558350397821517,-0.93368208186425283,0.71421521859122328,0.24260076696663591
1.9843808038080391,-2.4518640813228321,2.3572524235224006,-0.95857852317277881,0.72574347217902957,0.24260076696663591
1.9674069727841226,-2.4673797041296339,2.3586645449384065,-0.98308495201411883,0.73780037486435512,0.24260076696663591
1.949337735461375,-2.4827278087332876,2.360072208312852,-1.0072023490148503,0.75043336602846356,0.24260076696663591
1.9301308982493042,-2.4979087743482782,2.3614740875767355,-1.0309207615007168,0.76369364405326745,0.24260076696663591
1.9097423014490995,-2.5129217245785185,2.3628665584769095,-1.0542185723538737,0.77763561098289935,0.24260076696663591
1.8881258931943317,-2.5277648074118502,2.3642435687043513,-1.0770618535922747,0.79231626065311156,0.24260076696663591
1.8652338546211262,-2.5424354832730076,2.3655965438061188,-1.0994038083605464,0.80779448932113451,0.24260076696663591
1.8410167850546721,-2.5569308139846325,2.3669143275446634,-1.1211843116882456,0.8241303070906888,0.24260076696663591
1.8154239568457533,-2.5712477441380845,2.3681831558074578,-1.1423295656799126,0.84138392713496701,0.24260076696663591
1.7884036499487002,-2.5853833645572295,2.3693866632277034,-1.1627518893688138,0.85961470895238867,0.24260076696663591
1.7599035761206829,-2.5993351454280318,2.3705059213468522,-1.1823496671042191,0.87887993189656777,0.24260076696663591
1.7298714013615375,-2.613101124535826,2.3715195064748129,-1.2010074818271201,0.89923337633594325,0.24260076696663591
1.6982553724677441,-2.6266800342219523,2.372403594462507,-1.2185964606823896,0.92072369244333818,0.24260076696663591
1.6649719062355131,-2.6400828134388394,2.3731308386349199,-1.2349816758874315,0.94336246306430904,0.24260076696663591
1.6297819878926521,-2.6533735607944431,2.3736683693563303,-1.2500597024464484,0.96701851722409937,0.24260076696663591
1.5923061790547468,-2.6666581241802523,2.373984844549839,-1.2637840668557747,0.99145666000860277,0.24260076696663591
1.5524047834370105,-2.6799452644665203,2.3740617686173877,-1.276064859548417,1.0167060541815018,0.24260076696663591
1.5099637225898845,-2.6932319763378199,2.3738772849677217,-1.286786236307554,1.042816707584906,0.24260076696663591
1.4648678072432908,-2.7065139475517555,2.3734048896287465,-1.2958115051816559,1.0698283032584652,0.24260076696663591
1.41700204032434,-2.7197854907588268,2.372613388107335,-1.3029833000983817,1.0977666140128097,0.24260076696663591
1.3662050552166494,-2.7330388730657975,2.3714604507562682,-1.3080880426096042,1.1266541149978977,0.24260076696663591
1.3122926262480754,-2.7462633377653711,2.3698930947697323,-1.3108626903531393,1.1564927875973507,0.24260076696663591
1.2552739578980348,-2.7594474133905149,2.3678790166177301,-1.311168942121949,1.1871974916250105,0.24260076696663591
1.1950583349258268,-2.7725759821037146,2.3653683871924454,-1.3087786568222335,1.2186831462945755,0.24260076696663591
1.1315655445798694,-2.7856306123418455,2.3623077825091734,-1.3034547422726683,1.2508235837353525,0.24260076696663591
1.0647261771272758,-2.7985895863658956,2.3586409203022822,-1.2949563670275701,1.2834457723473285,0.24260076696663591
0.99447943224447832,-2.8114287070971749,2.3543096549566767,-1.2830451944249035,1.3163246046997759,0.24260076696663591
0.92076627481100759,-2.8241235268379965,2.3492551842982023,-1.2674922049390507,1.3491788711994221,0.24260076696663591
0.84351299818127723,-2.8366545203598736,2.3434192615931519,-1.2480837548987469,1.3816693516864129,0.24260076696663591
0.76242196179062294,-2.849051800678835,2.3367528536330133,-1.2246695216713503,1.4133851967813649,0.24260076696663591
0.67658230325010271,-2.8614744192542174,2.3292228774333208,-1.1972098974757701,1.4438517228823631,0.24260076696663591
0.58489313051460778,-2.8741398884015728,2.3207675058736275,-1.1655469477735505,1.4726221171580651,0.24260076696663591
0.4857129494256392,-2.887421477402135,2.3112486336814757,-1.1292030238465385,1.4993012882859502,0.24260076696663591
0.37560602771125429,-2.9021225103192587,2.3003747090324884,-1.0871542775204504,1.5235307154123108,0.24260076696663591
0.26110010883237866,-2.9163917224321745,2.2885264462243158,-1.0414908175796647,1.5437960262157622,0.24260076696663591
0.16776948185411181,-2.9238827556838678,2.2777455585584749,-1.0007900254619158,1.5575233246222702,0.24260076696663591
0.10753024461541719,-2.9224102050524228,2.2694664449101589,-0.97000056725866757,1.5648888404507146,0.24260076696663591
0.057499596130838826,-2.918305773220637,2.2622490191402176,-0.9425131432755377,1.5689672960283776,0.24260076696663591
0.0094419595600232931,-2.9137397466266348,2.2554907627678404,-0.91579924442816474,1.5705863103612883,0.24260076696663591
-0.037912994622191713,-2.9090804980484117,2.2491038167124975,-0.88948430493196118,1.5698667112566158,0.24260076696663591
-0.084472982153146095,-2.9043559985097533,2.2431066983479422,-0.86361915505335296,1.5668512790109708,0.24260076696663591
-0.12936318584840314,-2.8994055086199078,2.2375775381102048,-0.83848651893094717,1.56163541364855,0.24260076696663591
-0.16563178872546636,-2.8925967698483568,2.2330424721849442,-0.81616421175166765,1.5549001171998222,0.24260076696663591
-0.12834717610761995,-2.8678998896598924,2.2338334783118676,-0.81582057192217594,1.5553051403176321,0.24260076696663591
-0.092905568042771586,-2.8435416556203306,2.2342326028493789,-0.81471571575404389,1.5572664802434892,0.24260076696663591
-0.073717839884723343,-2.8231885419490301,2.233512061945115,-0.80859743552012764,1.5581808211488333,0.24260076696663591
-0.062072512478496669,-2.8047180020837366,2.2324497127077985,-0.80048711588906929,1.5586159469767615,0.24260076696663591
-0.053939818548669485,-2.7871485514616898,2.2313470923560019,-0.7916411119523169,1.5588772297072431,0.24260076696663591
-0.047830318457238528,-2.7701210146563851,2.2303014030091686,-0.7824740867823553,1.5590581091502638,0.24260076696663591
-0.043040673119001345,-2.7534675111804692,2.2293517391399491,-0.77315669696894906,1.5591931649211388,0.24260076696663591
-0.03917396191366191,-2.7370942985382047,2.2285146297058738,-0.76376571797935577,1.5592985003102271,0.24260076696663591
-0.035983358628323345,-2.7209438200197678,2.2277955812833965,-0.75433205581201213,1.5593826429230147,0.24260076696663591
-0.033305376130154295,-2.7049785487677647,2.2271940811115534,-0.74486128859651879,1.559450486949495,0.24260076696663591
-0.031026626221624897,-2.6891729631830192,2.2267061049178718,-0.73534388749091495,1.5595050115400861,0.24260076696663591
-0.029065617146404311,-2.6735091626941676,2.2263254925326659,-0.72576079489767897,1.559548117070318,0.24260076696663591
-0.027362083746596589,-2.6579743022847997,2.226044752466013,-0.71608667736607856,1.5595810645870063,0.24260076696663591
-0.02587039702916678,-2.6425590081626176,2.2258555566554312,-0.70629192596535717,1.5596047208256445,0.24260076696663591
-0.024555319165610448,-2.6272563541276073,2.2257490583475259,-0.69634394770910779,1.5596197016911286,0.24260076696663591
-0.023389173085082138,-2.612061172994192,2.2257161059402728,-0.68620804426068649,1.5596264600335608,0.24260076696663591
-0.022349899544780689,-2.5969695753618294,2.2257473954152767,-0.67584805008017534,1.5596253416685084,0.24260076696663591
-0.021418921912731509,-2.5819772460580137,2.2258472977645036,-0.66527284123796349,1.5596175891174742,0.24260076696663591
-0.020577362919954566,-2.5670738942317342,2.2260837490724299,-0.65470644755039076,1.5596087549554429,0.24260076696663591
-0.019807664843680104,-2.5522449528180515,2.2265629378465306,-0.64451022644835565,1.5596063019647379,0.24260076696663591
-0.019101742601214042,-2.537487437682385,2.2272749305277988,-0.63465983364221157,1.5596090050885729,0.24260076696663591
-0.018453042650385953,-2.5227988379965347,2.2282059276317954,-0.6251176657687052,1.5596154912345743,0.24260076696663591
-0.017856717150503899,-2.5081778090323801,2.2293455644553686,-0.61585001570923759,1.5596246251345789,0.24260076696663591
-0.01730833092414993,-2.4936228679755583,2.2306825698088586,-0.60682026982268011,1.5596353915870136,0.24260076696663591
-0.016801924887844256,-2.4791294318830666,2.2321966118831078,-0.59798141693318774,1.559646893570519,0.24260076696663591
-0.016333760104861098,-2.4646951936862607,2.2338743691669523,-0.58929552196670154,1.5596584489798806,0.24260076696663591
-0.015900547349760177,-2.4503179505222685,2.2357028110814414,-0.58072487917202265,1.5596694859661102,0.24260076696663591
-0.015499383189977869,-2.4359956136405558,2.2376692162950391,-0.57223202795844919,1.5596795272505579,0.24260076696663591
-0.015127696674993928,-2.4217262150110468,2.2397611859818234,-0.5637797636685401,1.5596881772796309,0.24260076696663591
-0.014783204595494828,-2.4075079105293971,2.2419666545478028,-0.55533115042996539,1.5596951117901166,0.24260076696663591
-0.014463873712525712,-2.3933389798298816,2.2442739002291106,-0.54684954297139476,1.5597000694318099,0.24260076696663591
-0.014167888691003657,-2.3792178228062144,2.2466715579148282,-0.53829862425736175,1.559702845155112,0.24260076696663591
-0.013893624719431938,-2.3651429530266808,2.2491486365597986,-0.52964246594988706,1.5597032851272854,0.24260076696663591
-0.013639167269576537,-2.3511152617902775,2.2517239571502916,-0.52093568333101525,1.5597021506022117,0.24260076696663591
-0.013402119686101456,-2.3371383611002381,2.2544593737732894,-0.51236794108030392,1.5597013959998203,0.24260076696663591
-0.013180633443100097,-2.3232128862062655,2.2573927298550207,-0.50406132732317355,1.5597021462440186,0.24260076696663591
-0.012973880186964007,-2.3093348281860475,2.2605078035500963,-0.49597395033681357,1.5597038918541257,0.24260076696663591
-0.012781165954846555,-2.2955001903853871,2.2637878592696179,-0.48806141336745573,1.5597061292916894,0.24260076696663591
-0.012601837976659992,-2.2817050377576877,2.2672165668430275,-0.48027969336022258,1.5597084418640106,0.24260076696663591
-0.012435294735562005,-2.2679455404922795,2.2707780049788839,-0.47258506457482102,1.5597104817047602,0.24260076696663591
-0.012280982400125484,-2.2542179938503812,2.2744566524633747,-0.4649340351925082,1.5597119638861052,0.24260076696663591
-0.012138391532834907,-2.2405188320355531,2.278237381717017,-0.45728330106493825,1.5597126612989582,0.24260076696663591
-0.012007062292302424,-2.2268446293350963,2.2821053794029664,-0.44958948156914746,1.5597123974042284,0.24260076696663591
-0.011886560456470935,-2.2131921008812165,2.2860462477789709,-0.44180945027757379,1.5597110557004605,0.24260076696663591
-0.011776650014582333,-2.1995583415456106,2.2900466228992906,-0.4338973566039957,1.5597085478125239,0.24260076696663591
-0.011677001969413152,-2.1859402542687496,2.2940923234696569,-0.42580704884307158,1.5597048492807968,0.24260076696663591
-0.011587030600822411,-2.1723345242533862,2.2981688230474329,-0.41749967690941153,1.55970002353537,0.24260076696663591
-0.011506434085872841,-2.1587383890360607,2.3022634930754524,-0.4089336256409723,1.5596941547440628,0.24260076696663591
-0.011434902546623844,-2.1451491202939841,2.3063641486657809,-0.40006781423328119,1.5596874106389491,0.24260076696663591
-0.011371207048859808,-2.1316256520192409,2.3107243801903619,-0.39161998989129376,1.5596822672733102,0.24260076696663591
-0.011313638294143318,-2.1182451194202025,2.3157008479921046,-0.38463301733333283,1.5596816092821382,0.24260076696663591
-0.01126205125263452,-2.1049965610034493,2.3212952614556435,-0.379158533005099,1.5596846114730099,0.24260076696663591
-0.011216546983429377,-2.091853613517753,2.3274544877188408,-0.37509415170429933,1.5596900319867684,0.24260076696663591
-0.011177181738217221,-2.0787887202606341,2.3341274775426974,-0.37234315855723277,1.5596968206670347,0.24260076696663591
-0.011143970636573299,-2.0657739187117867,2.3412661964316523,-0.37081638988690935,1.5597041042620012,0.24260076696663591
-0.011116898916405054,-2.0527813665862924,2.3488258669929358,-0.37043237121033962,1.5597111607344107,0.24260076696663591
-0.011095931462492513,-2.039783725526445,2.3567650242201923,-0.37111711402430514,1.559717395056617,0.24260076696663591
-0.011080951571597478,-2.0267982151960831,2.3652162157833492,-0.37329181559441044,1.559722466178211,0.24260076696663591
-0.011071773275748103,-2.0140259927817481,2.3750527718937939,-0.37949731069482318,1.5597266695146363,0.24260076696663591
-0.011068036343060082,-2.0015027335412054,2.3871868692014804,-0.3927251760085349,1.5597288774458724,0.24260076696663591
-0.011067563887260393,-1.9888552639615527,2.4005298191883684,-0.4100887475268557,1.5597288955770525,0.24260076696663591
-0.011069584089243746,-1.9760693567762837,2.4147687986591562,-0.43059790767077311,1.5597270834562325,0.24260076696663591
-0.011075214825424749,-1.9623826849006483,2.4302967102765107,-0.45681147930672705,1.5597217869714548,0.24260076696663591
-0.011081365371460972,-1.9482112670907799,2.446089625445671,-0.48469585487053624,1.5597158757410168,0.24260076696663591
-0.011088634958200096,-1.9328627823120805,2.4624829067724456,-0.51649656327052007,1.5597085985648085,0.24260076696663591
-0.011095461461296684,-1.9164367457828841,2.4790439362666934,-0.55063583299727892,1.559701641691124,0.24260076696663591
-0.011101708618353244,-1.8986017758613332,2.4958243018573749,-0.58783284648608114,1.5596951036232383,0.24260076696663591
-0.01110625064995472,-1.8792727994391254,2.5125713057536165,-0.6274183765383734,1.5596903398533162,0.24260076696663591
-0.011108524583190078,-1.8579565477152622,2.529273933088342,-0.67018102795669154,1.5596879361926173,0.24260076696663591
-0.011108950417455528,-1.8354760853122047,2.5456797317342845,-0.71398009890571301,1.5596875541545032,0.24260076696663591
-0.011104399634435243,-1.8098606008758846,2.5612862210317813,-0.76057007198484339,1.5596926160033588,0.24260076696663591
-0.011099581744012668,-1.7840671463976345,2.5766563453867328,-0.80674856844758869,1.5596979104449324,0.24260076696663591
-0.011090817620580246,-1.7556443703498457,2.5885344244795836,-0.84684792748310167,1.5597066412010923,0.24260076696663591
-0.011082823883522957,-1.7272777299111772,2.5992958622395324,-0.88356286560479536,1.5597144314155447,0.24260076696663591
-0.01107744275767595,-1.6991014621561631,2.6062704343975227,-0.90880021753702889,1.5597190319710308,0.24260076696663591
-0.011076648126233251,-1.6742821810183954,2.6070164759247785,-0.90996351235740869,1.5597231276569947,0.24260076696663591
-0.011069043475891015,-1.6579914012208345,2.5927678236165579,-0.85154947589638874,1.5597675703472345,0.24260076696663591
-0.011041282148669363,-1.6443669203796367,2.569586709886813,-0.75979010436149863,1.5599070845504863,0.24260076696663591
-0.01097768334451261,-1.6285287691596202,2.5424621501005045,-0.65670295959558567,1.5601810028194252,0.24260076696663591
-0.010882016512253128,-1.6092040843255815,2.5145680111102391,-0.553730277995378,1.5605811176282394,0.24260076696663591
-0.010753116526027728,-1.586487496705079,2.4862384811716991,-0.45159106151384099,1.5611056044422906,0.24260076696663591
-0.010577704320328847,-1.5600863192108012,2.4560483554310135,-0.34577124984636531,1.5617790003852423,0.24260076696663591
-0.010391095182216844,-1.5315380645341881,2.4281482030844113,-0.24726759076714036,1.5625180586240559,0.24260076696663591
-0.010220829131096626,-1.502724495157463,2.4046614881617319,-0.16062893766911596,1.5632550127529226,0.24260076696663591
-0.010055412414617357,-1.4735782155308765,2.3837381953921044,-0.080103614113173585,1.5640077461742528,0.24260076696663591
-0.0098811584332166337,-1.443521615752595,2.3638537555995702,-0.0013922181185352692,1.5647987069542544,0.24260076696663591
