case_id,error,family,future_joint_reads,joint_bounds_ok,max_joint_step_deg,max_normal_error_rad,max_position_error_m,native_collision_status,native_min_robot_world_distance_m,native_min_self_distance_m,observed_seed_rows_used,robustness_status,state_count,status,target_count,trajectory_csv
initial_small_plus,,initial_state,0,True,15.421526741329815,0.01394643322862019,7.990616906379753e-06,PASS,0.08857717027025891,0.016622079721450748,16,PASS,181,PASS,181,/mnt/d/robotfucker/outputs/stage3_h13_d41_offline_robot_certification/run_20260827T152326Z/robustness/trajectories/initial_small_plus.csv
initial_small_minus,,initial_state,0,True,14.549310685472367,0.01394643322862019,5.100872667878104e-06,PASS,0.08857717027025878,0.016622079721450748,16,PASS,181,PASS,181,/mnt/d/robotfucker/outputs/stage3_h13_d41_offline_robot_certification/run_20260827T152326Z/robustness/trajectories/initial_small_minus.csv
initial_medium_plus,,initial_state,0,True,15.33365113309836,0.013946433228620214,8.06608101886243e-06,PASS,0.08857717027025878,0.016622079721570728,16,PASS,181,PASS,181,/mnt/d/robotfucker/outputs/stage3_h13_d41_offline_robot_certification/run_20260827T152326Z/robustness/trajectories/initial_medium_plus.csv
initial_medium_minus,,initial_state,0,True,14.546120359509107,0.01394643322862019,5.935712220540266e-06,PASS,0.08857717027025891,0.016622079721450748,16,PASS,181,PASS,181,/mnt/d/robotfucker/outputs/stage3_h13_d41_offline_robot_certification/run_20260827T152326Z/robustness/trajectories/initial_medium_minus.csv
initial_asymmetric,,initial_state,0,True,17.629875933413647,0.013946433228620214,4.6914786317265205e-06,PASS,0.08857717027025878,0.016622079721570728,16,PASS,181,PASS,181,/mnt/d/robotfucker/outputs/stage3_h13_d41_offline_robot_certification/run_20260827T152326Z/robustness/trajectories/initial_asymmetric.csv
initial_task_joint,,initial_state,0,True,14.998335609785942,0.01394643322862019,4.691478631727043e-06,PASS,0.08857717027025866,0.016622079721450748,16,PASS,181,PASS,181,/mnt/d/robotfucker/outputs/stage3_h13_d41_offline_robot_certification/run_20260827T152326Z/robustness/trajectories/initial_task_joint.csv
cartesian_x_m1_1mm,,cartesian_translation,0,True,15.01404670567474,0.014001584740672961,6.363341692660586e-06,PASS,0.08797182799509792,0.01662203459774946,16,PASS,181,PASS,181,/mnt/d/robotfucker/outputs/stage3_h13_d41_offline_robot_certification/run_20260827T152326Z/robustness/trajectories/cartesian_x_m1_1mm.csv
cartesian_x_p1_1mm,,cartesian_translation,0,True,14.972092063181382,0.013824637646982876,6.3734187808273265e-06,PASS,0.08898585987224338,0.0166222131194214,16,PASS,181,PASS,181,/mnt/d/robotfucker/outputs/stage3_h13_d41_offline_robot_certification/run_20260827T152326Z/robustness/trajectories/cartesian_x_p1_1mm.csv
cartesian_z_m1_1mm,,cartesian_translation,0,True,14.920553733397481,0.013946408741707652,6.416548091128037e-06,PASS,0.08835951930357322,0.016622180310874226,16,PASS,181,PASS,181,/mnt/d/robotfucker/outputs/stage3_h13_d41_offline_robot_certification/run_20260827T152326Z/robustness/trajectories/cartesian_z_m1_1mm.csv
cartesian_z_p1_1mm,,cartesian_translation,0,True,15.063004678770303,0.013946457715532327,6.340082947640341e-06,PASS,0.08880343724707292,0.016622044879116598,16,PASS,181,PASS,181,/mnt/d/robotfucker/outputs/stage3_h13_d41_offline_robot_certification/run_20260827T152326Z/robustness/trajectories/cartesian_z_p1_1mm.csv
cartesian_x_m1_2mm,,cartesian_translation,0,True,15.038960132648302,0.013990075434342204,6.3529633447229714e-06,PASS,0.08771766320239657,0.01662206013649042,16,PASS,181,PASS,181,/mnt/d/robotfucker/outputs/stage3_h13_d41_offline_robot_certification/run_20260827T152326Z/robustness/trajectories/cartesian_x_m1_2mm.csv
cartesian_x_p1_2mm,,cartesian_translation,0,True,14.954856262387809,0.013906209075464934,6.373406034629573e-06,PASS,0.08834815723653058,0.016622453664951374,16,PASS,181,PASS,181,/mnt/d/robotfucker/outputs/stage3_h13_d41_offline_robot_certification/run_20260827T152326Z/robustness/trajectories/cartesian_x_p1_2mm.csv
cartesian_z_m1_2mm,,cartesian_translation,0,True,14.84929455444342,0.013946384254795293,6.481557287246444e-06,PASS,0.08815057868410142,0.016622345412036218,16,PASS,181,PASS,181,/mnt/d/robotfucker/outputs/stage3_h13_d41_offline_robot_certification/run_20260827T152326Z/robustness/trajectories/cartesian_z_m1_2mm.csv
cartesian_z_p1_2mm,,cartesian_translation,0,True,15.13419708533265,0.013946482202444358,6.324563812694808e-06,PASS,0.08903822488493732,0.016622077016643033,16,PASS,181,PASS,181,/mnt/d/robotfucker/outputs/stage3_h13_d41_offline_robot_certification/run_20260827T152326Z/robustness/trajectories/cartesian_z_p1_2mm.csv
cartesian_x_m1_5mm,,cartesian_translation,0,True,15.13068567576149,0.013941152603116415,6.298181992364213e-06,PASS,0.08796824392185036,0.01662205046898161,16,PASS,181,PASS,181,/mnt/d/robotfucker/outputs/stage3_h13_d41_offline_robot_certification/run_20260827T152326Z/robustness/trajectories/cartesian_x_m1_5mm.csv
cartesian_x_p1_5mm,,cartesian_translation,0,True,14.917013950749334,0.013950804529471084,6.354443042435646e-06,PASS,0.08917658478289248,0.016622207508874057,16,PASS,181,PASS,181,/mnt/d/robotfucker/outputs/stage3_h13_d41_offline_robot_certification/run_20260827T152326Z/robustness/trajectories/cartesian_x_p1_5mm.csv
cartesian_z_m1_5mm,,cartesian_translation,0,True,14.635378210754418,0.013946310794058243,6.813816553535808e-06,PASS,0.08757694504474156,0.016622159823094635,16,PASS,181,PASS,181,/mnt/d/robotfucker/outputs/stage3_h13_d41_offline_robot_certification/run_20260827T152326Z/robustness/trajectories/cartesian_z_m1_5mm.csv
cartesian_z_p1_5mm,,cartesian_translation,0,True,15.347645747134393,0.013946555663181537,6.348994164583243e-06,PASS,0.08958772805939451,0.016622587599749175,16,PASS,181,PASS,181,/mnt/d/robotfucker/outputs/stage3_h13_d41_offline_robot_certification/run_20260827T152326Z/robustness/trajectories/cartesian_z_p1_5mm.csv
normal_y_m1_0.5deg,,surface_normal,0,True,14.119804877549289,0.013810871834616066,4.795832852794793e-06,PASS,0.08883038351674714,0.016622642800376956,16,PASS,181,PASS,181,/mnt/d/robotfucker/outputs/stage3_h13_d41_offline_robot_certification/run_20260827T152326Z/robustness/trajectories/normal_y_m1_0.5deg.csv
normal_y_p1_0.5deg,,surface_normal,0,True,15.843439840840867,0.014005145384710706,4.58877423301842e-06,PASS,0.08775726416761624,0.016622143907775673,16,PASS,181,PASS,181,/mnt/d/robotfucker/outputs/stage3_h13_d41_offline_robot_certification/run_20260827T152326Z/robustness/trajectories/normal_y_p1_0.5deg.csv
normal_y_m1_1deg,,surface_normal,0,True,13.239751560995298,0.013964366284553052,4.901682573655061e-06,PASS,0.08846055655014483,0.01662255376048618,16,PASS,181,PASS,181,/mnt/d/robotfucker/outputs/stage3_h13_d41_offline_robot_certification/run_20260827T152326Z/robustness/trajectories/normal_y_m1_1deg.csv
normal_y_p1_1deg,,surface_normal,0,True,16.695093044332044,0.01394969241071751,4.487852375064101e-06,PASS,0.08761274959225253,0.01662249606028867,16,PASS,181,PASS,181,/mnt/d/robotfucker/outputs/stage3_h13_d41_offline_robot_certification/run_20260827T152326Z/robustness/trajectories/normal_y_p1_1deg.csv
normal_y_m1_2deg,,surface_normal,0,True,13.015307451311216,0.013929289258267046,5.1171350021195225e-06,PASS,0.08973760659749534,0.01662265680168098,16,PASS,181,PASS,181,/mnt/d/robotfucker/outputs/stage3_h13_d41_offline_robot_certification/run_20260827T152326Z/robustness/trajectories/normal_y_m1_2deg.csv
normal_y_p1_2deg,,surface_normal,0,True,17.695063755192955,0.013960517481985317,4.291787399392369e-06,PASS,0.08759535175638536,0.016622065497250708,16,PASS,181,PASS,181,/mnt/d/robotfucker/outputs/stage3_h13_d41_offline_robot_certification/run_20260827T152326Z/robustness/trajectories/normal_y_p1_2deg.csv
density_dense_2x,,waypoint_density,0,True,17.153928647010908,0.013978863428445808,5.828659145093982e-07,PASS,0.0879440454816279,0.01662215723626941,16,PASS,361,PASS,361,/mnt/d/robotfucker/outputs/stage3_h13_d41_offline_robot_certification/run_20260827T152326Z/robustness/trajectories/density_dense_2x.csv
density_sparse_2x,,waypoint_density,0,True,17.12972847262701,0.013946433228620242,5.993733771660772e-06,PASS,0.09034994744699165,0.016622455248947662,16,PASS,91,PASS,91,/mnt/d/robotfucker/outputs/stage3_h13_d41_offline_robot_certification/run_20260827T152326Z/robustness/trajectories/density_sparse_2x.csv
density_nonuniform,,waypoint_density,0,True,19.78361210463315,0.013771708143399728,1.0169689803756747e-05,PASS,0.08800994416174077,0.016622064075399352,16,PASS,137,PASS,137,/mnt/d/robotfucker/outputs/stage3_h13_d41_offline_robot_certification/run_20260827T152326Z/robustness/trajectories/density_nonuniform.csv
curvature_plus_1mm,,curvature_shape,0,True,15.011421875683057,0.01394645771553282,6.3602786052752375e-06,PASS,0.08880255998209223,0.016622044879467314,16,PASS,181,PASS,181,/mnt/d/robotfucker/outputs/stage3_h13_d41_offline_robot_certification/run_20260827T152326Z/robustness/trajectories/curvature_plus_1mm.csv
curvature_minus_1mm,,curvature_shape,0,True,14.972157100937851,0.013946408741707788,6.381183285904859e-06,PASS,0.08836033111981798,0.01662218028103696,16,PASS,181,PASS,181,/mnt/d/robotfucker/outputs/stage3_h13_d41_offline_robot_certification/run_20260827T152326Z/robustness/trajectories/curvature_minus_1mm.csv
local_shape_2mm,,curvature_shape,0,True,15.056409538933654,0.013946433228619463,6.337962233490217e-06,PASS,0.08878901663987478,0.01662207808626805,16,PASS,181,PASS,181,/mnt/d/robotfucker/outputs/stage3_h13_d41_offline_robot_certification/run_20260827T152326Z/robustness/trajectories/local_shape_2mm.csv
local_shape_minus_2mm,,curvature_shape,0,True,14.927655429074036,0.013946433228619928,6.413610333281355e-06,PASS,0.08837778294172653,0.016622081562959575,16,PASS,181,PASS,181,/mnt/d/robotfucker/outputs/stage3_h13_d41_offline_robot_certification/run_20260827T152326Z/robustness/trajectories/local_shape_minus_2mm.csv
near_singular_plus,,near_singularity,0,True,13.530058241440091,0.01394643322862019,4.691478631644238e-06,PASS,0.08857717027025866,0.016622079721450748,16,PASS,181,PASS,181,/mnt/d/robotfucker/outputs/stage3_h13_d41_offline_robot_certification/run_20260827T152326Z/robustness/trajectories/near_singular_plus.csv
near_singular_minus,,near_singularity,0,True,16.222078327954687,0.013946433228620214,4.6914786317265205e-06,PASS,0.08857717027025878,0.016622079721570728,16,PASS,181,PASS,181,/mnt/d/robotfucker/outputs/stage3_h13_d41_offline_robot_certification/run_20260827T152326Z/robustness/trajectories/near_singular_minus.csv
near_singular_wrist,,near_singularity,0,True,22.209170231708114,0.01394643322862019,4.6914786317265205e-06,PASS,0.08857717027025866,0.016622079721450748,16,PASS,181,PASS,181,/mnt/d/robotfucker/outputs/stage3_h13_d41_offline_robot_certification/run_20260827T152326Z/robustness/trajectories/near_singular_wrist.csv
near_limit_j3_upper_0.08rad,,near_joint_limit,0,True,13.258550184620786,0.013946433228620214,4.691478631644238e-06,PASS,0.08857717027025878,0.001854729544187177,16,PASS,181,PASS,181,/mnt/d/robotfucker/outputs/stage3_h13_d41_offline_robot_certification/run_20260827T152326Z/robustness/trajectories/near_limit_j3_upper_0.08rad.csv
near_limit_j3_upper_0.12rad,,near_joint_limit,0,True,14.577511959020718,0.01394643322862019,4.691478631725997e-06,PASS,0.08857717027025878,0.016622079721450748,16,PASS,181,PASS,181,/mnt/d/robotfucker/outputs/stage3_h13_d41_offline_robot_certification/run_20260827T152326Z/robustness/trajectories/near_limit_j3_upper_0.12rad.csv
near_limit_j3_upper_0.18rad,,near_joint_limit,0,True,14.989240670136237,0.01394643322862019,4.691478631727043e-06,PASS,0.08857717027025866,0.016622079721450748,16,PASS,181,PASS,181,/mnt/d/robotfucker/outputs/stage3_h13_d41_offline_robot_certification/run_20260827T152326Z/robustness/trajectories/near_limit_j3_upper_0.18rad.csv
