t,j1_q,j2_q,j3_q,j4_q,j5_q,j6_q,j1_dq,j2_dq,j3_dq,j4_dq,j5_dq,j6_dq,j1_ddq,j2_ddq,j3_ddq,j4_ddq,j5_ddq,j6_ddq,j1_jerk,j2_jerk,j3_jerk,j4_jerk,j5_jerk,j6_jerk
0.0,2.2596216762645738,-1.3687367317540118,2.345421525697233,0.1638546669172149,1.1017848380800959,0.24260076695433053,0.0,0.0,0.0,0.0,0.0,0.0,0.0,0.0,0.0,0.0,0.0,0.0,6.233818151011923e-05,-6.88262494345639e-06,-1.2497969545556818e-05,-8.547798249793912e-05,0.00012917133776269794,8.533910973499933e-14
2.845472524,2.2431560173572183,-1.3911036782468515,2.3632358958307553,0.09767835961598247,1.0280035392082978,0.24260076695581062,-0.005415638116011312,-0.007830757242099723,0.006118381954771768,-0.023530327107086222,-0.025171153803755036,2.1619928070037986e-12,0.00017738158268316908,-1.958432016960221e-05,-3.556262894767069e-05,-0.00024322525060483866,0.0003675534924920806,2.428300919735615e-13,3.358637977549593e-05,-1.969526849041498e-05,9.123749009130459e-06,-0.00010370274195753263,7.392949042173523e-05,-6.673092246007195e-14
5.6912399570000005,2.2288001990458572,-1.4133034326975307,2.3802426216628843,0.02993776768766899,0.9585302090157873,0.2426007669666359,-0.004777067848860728,-0.007972015346837252,0.006058214752130975,-0.024641042269576786,-0.023837471365262153,1.901964696848779e-12,0.0001911311873802903,-0.0001120980565159004,5.19381984580606e-05,-0.0005902079385273814,0.000420717885564457,-3.7987139056247094e-13,-1.1316952661334047e-05,-3.8473987376630736e-05,4.63850271108755e-05,-0.00015299436351325944,-1.1290354536210403e-05,-1.0137758899718199e-13
8.536946297,2.215967428296107,-1.4364761736084029,2.3977160561730693,-0.04256538391249358,0.8923331258294029,0.2426007669666359,-0.004327815911945143,-0.008468752759191345,0.0064139779199015035,-0.02688945568483041,-0.022776643135445,0.0,0.00011297341652655505,-0.00023855728146562416,0.00022843462567286488,-0.0011139848622933038,0.00030329839791411704,-3.3417214623694765e-13,-3.237302204271141e-05,-4.922229173566225e-05,8.353442949921551e-05,-0.0002661184867880414,-5.308357485688952e-05,6.674956617368986e-14
11.382493727,2.2041694426699605,-1.461501150261796,2.4167461107013355,-0.12309649982512554,0.8289023986037632,0.2426007669666359,-0.004134093197398492,-0.009329685034485447,0.0073582613097955,-0.030980909885921976,-0.022111301131792604,0.0,6.889663407593557e-06,-0.0003922330896162134,0.0005273469983840184,-0.00210472970020369,0.00011860954706841356,1.219548646388837e-18,-2.737005816245504e-05,-5.612132591478157e-05,0.00012513032665167136,-0.0004353710554045063,-3.4504082373579976e-05,5.871370920709265e-14
14.227583825,2.1924417914023215,-1.4895675398511314,2.439588640795464,-0.2188640610980014,0.7665055612658417,0.2426007669666359,-0.004288553371262438,-0.010700727078950367,0.009414739735272737,-0.038866099574283684,-0.02210157382635307,6.938893903907228e-18,-4.2788727695737094e-05,-0.0005579214699148172,0.0009404875891511906,-0.0035914439789299273,0.00010692036795103286,-1.1901329371928134e-21,4.253173547739354e-05,-3.854372326631935e-06,1.3708073600733755e-05,-5.2654423856469956e-05,0.00018099231891839437,-8.579777516459395e-19
17.071286255,2.179773214242047,-1.5223730472346466,2.4703007661189162,-0.34418323328589384,0.703171602725248,0.2426007669666359,-0.0043775413040916256,-0.01250337358307102,0.012707896116486816,-0.051409614513237445,-0.02150334052253841,0.0,0.0002486774227340718,-0.000414310706261307,0.000605694263016454,-0.002405573605416951,0.0011477237067475713,-3.660118699606359e-18,0.00011710288071441152,0.00010849957274825452,-0.0002623697835128309,0.0009749411603200036,0.0004124091936715142,-2.1482506967530854e-19
19.91500587,2.167544869147783,-1.5606795356453445,2.5118638748859046,-0.5112524882987661,0.6442070147458719,0.2426007669666359,-0.0028742102924916857,-0.013057079375568548,0.012859559654563368,-0.05254754300214191,-0.015573952498131413,-1.3877787807814457e-17,0.0006232252796762763,5.916338541220702e-05,-0.0005517250727747076,0.0019534770447860303,0.0024524671025881787,-1.222954130340204e-18,4.3113985897858116e-05,0.0001243474871657887,-0.0002821129019014855,0.0010989523543524294,0.0001723704561114678,1.0719549505248515e-18
22.761446329,2.1634262606775065,-1.5966676678911307,2.543464157800485,-0.6431533951058546,0.6145814183881287,0.2426007669666359,-0.0008307748022107764,-0.012165342278766145,0.00956519802338951,-0.04028120356612956,-0.007546409978524543,-6.938893903907228e-18,0.0004935205584535672,0.00029301691995549037,-0.0009988933372760776,0.0038452788340091687,0.002126979702343444,2.440646652922432e-18,-8.094841490839925e-05,2.8227347429330164e-05,-3.390915443110594e-05,0.00019208767644700195,-0.00024326711622463528,4.2842301211242505e-19
25.601132925,2.1628126650460238,-1.6298596647062675,2.566273535970063,-0.7403782582947706,0.6012585618152405,0.2426007669666359,-6.496254642629484e-05,-0.011390674535822598,0.0071775872138770125,-0.030676537730443473,-0.003470322891890948,0.0,0.00016341965847938483,0.00022039526507215495,-0.0007461988515334735,0.003052087246028328,0.0010709586971301614,1.2246983129156489e-18,-8.30273366172847e-05,-2.8784115822665106e-05,3.590843009767614e-05,-9.974911052051938e-05,-0.00027916528977710205,-2.152455741522779e-19
28.454459384,2.1630605603588853,-1.6615067795338614,2.584302881607629,-0.8176979389743787,0.5948582227401257,0.2426007669666359,9.666967848981356e-05,-0.010912062189606886,0.005319665133845519,-0.022914660718993812,-0.0014593938794108807,0.0,2.1753206973554147e-05,0.0001290607866856067,-0.0007959176155097734,0.003282316354535705,0.0005402233535072824,1.2210740270421356e-18,-3.330814062690384e-05,-2.6593267455236392e-05,-4.5490800924806294e-05,0.00017430850547804622,-0.00014539592313865578,-2.1533796298800777e-19
31.299765777,2.1633633932351195,-1.6920463718238412,2.5966043567702837,-0.8710275050134707,0.5929294585895709,0.2426007669666359,5.9559906988970734e-05,-0.010654584975221204,0.0026442638911977623,-0.011980824220172104,-0.000389152757223607,6.938893903907228e-18,-2.6652956352531687e-05,6.876323732766631e-05,-0.0010049846751488364,0.004043907846370904,0.0002417502402435318,9.951723288611828e-22,-1.1166556152906959e-05,-8.871782261137796e-06,-2.59653260654033e-05,5.9218356275365426e-05,-8.724253887566779e-05,-4.2868316177070064e-19
34.146233735,2.163399452996674,-1.7221500900607791,2.5993495332910603,-0.8858743743691182,0.5926439239356405,0.2426007669666359,-5.5064560271933516e-05,-0.010520727847915634,-0.00040063119782290935,0.00010281762103866998,-8.371833734145684e-05,0.0,-4.179072694979405e-05,7.859323112360491e-05,-0.0009435959920725196,0.003618889526308716,4.369953775537451e-05,-1.218893516974437e-18,-1.0821363126495936e-06,1.0113826777436339e-05,6.832650319179107e-05,-0.00032807141939240235,-4.6885477788387856e-05,-1.9811182041995365e-22
36.992856576,2.163049884711714,-1.751941813670728,2.594323104126285,-0.8704405073554873,0.592452847633814,0.2426007669666359,-0.00017835896748769065,-0.010207136795386207,-0.0027276747023934345,0.008621648449664204,-0.00014038702367749623,0.0,-3.2812344447450126e-05,0.00012634423472671422,-0.0006159812034827015,0.0021761120928233168,-2.5166012489149962e-05,0.0,6.599746603206328e-06,7.704689834686254e-05,0.0001299248593100669,-0.0005050376272790797,-3.591367964173979e-06,8.021391659689844e-19
39.824502367,2.1623883426757478,-1.7801166775458679,2.5838898013290668,-0.837013934361017,0.5918489574619596,0.2426007669666359,-0.00024169556239200807,-0.009803794777596464,-0.003904357636740574,0.012483759766994479,-0.00022646061220341074,0.0,-4.41853414241837e-06,0.0005142855646282189,-0.00020629096666087914,0.0007510964142149361,2.2691335093029144e-05,3.3246962837621732e-18,7.239792702810118e-06,0.00011255461540661641,0.00012207084446157012,-0.0004132025335322603,8.733233655450749e-06,1.045928789286966e-18
42.681461889,2.161674563611296,-1.8077042978519244,2.5721015758108368,-0.7993907896817984,0.5911639315319205,0.2426007669666359,-0.00020258149630709467,-0.007262659499637402,-0.0038905411176930506,0.012863175605820967,-8.605232159967537e-06,1.9081958235744878e-17,8.230222699932553e-06,0.0007653797731255198,7.72817516884877e-05,-0.0001698549636394549,2.4098550635230112e-05,5.943356985462483e-18,3.946352899759532e-06,7.738756064704365e-05,9.122780227898677e-05,-0.00029730371245819,-2.875613617481439e-07,8.147964535390393e-19
71.314719994,2.164971584851186,-1.576205375242794,2.5265706155384744,-0.5722014658883879,0.62842532197788,0.2426007669666359,-0.0006837515243851589,-0.008186245090370544,0.007142957487796503,-0.029915706637221998,-0.005964504390182896,2.0853174767564918e-17,-1.680458529373109e-05,-3.225569326819768e-05,0.0003853385655478339,-0.001494027752092372,-0.0002080063378046058,6.185871427097174e-20,0.0001391680406945202,-0.00016435405119260923,-0.0004972236596306266,0.0018940889870330759,0.0007237174894174273,-4.7842407047467785e-18
72.852217433,2.163455505754845,-1.595337546376286,2.5424652982846765,-0.6389570590792121,0.6151568326127099,0.2426007669666359,-0.0006933600167812193,-0.012170132783728305,0.009523476491748117,-0.04020600698297666,-0.007213880203287892,0.0,0.000208727508523732,-0.00029621852378519317,-0.0004210794368432048,0.0015783189714725816,0.0009651251859105071,-7.671917409971782e-18,7.834486286454144e-05,6.085630735433582e-05,-0.00037846957923286906,0.0015046457235391442,0.0004855471326886624,-9.425974931518719e-19
74.582506852,2.1628257723230875,-1.6158626748345297,2.5573575395637835,-0.7022698436231815,0.6054321363406654,0.2426007669666359,-0.00020022463877145125,-0.011645651214377994,0.007954420078895574,-0.03391000580852621,-0.004582650052545767,6.938893903907228e-18,0.00021120561450423765,0.0002618949498839145,-0.0007915819435703973,0.0032205637578505454,0.0012649638578514971,-1.343456149320275e-18,-3.0704012666012536e-05,0.00015057778016687733,-6.258197189183573e-05,0.0003132747951772759,-2.1624402720707675e-05,1.7088679992518361e-18
76.49434168,2.162788827383908,-1.637669683584068,2.5711869877814295,-0.7614370532180232,0.5988627672814952,0.2426007669666359,4.7676726473599995e-05,-0.011232031702879064,0.006684472624888582,-0.02863609912000764,-0.0027044467695920005,-6.938893903907228e-18,8.461918500464268e-05,0.0001864852773517992,-0.0005910993181311767,0.002476325154766987,0.0008118827470270907,-2.1926400048955486e-18,-5.11650856165721e-05,-3.468959052871095e-05,3.290527763265803e-05,-0.00011496332326035939,-0.00019242406462575268,6.682428038239362e-19
78.57828806,2.163040379533622,-1.660680719847694,2.5838696990741172,-0.8158618474909658,0.5948889684376377,0.2426007669666359,0.00012169072930373614,-0.010911238585356864,0.00561883220014614,-0.02411667622498928,-0.0013998853892244756,0.0,1.2173766758456444e-05,0.00012499304006773375,-0.0006859844483610528,0.002859871845281483,0.0005121096651759168,1.7268508302370649e-18,-2.590101715063973e-05,-2.592574352084108e-05,-9.190605032637083e-05,0.0003559105177939613,-0.00012323862381496015,7.192686036646134e-19
80.823470383,2.1633159708687852,-1.6848620254896713,2.59535518913861,-0.8651715089844951,0.5929722935598919,0.2426007669666359,9.256003294644266e-05,-0.010700614895646388,0.0036562667329180787,-0.016023834953503152,-0.0005256070803571072,0.0,-2.4541167774341953e-05,7.544912521539014e-05,-0.0010045054572631977,0.004074672306832997,0.0002852701789451243,5.321144200247637e-19,-1.1500663762183931e-05,-1.3138037094338521e-05,-7.93477413579724e-05,0.0002787665409590781,-8.76826293163614e-05,-3.2876814642747097e-19
83.688241353,2.1634707872697163,-1.7152620833416699,2.6004951339114513,-0.8893685180685492,0.5926657813082704,0.2426007669666359,-2.002399488279516e-05,-0.010551590842715564,0.0003019959204939582,-0.0026323235429473735,-8.901064269692394e-05,3.469446951953614e-18,-3.9751845645901414e-05,7.044923260929076e-05,-0.0010032831247996667,0.0039144658952976995,8.288294376825572e-05,3.3363869377302306e-19,-1.812124130379611e-06,6.627373336564252e-06,4.1995644147950224e-05,-0.0002213483343145885,-5.15404349753847e-05,-1.2788129015519805e-19
87.642322792,2.1629873915082762,-1.7566559428280795,2.59354545670249,-0.8680460500925067,0.5924119698539811,0.2426007669666359,-0.0001796748233707235,-0.010172447010701413,-0.002750452757131705,0.00869756920185255,-0.00014069085579715424,0.0,-2.7829534537634795e-05,0.00014234908245695994,-0.0006103623371847677,0.0021364117258469185,-1.663669409367613e-05,-4.918280865537318e-19,4.286973172321112e-06,1.7871470367339444e-05,8.056529103001217e-05,-0.00036389230175170825,-1.3018706976544284e-05,-7.416039084106888e-20
92.685623165,2.1617118637385717,-1.8060533614094771,2.5732874826363634,-0.8029216659963637,0.5912103253394182,0.2426007669666359,-0.00023932023304423788,-0.009155665637846339,-0.004789115132020988,0.014783087210018371,-0.0002475370866293833,0.0,1.971777475327318e-06,0.00023047180757868047,-0.0003250158969607346,0.0008530003974937528,-4.137454093371655e-06,0.0,4.8848449811698706e-06,1.0828779749031958e-05,4.421264226240484e-05,-0.00019335600064280465,3.5334450891374755e-06,5.351234765880235e-20
98.81801653,2.1603456318312415,-1.8574347226866632,2.5381599090840963,-0.698321693068239,0.5896231953932837,0.2426007669666359,-0.0001243380474947875,-0.007527111097605121,-0.006191553291630458,0.017376942281825902,-0.00014578580027279492,0.0,2.429011249772097e-05,0.0002473326760052999,-0.00014610077447114848,0.0001230356390038538,2.53982605924142e-05,0.0,1.8816251664889673e-06,-3.6470576844043443e-06,2.6475176197121444e-05,-9.952248354238688e-05,2.5817392963110453e-06,0.0
105.499312514,2.160231552041402,-1.9015267290612363,2.493419404830238,-0.579891923427118,0.589471903973816,0.2426007669666359,7.827991721645611e-05,-0.006007333913059271,-0.006566476497119417,0.016015615055001202,8.800806978037645e-05,0.0,2.4066261990449835e-05,0.0001764031234677684,1.1131782818526526e-05,-0.0003998710429741134,2.6381201097912577e-05,0.0,-1.5024956868196588e-06,-1.3619083681861343e-05,2.0088730898014686e-05,-6.065723115195501e-05,-1.8591509467044964e-06,0.0
111.495189616,2.161213989353304,-1.9343606247912037,2.454746606127035,-0.49306513651216977,0.5905949834227806,0.2426007669666359,0.00018889524086640463,-0.0052244079120293,-0.006137890132688284,0.012562765066605322,0.0001998521691647867,0.0,7.153170855237582e-06,7.858659393404264e-05,0.00011304720777800782,-0.0006688249104673127,4.4386798798950656e-06,0.0,-3.505017112822012e-06,-1.7810946504217102e-05,1.6953226698117606e-05,-4.2386678917102045e-05,-3.8050380265887265e-06,8.345377802549739e-20
116.755554137,2.162323223003545,-1.960681434084642,2.4238990092805506,-0.43583359253595255,0.5917041681418789,0.2426007669666359,0.00017439441626826424,-0.005050955326117018,-0.005351385567299749,0.008615511426023278,0.00015759874847563748,0.0,-1.4442272317365667e-05,-2.20141618805683e-05,0.0002020226474470703,-0.0008803960268909124,-1.624840764058394e-05,8.241429099633054e-19,-4.10269750809029e-06,-1.4847955165164351e-05,1.0883139691342712e-05,-1.968505279067984e-05,-2.4067783432673125e-06,-5.560927519717522e-20
121.281323423,2.1629704791642728,-1.9837252462074524,2.4016764759534293,-0.40565824200863854,0.5922100489347218,0.2426007669666359,6.353091789018661e-05,-0.005364694972271433,-0.004232626451851851,0.004124777320211562,5.207110775622137e-05,6.938893903907228e-18,-3.2999950359368106e-05,-7.256155316402908e-05,0.00022779330523813328,-0.0008895284657353824,-2.1199618755401443e-05,-2.5409719860898505e-19,-3.3507037063321263e-06,-2.0368064755823347e-06,-6.731398352120662e-06,3.7633977718078655e-05,6.657004387887862e-07,-1.955449838659851e-19
125.163670053,2.1629524121357733,-2.005462068550675,2.38750061716637,-0.3981125474582741,0.5922133597541986,0.2426007669666359,-9.2907685039334e-05,-0.005657189936237539,-0.003412877775657519,0.0010134522158103537,-2.318123252008364e-05,0.0,-4.351159894279594e-05,-5.00559794005082e-05,0.00016027747267728459,-0.0006113638457749791,-1.2754620792871944e-05,-8.710638578492719e-19,-1.8645743101067093e-06,5.852751770650139e-06,-1.5203444180252529e-05,6.178397740919876e-05,2.9223428394761905e-06,-9.426259980843544e-20
128.854634327,2.162299808301043,-2.0265471383939992,2.3757406575065123,-0.3976358041359916,0.59204346288471,0.2426007669666359,-0.000264795041268695,-0.005753223661663087,-0.00299980390619764,-0.0005762186393070481,-4.699825496529142e-05,0.0,-4.74356598714719e-05,-2.8257695661902823e-05,0.00011183641239339784,-0.00041793644004073686,6.532722946816322e-07,-9.921142219007226e-19,-6.87297792253244e-07,1.3826204592438378e-06,-4.76675440008302e-06,2.3783510375533393e-05,4.1525656570569554e-06,1.3657075222162918e-19
132.414758857,2.161054975265145,-2.0471687669538707,2.3657008744190784,-0.4021094471938298,0.5918728199912082,0.2426007669666359,-0.0004366452976020674,-0.00586151345675795,-0.0026019218453325887,-0.0020203208761854635,-2.0270849608372554e-05,-6.938893903907228e-18,-4.8591866698549086e-05,-3.886781827516252e-05,0.00012356509629798056,-0.00043155042363837134,1.722235555749666e-05,7.568842397934292e-20,-1.5039289759574563e-07,-3.85643645504734e-06,5.30194573930149e-06,-1.0026104841382837e-05,5.630531071225697e-06,4.431919490363346e-19
135.841800036,2.159271615107292,-2.0674844496533007,2.357503621165939,-0.41155264254123974,0.591894602306098,0.2426007669666359,-0.0006042306204600001,-0.0060225923731514475,-0.002139517310596417,-0.003584763412899171,7.079973950945007e-05,0.0,-4.853202475517975e-05,-5.497440799023096e-05,0.00014835764669811038,-0.0004863705618396159,3.973968333204171e-05,2.06712358033792e-18,2.696363739757765e-07,-4.560057635835903e-06,7.862471809508441e-06,-1.7436808681160353e-05,7.877658834003789e-06,-4.971068142450516e-20
139.133762253,2.157017354417225,-2.0876095484252057,2.3512586021331856,-0.42597586655598146,0.5923314568105099,0.2426007669666359,-0.0007628298215504037,-0.006228775415515142,-0.0016086628805199732,-0.005280335465436187,0.00024325353167740926,6.938893903907228e-18,-4.6846963340400443e-05,-6.95438835362429e-05,0.00017622673369862657,-0.0005483269174520817,6.980618872445551e-05,-9.125931245789138e-20,6.621810578467377e-07,-3.383846047359149e-06,7.75900793893693e-06,-1.5990583063542503e-05,1.009172747409656e-05,-4.800776472784157e-19
142.289112317,2.154374296403638,-2.1076124419891125,2.3470549096093194,-0.4453560849213688,0.5934333555331683,0.2426007669666359,-0.0009066236705971287,-0.006469114268329912,-0.0010073335528759664,-0.007111098686720663,0.0005162012635464563,0.0,-4.4302952792475665e-05,-7.706989285817339e-05,0.00019857149912960397,-0.0005902240014876647,0.00010454777185787223,-1.0750628447834657e-18,-4.990473060473933e-07,3.111810685484557e-06,-2.6242739208456792e-06,1.6946060095527292e-05,6.6562960901339245e-06,2.965644879504577e-20
145.307014739,2.151439086950488,-2.1275101316505247,2.34495270705462,-0.4696138807382389,0.5954731938634403,0.2426007669666359,-0.0010366642416664296,-0.006704304980101827,-0.00038498133156317227,-0.008921244196430603,0.0008838009813061654,0.0,-4.957670260974175e-05,-5.181206962956257e-05,0.00016263640194392876,-0.0004518421320439459,0.00011206803156237999,0.0,-3.3939958401383715e-06,1.3255609677578909e-05,-2.2042064528319953e-05,7.562601964359077e-05,-4.291262716615393e-06,-3.586230955371186e-20
148.207611312,2.1482535384254793,-2.147266308575173,2.344704714686014,-0.4979532597053759,0.5986163056154512,0.2426007669666359,-0.0011985509917794568,-0.006781772858020063,-3.474364744909808e-05,-0.009819364479474041,0.0011817161185139202,0.0,-6.401153142434376e-05,2.593213335752662e-07,7.044708331684345e-05,-0.00014948067188015743,8.071041415598534e-05,-1.1971126055565926e-18,-4.223126219505976e-06,1.4150134414349397e-05,-2.5806583804250693e-05,8.327819468814599e-05,-1.0064821778431511e-05,-1.990514826696082e-21
151.10659606,2.1444883162872714,-2.166841669269752,2.344751044880094,-0.5265619250782735,0.6023263364147349,0.2426007669666359,-0.0014078778970489925,-0.006702887932651391,2.3744360606647863e-05,-0.009788685640685607,0.0013519584852444005,-6.938893903907228e-18,-7.407149449830273e-05,3.026503795641169e-05,1.2949760413073221e-05,3.120408870179868e-05,5.3693875241361594e-05,-1.2867808822131877e-20,-2.182129890924294e-06,5.563446976336024e-06,-1.1116921169397793e-05,3.423792158912548e-05,-5.690877950780679e-06,2.0897871865556428e-19
154.021250024,2.140065217638488,-2.1862329187394547,2.344842999752616,-0.5548586330911712,0.6064783722210499,0.2426007669666359,-0.001629234488795539,-0.0066057269013918285,4.0314530636187396e-05,-0.009637307190256975,0.0014937148220733054,0.0,-7.665717206122981e-05,3.2452770319779623e-05,6.091225544519433e-06,4.868359069861881e-05,4.773972248543724e-05,1.15444777289247e-20,-6.932323541601331e-07,7.892592473256048e-08,-1.0193521314072732e-06,1.8682585622187198e-06,-1.2411212694038787e-06,4.975166219740853e-22
156.95010663,2.1349646868341545,-2.205440957613498,2.344986872855606,-0.5828756063888875,0.6110568445371567,0.2426007669666359,-0.001855845139809631,-0.006513274957458903,5.935006499097062e-05,-0.009504295203661542,0.0016309005447327773,-6.938893903907228e-18,-7.811688394471135e-05,3.070711692171671e-05,7.03114386240857e-06,4.200371039841857e-05,4.646419833277736e-05,-1.0184892635131816e-20,-5.101819112786653e-07,-5.792798138174741e-07,3.548608953843339e-07,-2.302338914531788e-06,-2.618164472021239e-07,1.9844155033542017e-19
159.891608663,2.1291678423284988,-2.224467039910848,2.345191665138625,-0.610650694672436,0.6160540585002066,0.2426007669666359,-0.0020878275000366653,-0.006425486878088249,8.160334643037004e-05,-0.009390816789087791,0.0017664668219301571,0.0,-7.965242173118658e-05,2.9052614315747474e-05,8.17524660419828e-06,3.516748743426657e-05,4.620716819219903e-05,1.1816851771565768e-18,-5.359001668179986e-07,-5.336382226697432e-07,4.0850691961011486e-07,-2.299812031210645e-06,7.702898453026503e-08,-1.9445545784005246e-19
162.844123219,2.122656412545425,-2.2433119424024137,2.3454681087241367,-0.6382240962037388,0.6214699210160008,0.2426007669666359,-0.0023253352042644226,-0.006342055843871597,0.00010754856382155786,-0.00929709271527411,0.0019032490026865412,0.0,-8.127579458982537e-05,2.7562480564382848e-05,9.439321930226494e-06,2.844911516534541e-05,4.6921836352024156e-05,-1.1695405501008117e-18,-5.649129537475889e-07,-4.672413995938636e-07,4.357189587368103e-07,-2.2142010800877327e-06,3.98345135234662e-07,-3.9936364520019905e-19
165.805954404,2.115412767368567,-2.261975393058917,2.345828004288568,-0.665636134105718,0.627311817492828,0.2426007669666359,-0.002568536200745819,-0.006262485811708518,0.00013744292463818697,-0.009222620373821863,0.002043989879560129,-6.938893903907228e-18,-8.299379379316066e-05,2.6289886208852916e-05,1.0752380705691145e-05,2.207308023565737e-05,4.856603585272356e-05,-1.1728807353600789e-18,-5.958371207233537e-07,-3.8588350450026556e-07,4.396913108978399e-07,-2.057517887854803e-06,7.032869123758747e-07,1.9667787876593455e-19
168.77535515900001,2.1074199660411326,-2.280455609584429,2.3462835560900897,-0.6929251044277254,0.6335943843689567,0.2426007669666359,-0.0028176040160630134,-0.006186133151172835,0.00017133341984942874,-0.0091662187075537,0.0021913213094138934,-6.938893903907228e-18,-8.481008211631158e-05,2.5274379654238645e-05,1.2047177970527812e-05,1.6246942685049304e-05,5.109543999355691e-05,1.925929944387236e-34,-6.276031047581402e-07,-2.939010272005667e-07,4.2193131591996876e-07,-1.8354426937324398e-06,9.918671979488362e-07,3.9308113468789554e-19
171.750538337,2.0986618265814383,-2.2987489476467493,2.3468467176042793,-0.7201252145760588,0.6403391855393109,0.2426007669666359,-0.003072707640509098,-0.0061122452197994726,0.00020906572372725307,-0.009126070862978605,0.002347748130951746,-6.938893903907228e-18,-8.672481758895681e-05,2.4543323572367168e-05,1.3260423426479306e-05,1.1163602804871138e-05,5.4463894826748056e-05,1.1638009762273198e-18,-6.590302379569137e-07,-1.951152219018869e-07,3.8392012781277014e-07,-1.5526838638222108e-06,1.264048364716244e-06,1.9591487958666742e-19
174.729687135,2.0891230210608143,-2.3168496578695197,2.347528559793519,-0.7472646309262561,0.6475742968326256,0.2426007669666359,-0.003334000156068162,-0.006039996367758649,0.0002502949709890512,-0.009099765407600352,0.0025156323936377095,0.0,-8.873428964434977e-05,2.411300045977445e-05,1.4332976431920884e-05,7.00298478352652e-06,5.862305013561441e-05,1.1649925886096534e-18,-6.888243123409885e-07,-9.297505098339394e-08,3.271340872081472e-07,-1.213257639148007e-06,1.519522162661371e-06,-1.9511491129364204e-19
177.710965052,2.078789200080928,-2.334749750844146,2.3483386736949377,-0.7743636567151847,0.6553337988714613,0.2426007669666359,-0.0036016062466091014,-0.005968522037688884,0.0002944984824254093,-0.00908433786742227,0.0026971761945513567,0.0,-9.083056538855474e-05,2.3989371844217178e-05,1.521014209338541e-05,3.932850467208921e-06,6.352142111693904e-05,0.0,-7.15573896843116e-07,9.308873646984474e-09,2.531012355260698e-07,-8.208465068777537e-07,1.7575376848776282e-06,-3.906770057119119e-19
180.692525496,2.0676471486789674,-2.352438969891211,2.34928461950566,-0.801433066196122,0.6636571758737383,0.2426007669666359,-0.003875608739420555,-0.005896951612607171,0.0003409908062253497,-0.009076315157772713,0.002894401844566852,0.0,-9.300114814894331e-05,2.4168536461875766e-05,1.5842154950241577e-05,2.1085278221384413e-06,6.910302796205042e-05,-1.1645511955228063e-18,-7.377481473859971e-07,1.0865710725359982e-07,1.6348007463526977e-07,-3.792085042575754e-07,1.976776383181856e-06,1.963818323965178e-19
183.672521213,2.055684974617873,-2.3699048714495956,2.3503714353086442,-0.8284726274824213,0.6725886164486415,0.2426007669666359,-0.004156034366254946,-0.005824440463900515,0.0003889416002627044,-0.009071765938754028,0.0031091285329526708,-6.938893903907228e-18,-9.522866191058661e-05,2.4636985345536473e-05,1.6184889458756708e-05,1.6714497649327267e-06,7.53057568680781e-05,1.1689049207994514e-18,-8.761255861721885e-07,1.711532336365328e-07,-5.728232805919841e-08,4.176383088248217e-07,1.902186863134434e-06,5.86295203635544e-19
186.649113693,2.042892328551255,-2.387133012248488,2.351601219571495,-0.8554698532128993,0.682176212330571,0.2426007669666359,-0.004442839003505117,-0.005750201306850777,0.0004373968883342738,-0.009066360005280993,0.003342945120618099,6.938893903907228e-18,-9.821899241241837e-05,2.5187930860434173e-05,1.550211975652196e-05,4.592388481742095e-06,8.04347912710412e-05,2.3291062687016216e-18,-1.739593055661327e-06,1.3371596680414406e-08,-9.262387790370713e-07,2.86285435581309e-06,2.0525860697872915e-07,-5.9169496132576405e-19
189.620482704,2.029260653737707,-2.4041072405987713,2.352972802090823,-0.8823990240040955,0.692471052425574,0.2426007669666359,-0.004740217677532688,-0.005674626198653665,0.00048115571817469727,-0.009044479566674674,0.0035875319193058447,6.938893903907228e-18,-0.00010556802288626634,2.471831147323638e-05,1.0682930526138514e-05,1.8679958022889062e-05,7.65424702779755e-05,-2.3402295642443074e-18,-3.134177135338682e-06,-3.758481196619677e-07,-2.08650901776022e-06,5.836408712076315e-06,-2.575489370579482e-06,-3.9242889224706635e-19
192.587635974,2.0147437255045224,-2.420832226275276,2.3544584087539615,-0.9091808517039529,0.7034798154719852,0.2426007669666359,-0.005069710831800578,-0.0056034050296654425,0.0005008717811199048,-0.008955524002995152,0.0037975429181914128,-6.938893903907228e-18,-0.00011682580478220971,2.2957783501325333e-05,3.1152542389871354e-06,3.92428031688527e-05,6.515085312991256e-05,-1.1275232474184875e-20,-3.3518320878893904e-06,-5.372890360040259e-07,-1.9023408190465016e-06,5.050646322355682e-06,-2.577982553763914e-06,5.918895440323309e-19
195.561959481,1.9991365408405035,-2.437399263252888,2.3559487228402958,-0.9356070485502419,0.715035319385556,0.2426007669666359,-0.005434418456034262,-0.00553823807098941,0.0004996142527543546,-0.00881118637101247,0.003974543397901181,6.938893903907228e-18,-0.00012547650489078046,2.1526825898573175e-05,-6.104773644213438e-07,4.8661270180885233e-05,6.124355570443776e-05,1.1736970375318324e-18,-2.3697759288494966e-06,-3.3320788353280104e-07,-6.406439645767831e-07,1.5506101269113673e-06,1.321925588510035e-07,-3.864889062985552e-19
198.543674832,1.9823733483573818,-2.453817717013007,2.3574341092593962,-0.9616595308397522,0.7271536745385415,0.2426007669666359,-0.00581709607233577,-0.005475196087562195,0.000497232976126416,-0.00866569361257491,0.004162337583467637,0.0,-0.00013093230867031148,2.0975373559519806e-05,-6.913874315378038e-07,4.8454377490376706e-05,6.595959897802916e-05,-2.3248361568443037e-18,-1.8066225761308187e-06,-1.301935086569848e-07,-1.1099865676375184e-09,-2.7461785938901213e-08,1.835726226499188e-06,-3.928565228473583e-19
201.531332968,1.964409800590393,-2.4700823826232163,2.358916881095501,-0.9873349569587231,0.7398830343146477,0.2426007669666359,-0.0062160331327655305,-0.005413030224807824,0.0004954883788176878,-0.00852194814704238,0.004368316305834202,-6.938893903907228e-18,-0.00013626063460084087,2.075030361698316e-05,-6.167936535667848e-07,4.8497839327268054e-05,7.220471396782939e-05,-1.1621246692307003e-18,-1.8286320800418376e-06,-4.1387891003864536e-08,-2.4344688097194758e-08,2.6725870138930817e-07,2.176506648614612e-06,5.821197482931455e-19
204.523445228,1.9452010837285392,-2.4861861192465096,2.3603970087718475,-1.0126181832687453,0.7532761629160958,0.2426007669666359,-0.006631927739306875,-0.005351114546675972,0.0004935443987624799,-0.008375684238690256,0.004594134270524228,-6.938893903907228e-18,-0.00014186751147963008,2.0728186093065567e-05,-8.374026876541694e-07,5.005477605651517e-05,7.8975377485411e-05,1.1578263927583925e-18,-1.9176839139602023e-06,2.0196523248785457e-08,-1.2732312748561e-07,7.91876449335428e-07,2.3348340922646e-06,3.880077758211147e-19
207.5184933,1.9247021396736614,-2.502120181560062,2.3618718038909945,-1.0374810850542329,0.7673895459047623,0.2426007669666359,-0.007065433532703003,-0.0052889270443873815,0.0004904736120139308,-0.008222255294781683,0.004841175139049053,0.0,-0.00014774237295164046,2.0871385508394952e-05,-1.3794124636947786e-06,5.324052569338658e-05,8.618416297175339e-05,1.1586646179809824e-18,-2.002622463729685e-06,6.85520551014664e-08,-2.378102894903437e-07,1.351615055838499e-06,2.46286573481331e-06,-5.795030485875018e-19
210.514938937,1.9028679648682996,-2.517874605105183,2.363335672915454,-1.061881553043705,0.7822823937807044,0.2426007669666359,-0.007517133628953232,-0.005226063469922493,0.00048527866760916805,-0.008056688336084056,0.005110516488101513,0.0,-0.0001538663262723079,2.11389732844555e-05,-2.2624004579397034e-06,5.815377418580728e-05,9.373177850566141e-05,-2.31588342392938e-18,-2.0806829573866114e-06,1.0292166183864734e-07,-3.5370134330826006e-07,1.9410441152253368e-06,2.5563660615827157e-06,-1.9285701252535266e-19
213.511233476,1.8796539805979486,-2.53343863164402,2.3647799538433834,-1.0857627510615289,0.7980155009765277,0.2426007669666359,-0.007987513504873922,-0.005162246718116437,0.0004769157936597712,-0.007873755711926417,0.0054028841720807075,-1.3877787807814457e-17,-0.00016021135413990658,2.1488164170490633e-05,-3.499034878014676e-06,6.487260768103385e-05,0.00010150378923850492,2.6305254414044216e-21,-2.1487583222685424e-06,1.2303187929428725e-07,-4.7286468107296427e-07,2.55367729098785e-06,2.6100361926124078e-06,3.8550884202397533e-19
216.505827249,1.855016479528626,-2.5488011580593923,2.3661928395349934,-1.1090526722293,0.8146499524352913,0.2426007669666359,-0.008476930994054777,-0.0050973309231030495,0.000464318747928294,-0.00766805677791621,0.0057186009974445895,0.0,-0.00016673919151915964,2.1876021459142614e-05,-5.09507542718562e-06,7.345151103672442e-05,0.00010936815886553064,-5.022619426853611e-21,-2.203343228749715e-06,1.2918592403790996e-07,-5.932009999270438e-07,3.182055879786312e-06,2.617653287615362e-06,8.008030637069663e-22
219.497179004,1.8289131509895982,-2.5639511891647637,2.36755938913728,-1.131664029339263,0.8322456737050024,0.2426007669666359,-0.008985583801275066,-0.005031299330756411,0.00044642270750622215,-0.007434109824377116,0.006057530485301915,-1.3877787807814457e-17,-0.0001734002945943309,2.2261466234350588e-05,-7.049513447930582e-06,8.391816484024464e-05,0.00011717297454613522,7.402337353240542e-21,-2.240563632248376e-06,1.2236545742924225e-07,-7.12689209061926e-07,3.817681093089086e-06,2.5721217742560317e-06,5.849519771804052e-19
222.483765449,1.801303684377249,-2.578878271743962,2.3688616260333335,-1.1534945097986806,0.8508598256152174,0.2426007669666359,-0.009513475249414483,-0.004964255037398002,0.00042218735251386974,-0.007166453554932201,0.006419016945199557,0.0,-0.00018013301125024452,2.2607576382929566e-05,-9.35492250786554e-06,9.62703375955744e-05,0.00012474449627371135,3.4862531907459085e-18,-2.2562470280239452e-06,1.0432360776838528e-07,-8.294527956054382e-07,4.451036655843119e-06,2.4655698881427536e-06,-4.705449228049406e-21
225.464091019,1.772150445868829,-2.593572884810286,2.3700787170573996,-1.1744274165833466,0.870545051020398,0.2426007669666359,-0.010060379364963956,-0.004896403901835045,0.00039061822105090904,-0.006859756383658544,0.0068018235389633586,6.938893903907228e-18,-0.00018686309796966645,2.2884100680230245e-05,-1.1998065657348396e-05,0.00011047316680498067,0.00013188568380997413,-6.0454449664319034e-21,-2.2460472333828766e-06,7.76497352552754e-08,-9.418370359322445e-07,5.071696091709995e-06,2.2894980374416585e-06,-7.803823731063205e-19
228.436697976,1.7414192182404737,-2.6080267600761506,2.371187223710633,-1.194332704232265,0.8913475886373987,0.2426007669666359,-0.010625806888193146,-0.0048280293454830425,0.0003507853469602584,-0.006508930892030168,0.007204070469586293,0.0,-0.00019350376580806804,2.307005333463568e-05,-1.4960767300349173e-05,0.00012645708198329533,0.00013837536727118811,-1.1653447570636658e-18,-2.765283704341505e-06,-1.5147099556738807e-07,-1.0687231024492237e-06,5.546915459246235e-06,1.515855524531543e-06,2.2228060972033885e-21
231.400176928,1.7090799869041557,-2.6222331074969234,2.372161412250229,-1.213068403792993,0.9133052774134571,0.2426007669666359,-0.011208974352698464,-0.004759459332048188,0.0003018382710834877,-0.006109250081805656,0.007623175875395211,0.0,-0.0002032683745377701,2.1988857107028493e-05,-1.8340784383809245e-05,0.000143397037558156,0.0001408960960842863,0.0,-6.072083045105452e-06,-1.3151416302812636e-06,-1.2449478929641338e-06,5.20037140978325e-06,-1.7077704424755363e-06,3.962473250729072e-19
234.353177848,1.6751077471655444,-2.6361867239429113,2.3729736063435136,-1.2304824140255857,0.9364454839015145,0.2426007669666359,-0.011828304503648468,-0.004697908668744366,0.00024231062208196485,-0.005660703608281803,0.00803769041771571,0.0,-0.0002293710286950662,1.5308923721836878e-05,-2.2324292698903826e-05,0.00015723576621028297,0.00012832489637101038,1.1789815590309091e-18,-1.1055557182116284e-05,-2.8693206681783184e-06,-1.3363921963768548e-06,3.920707422143007e-06,-5.747275548115078e-06,4.517296546761381e-22
237.299338958,1.6393073290868563,-2.6499472052816513,2.373591289081585,-1.246465041037185,0.9607181619485814,0.2426007669666359,-0.012561802832488422,-0.004669073888276032,0.00017017324611856566,-0.005181763793337124,0.008380349821439814,6.938893903907228e-18,-0.0002684566161356536,5.07056672883826e-06,-2.6224550339992075e-05,0.00016653638717242477,0.00010701234791685187,8.113898470773767e-21,-1.1373810084141675e-05,-2.58566335036645e-06,-1.172070351219816e-06,3.3330224346941206e-06,-4.782841344572359e-06,-3.9890994341380287e-19
240.255684833,1.600953247058686,-2.6637459330637223,2.3739772494655313,-1.2610628498958094,0.985913446614046,0.2426007669666359,-0.013413269226174751,-0.004668075855665865,8.74845397506041e-05,-0.004677640364765506,0.008669141892127336,0.0,-0.00029646639995804585,6.517751387669253e-08,-2.923934923276706e-05,0.00017691254894121637,0.00010014415730899952,-1.1756175403946e-18,-7.4279696483720345e-06,-8.554114816169095e-07,-9.834779130774627e-07,4.190955483764312e-06,-2.3945095233967117e-07,-1.986444969821785e-19
243.222419288,1.5598503042620468,-2.677596605663926,2.374108570621782,-1.2741656660497096,1.0120692391414738,0.2426007669666359,-0.014317973078359247,-0.004668693506526045,-3.040190018621658e-06,-0.00413376355381051,0.00897356288381257,0.0,-0.0003124104820646269,2.1331176648176423e-08,-3.20490136079135e-05,0.00019137393065226987,0.00010563743120192335,-1.1642740684551457e-18,-5.2058049929052085e-06,8.536608955453122e-08,-1.0448375786078405e-06,5.389231436374756e-06,1.8086365990940302e-06,1.9633243982588919e-19
246.197937367,1.5158640831555301,-2.691488489482618,2.373958351644387,-1.2856217412084587,1.0392393891454614,0.2426007669666359,-0.01526982246973621,-0.004667945062364731,-0.00010298581152817787,-0.0035403065348580953,0.009296919421800248,-6.938893903907228e-18,-0.0003273976437237723,5.742062595632874e-07,-3.5449758273783755e-05,0.00020894577869583772,0.00011089077645155669,-5.573744677186988e-21,-5.02371183447334e-06,2.1896846422746063e-07,-1.2507831639943667e-06,6.3790808360393e-06,1.4434121679588712e-06,1.9658032320504007e-19
249.180584325,1.4688632284387082,-2.7054089815602005,2.373494214719286,-1.2952549742588062,1.0674641845412356,0.2426007669666359,-0.016268769390701016,-0.004665267684772378,-0.0002142822578555803,-0.002888694521409385,0.00963430009878044,0.0,-0.0003423423990949418,1.3264547845638023e-06,-3.950292601895629e-05,0.00022938830770219718,0.00011423292103689858,4.2313095223083215e-21,-4.952714058363317e-06,2.914003349090962e-07,-1.4669863802979758e-06,7.3107409221278666e-06,6.952772546750791e-07,-3.870432804495986e-19
252.168666025,1.4187221197693973,-2.71934351635448,2.3726782921347125,-1.3028656417929743,1.0967650444622117,0.2426007669666359,-0.01731393679850554,-0.0046600204956526725,-0.00033887087102829616,-0.002170572382635544,0.009978985364690551,-6.938893903907228e-18,-0.00035696832607163154,2.31450497470908e-06,-4.42099116310798e-05,0.0002526012000369774,0.00011503746179517232,-2.320750709216069e-18,-4.783883259733485e-06,3.793202768765749e-07,-1.6817490300202777e-06,8.193372224299033e-06,-2.731411908802448e-07,3.8506280023089933e-19
255.160459046,1.3653240925082393,-2.7332752954316484,2.371467320562692,-1.3082319292980933,1.1271385523361785,0.2426007669666359,-0.018403448658819377,-0.0046514230871187445,-0.00047867066834261784,-0.0013780798408251638,0.010322207362235214,-1.3877787807814457e-17,-0.00037094859819787477,3.5951039039621574e-06,-4.956036550109044e-05,0.00027838680282952675,0.00011259554245903716,2.3154976071635444e-18,-4.5030025401459914e-06,4.890246703652902e-07,-1.89055203130243e-06,8.991249305037046e-06,-1.488723160208863e-06,7.755060131169912e-19
258.154220338,1.3085650916721259,-2.747184841232245,2.3698128918207133,-1.3111125770038932,1.158549846422949,0.2426007669666359,-0.019534296485787167,-0.004638498965061799,-0.00063552828483876,-0.0005042199014059501,0.010652923729114055,6.938893903907228e-18,-0.00038392062342074715,5.241828857997441e-06,-5.552631584454623e-05,0.00030642027782140505,0.00010612398019972462,2.3180341781882205e-18,-4.10241168141206e-06,6.248505929546604e-07,-2.086684934892093e-06,9.658731198462775e-06,-2.9740206921495783e-06,-5.801455018884805e-19
261.148196531,1.248357605977162,-2.76104940625602,2.3676619083962454,-1.311250868848045,1.1909255321275996,0.2426007669666359,-0.020702267225486626,-0.004620035994480964,-0.0008111490170579772,0.00045669058644121074,0.010957648029127492,0.0,-0.0003955126632824283,7.33657737157843e-06,-6.205492746097324e-05,0.0003362208763798885,9.478753812250081e-05,-1.1585110820728069e-18,-3.5862090920202034e-06,7.871004147713813e-07,-2.2607243618840788e-06,1.0140469891218425e-05,-4.742207560009266e-06,-5.809097837843105e-19
264.140632997,1.1846346019052478,-2.774842316391209,2.364957304506027,-1.3083801868950835,1.224146405838542,0.2426007669666359,-0.021901981857177483,-0.004594582787054324,-0.0010070042301840165,0.0015084899886985137,0.011220382571911935,0.0,-0.0004053900301267451,9.95346752804627e-06,-6.905969805283253e-05,0.00036712473958739505,7.773811138739209e-05,-1.1613179611345899e-18,-2.9780232441808154e-06,9.69030280675078e-07,-2.400097781128491e-06,1.0372571695113662e-05,-6.790786180291518e-06,3.892923844296808e-19
267.12978276,1.117353002687857,-2.788532395795581,2.361639103703007,-1.3022313138869581,1.2580404377238306,0.2426007669666359,-0.02312711325160577,-0.00456050798074642,-0.001224211841518441,0.0026525761297352957,0.011422711347234632,-6.938893903907228e-18,-0.00041332808653886345,1.3132294519086862e-05,-7.641092988783967e-05,0.00039826501112755696,5.41750476458179e-05,1.167511149689084e-18,-5.606107946285618e-06,6.895724454113103e-08,-2.602555443093895e-06,1.0994530415811855e-05,-9.569128260061283e-06,3.8730131701804617e-19
270.113915267,1.0464960275437472,-2.802083712526483,2.357645885895765,-1.2925415715852258,1.292376645923683,0.2426007669666359,-0.024370872411956235,-0.004516157258210196,-0.0014633907294251958,0.0038872837270677585,0.011544120902963778,6.938893903907228e-18,-0.00043884731350184733,1.0375339541286981e-05,-8.460406009877974e-05,0.0004327923905242746,2.0595913841438057e-05,1.1560702794496955e-18,-6.851965972697318e-06,-3.2392386997034576e-07,-2.6911726868931462e-06,1.0927414816637364e-05,-1.2138717494163585e-05,-3.919014368130596e-19
273.091324975,0.9720734293668905,-2.8154559932593246,2.352916720128013,-1.2790657059576893,1.3268606933502456,0.2426007669666359,-0.025743023808899118,-0.00449859469574293,-0.001728522700325974,0.005232430590779408,0.011545764563130029,0.0,-0.00045419919833244657,1.1193151125623679e-05,-9.245519998398838e-05,0.0004634178904164816,-1.817852765216804e-05,-1.1636138873721885e-18,-1.218902740889895e-06,1.7992927698212385e-06,-2.348421533052752e-06,8.244869537580974e-06,-1.3473477907313654e-05,5.296216478312041e-21
276.060350643,0.8934293127323041,-2.8288341921249547,2.347369684496648,-1.2614390894101137,1.3610333937550063,0.2426007669666359,-0.02707185002508608,-0.004449686562773891,-0.0020131125472455658,0.006642773465656948,0.011436337096574434,0.0,-0.0004461613665197907,2.104918875331862e-05,-9.857362744642063e-05,0.00048185415129705083,-5.951570675642552e-05,1.1744296768709343e-18,-9.170790566878206e-06,2.3710877830923786e-07,-1.9268381544350963e-06,5.2036241913630364e-06,-1.6151477372388416e-05,-2.0464646263295577e-19
279.019451274,0.8115996495923733,-2.8418354116120663,2.340985604395452,-1.2397004953784594,1.394658198588547,0.24260076696663593,-0.028387952516656892,-0.0043739031363566605,-0.002312825698065346,0.008088787401088315,0.011193396974681802,6.938893903907228e-18,-0.0005083294176000943,1.2659847718584066e-05,-0.00010388039369050282,0.000494285565812417,-0.0001138823601538907,-2.3571231294133282e-18,-3.936525949439777e-05,-7.692055686679248e-06,-2.2623432852955786e-06,6.12558437194672e-06,-1.9409881861465494e-05,-5.966898458101493e-19
281.972412997,0.725606974761411,-2.854693222255991,2.333698020583042,-1.2136267799639016,1.4272115370696736,0.24260076696663593,-0.030076345607460822,-0.004374681915434053,-0.002627228082015043,0.009564951635374075,0.010763447304070806,-1.3877787807814457e-17,-0.0006786660955032022,-2.4367153123810038e-05,-0.00011194299003658783,0.0005180453838415826,-0.00017425541742515532,-2.360557267457598e-18,-7.450761685651626e-05,-1.6999658219119178e-05,-4.44414619944976e-06,1.525122091843534e-05,-1.84147928523611e-05,9.880624214633043e-19
284.934403032,0.6336822363949863,-2.867711814343654,2.325442795523275,-1.1831109711257324,1.4583187589231112,0.2426007669666359,-0.032404162997926575,-0.0045184695633762595,-0.0029750620551335927,0.011153329130487999,0.010162166366536607,-6.938893903907228e-18,-0.0009493426310558254,-8.797297924583944e-05,-0.00013019829688412453,0.0005846261008820087,-0.00022276825828373764,3.505107803490681e-18,-0.00018787608405343914,-4.609570708338671e-05,-1.4099431349222459e-05,5.4592726198256445e-05,-6.9040422972973584e-06,7.95611330507533e-19
287.905391502,0.5333290903453352,-2.8815034265633006,2.316043652654799,-1.147438981879528,1.4874973240084948,0.24260076696663593,-0.035711721020081036,-0.004897334381587737,-0.003399921871762912,0.013034397603561176,0.009441411690304824,6.938893903907228e-18,-0.0017950700690276883,-0.00029829577884964316,-0.00019573765762403127,0.0008425216906526533,-0.00021504618307326574,2.3384343606928475e-18,-5.1871366825629624e-05,-7.880965444531746e-06,-7.217664414019102e-06,1.6077934699197614e-05,-5.090100882891674e-06,-1.1729003934571916e-18
290.883725746,0.4211932344332808,-2.8968513915075773,2.30521208749259,-1.105550017366404,1.5144831778982286,0.24260076696663596,-0.043093642986932745,-0.006295639456287749,-0.004140344261282791,0.016168842422033064,0.008883192498353537,6.938893903907228e-18,-0.0012545178495163376,-0.00013393397998090147,-0.0001729201884587922,0.0006792385536012178,-0.0002531640178880044,-3.484331837433596e-18,0.0007464558452730541,0.00019487907107707095,5.3270280877605405e-05,-0.00024000338520037558,-5.729956343039016e-05,-1.3678308916024332e-18
293.86795604,0.276316213587524,-2.919055068170223,2.2913506389060068,-1.0510063769866218,1.5404618370789502,0.24260076696663596,-0.04317741657623142,-0.005691963526495647,-0.004430076314296982,0.01707999642102978,0.007931128946073451,-1.3877787807814457e-17,0.002662389754437569,0.000865332166925874,0.0001224281898375484,-0.0005906998024022064,-0.0005572238099271917,-5.810414310730188e-18,0.0009536779534478976,0.0002295693287566857,8.139529917598233e-05,-0.00032861842682060856,-8.867208786895883e-05,9.68235286183229e-19
296.85656785,0.1633484358205635,-2.930833258619308,2.278753825039385,-1.0035443952245138,1.5618477696183175,0.24260076696663585,-0.027168015451485686,-0.0011213325183741518,-0.0034071749772501825,0.012632828130635793,0.005552893846011819,-2.7755575615628914e-17,0.004438502997538521,0.0012363241273322593,0.0003130869634294918,-0.0012826973867054966,-0.0007826724938300272,2.314110982511381e-18,-0.00015505700908700638,-6.594315992557971e-05,5.934416990334441e-06,9.24768735731637e-06,-1.0768466009205687e-05,2.1357664856090686e-18
299.848002334,0.1139102697546145,-2.925744762885687,2.2709801370667275,-0.9754798253502784,1.573659346063646,0.2426007669666358,-0.016640149737916464,0.0016996569801808747,-0.0025579665845800736,0.009410566434242179,0.0032507851509311902,0.0,0.0017309093184925697,0.0004699154525024834,0.0001575894802525153,-0.000534038204451128,-0.0006212544924906606,6.95827688943908e-18,-0.0007484337477862065,-0.00020757539615865912,-4.647384108023879e-05,0.00021421091752330443,5.1004387543008794e-05,-1.9229986145054974e-19
302.840690314,0.06377145717590663,-2.920662306525522,2.26344674174964,-0.9472303406983673,1.5812991166202919,0.24260076696663582,-0.016814526627960458,0.0016895127736349935,-0.002464456903968515,0.009438440008659288,0.0018356027772064576,1.3877787807814457e-17,-3.982332324140459e-05,-5.710534112716645e-06,3.499561610024256e-05,-9.234359182820531e-07,-0.00047746340398534747,1.158989976314818e-18,-0.0002895421270962205,-8.018491418970162e-05,-1.9350151549686367e-05,8.564291866168386e-05,2.3129434790912707e-05,-9.68349141143938e-19
305.833049999,0.01327456630524058,-2.915632942640674,2.256230210354585,-0.9189903113149437,1.5846459870662377,0.24260076696663582,-0.016878506335394425,0.0016654806850974757,-0.00234851861593377,0.009405046347609913,0.000393146928870991,6.938893903907228e-18,-2.212487200931642e-06,-1.0046780916902044e-05,4.1763709938539434e-05,-2.1400525349116618e-05,-0.0004828073627666248,1.1620246141872224e-18,1.261119922002478e-05,-1.3326376172494117e-06,1.9834432781656026e-06,-6.7276814861825084e-06,-4.956764289691537e-07,5.827747915498375e-19
308.823501523,-0.03720944739030167,-2.910697991817058,2.249395757387395,-0.8909616006391872,1.5836540076651313,0.24260076696663588,-0.016827836651178107,0.0016294124699968715,-0.002214604029590228,0.009310443775778166,-0.0010529396209707498,2.0816681711721685e-17,3.562693964726275e-05,-1.3683897726413942e-05,4.686324470519395e-05,-4.1174324551075626e-05,-0.00048043386469640725,4.643402053387008e-18,1.2391592517399113e-05,-1.0542310803827514e-06,1.3784025945953745e-06,-6.30220236126916e-06,2.054751605158812e-06,-3.9233101357467003e-19
311.81047648,-0.08731296465685623,-2.9058931046899805,2.242992085442003,-0.863337385274026,1.578357129745934,0.24260076696663596,-0.016665678753625512,0.0015836974692555184,-0.0020684114876924897,0.009158996140209846,-0.0024786329552566877,3.469446951953614e-17,7.18591654891498e-05,-1.6349495532159443e-05,5.000528155814143e-05,-5.907363161412578e-05,-0.00047053399932822025,-1.1722889448372213e-18,0.0005372546091262571,0.00012942128409508947,3.685183447116825e-05,-0.00016043809877493357,8.81206516569394e-05,-2.144653695593444e-18
314.792427597,-0.1366867393118125,-2.9012447685646956,2.2370488046276966,-0.8362913339763304,1.5688663115349728,0.24260076696663607,-0.016399091002171746,0.0015318340279266707,-0.001916136861670914,0.008957921673612923,-0.0038615902381715084,1.3877787807814457e-17,0.0032371881382756568,0.0007575139302784811,0.0002664697166944888,-0.0009972669601812723,4.4700400590574386e-05,-8.15589318956086e-18,0.0009098859925265712,0.00022632360848575566,5.858843421904261e-05,-0.0002653642480209772,0.0001979226432144567,9.637988123664902e-21
317.767838657,-0.18501035939770663,-2.89676706194851,2.2315759587937047,-0.8099703381907923,1.5553611076293388,0.24260076696663602,0.0025782951460663096,0.0060863575562139505,-0.00048376929928400925,0.0032300647020022943,-0.0022189801159464007,-1.3877787807814457e-17,0.005494360463354563,0.0013323758909546527,0.0003992207649970425,-0.0016405881822431092,0.0007082344177907988,-1.145597371712679e-18,-0.0003799124055609103,-8.568460932655491e-05,-3.513599999425333e-05,0.00012267389101087753,6.736148409914773e-05,1.9606095297009156e-18
320.735245434,-0.12166526548548712,-2.865147898186609,2.2341521799657023,-0.8170058629646056,1.5556422276904218,0.24260076696663604,0.016267020284828813,0.00945307218352176,0.0004576732484690149,-0.0007963429634886554,0.00034482115137934866,6.938893903907228e-18,0.000997639490770151,0.0002527645105595577,5.8937867672514724e-05,-0.0002736561614259285,0.0004475057211896635,3.501974437183992e-18,-0.0012539437585761112,-0.0003042334677243904,-9.030875269107809e-05,0.0003758213903637028,-0.0001238270798252778,1.889620977235101e-19
323.693225767,-0.08852634781059678,-2.8407313169069432,2.2342955767651986,-0.8147186169506166,1.5573995990955192,0.24260076696663604,0.008557747535797716,0.00760068319975038,-0.00012967721609807858,0.0015881565979155021,0.000440503920937918,6.938893903907228e-18,-0.0019406625429148074,-0.00047144683097684933,-0.0001363521702276395,0.0005878957391886224,-2.481203682501599e-05,0.0,-0.00032183716026619924,-8.101506506591954e-05,-1.7292285315203602e-05,8.777886863714374e-05,-8.512200432063813e-05,-7.894963377089673e-19
326.646732905,-0.07105259856914266,-2.820210710001316,2.2333871873677187,-0.8076247801296005,1.5582476342983198,0.24260076696663604,0.0047888677628197835,0.006664736405934901,-0.0003489270542338385,0.002680946214146329,0.0001986560898690204,6.938893903907228e-18,-0.0009108998997404965,-0.00022761950294760574,-4.372088045215692e-05,0.00024706659771769966,-5.635842350899984e-05,-1.1686491576316868e-18,0.00025874707069074973,6.186911067153892e-05,2.2390756850249137e-05,-8.504636729736526e-05,9.373855669927426e-07,1.9367337468787667e-19
329.610401573,-0.06021272704652743,-2.801300664090411,2.2322300719507036,-0.7988493047229235,1.558573280987206,0.24260076696663604,0.003175226812845447,0.006255636022759803,-0.0003877601710412515,0.00304759046716771,0.00010754089072018136,0.0,-0.00041144103630459607,-0.0001057775537009521,-4.044785697239532e-06,8.527933363396866e-05,-1.9028834452109893e-05,1.1579975127623496e-18,0.00011425171897899779,2.7768603999118694e-05,8.68472150883638e-06,-3.561487307159867e-05,8.069183619445996e-06,2.0069385782257432e-19
332.583259367,-0.05221165922451451,-2.7830762617775306,2.2310852880579564,-0.7895310851529177,1.5588860105940558,0.24260076696663604,0.0023487858695724548,0.006037378978328012,-0.0003727722982889703,0.0031865017968052967,8.590654971507572e-05,1.3877787807814457e-17,-0.00023364058206610725,-6.30160564987815e-05,7.749635883007799e-06,3.598723525960251e-05,-8.538820520789343e-06,1.2019030926252696e-20,4.2760235789662186e-05,1.0228549293028427e-05,2.694432559115245e-06,-1.1269611743879013e-05,1.936925994360015e-06,-5.854363098826617e-19
335.563791079,-0.0462347546495144,-2.765359222860001,2.2300110023808615,-0.77987801817131,1.5590844197215905,0.24260076696663604,0.0017849550532995067,0.005880636724813537,-0.0003415819535260711,0.0032616714582448803,5.668657945467892e-05,0.0,-0.00015713468010534277,-4.494687470740712e-05,1.1976658801379147e-05,1.8268564441270953e-05,-7.522019781841734e-06,-2.330405721978293e-18,2.1283859573706233e-05,5.035703834976002e-06,1.0497126967496855e-06,-4.59615914342496e-06,7.223849544914631e-07,-1.9746550704954108e-19
338.550303039,-0.04156339272689423,-2.7479870072863224,2.2290472793327356,-0.7700682741691204,1.5592241435795884,0.24260076696663604,0.0014115399284285353,0.005769270505639246,-0.0003012889501546323,0.003295427889981939,4.1049645510049526e-05,0.0,-0.00010669135806355256,-3.298008393638155e-05,1.4008905543241871e-05,8.577899546907295e-06,-4.223753585013104e-06,-1.1592211443917544e-18,1.343829162513005e-05,3.1684230110878557e-06,4.308617401448508e-07,-2.182314150015887e-06,8.016936114507179e-07,3.8955240219168943e-19
341.541079708,-0.03779887571645928,-2.730875034336719,2.228210294049563,-0.7601802028005734,1.559329736347069,0.24260076696663604,0.0011473865744821834,0.0056835420291097005,-0.0002578422667630087,0.0033129207798793525,3.1448623949215104e-05,-6.938893903907228e-18,-7.683959770953962e-05,-2.601545308707036e-05,1.4549913205405967e-05,5.233311832180949e-06,-2.7326493194696126e-06,-1.960818117353137e-21,8.194677716783044e-06,1.8971606695913194e-06,5.337577189615586e-08,-5.718352227288139e-07,3.716564432919291e-07,5.808865809393896e-19
344.534386153,-0.034697899580503636,-2.713976411947314,2.2275044412023446,-0.750243446795452,1.5594123152335773,0.24260076696663604,0.0009517835130392564,0.00561360527969712,-0.0002142209436953868,0.0033267413467977514,2.469966212753638e-05,0.0,-5.766276871191689e-05,-2.1629501143644817e-05,1.4327665150541264e-05,5.158756086551773e-06,-2.000372923530026e-06,2.3178341180081715e-18,5.385883824932806e-06,1.2202124963407501e-06,-1.450472865852016e-07,2.8391587950804575e-07,1.8945293303459462e-07,4.0443984912900213e-22
347.528474652,-0.032100303616022285,-2.697264212308952,2.2269277024268663,-0.7402616773983159,1.5594776184612065,0.24260076696663604,0.0008021488248442709,0.0055540403771934255,-0.00017205726057950566,0.0033438091372236523,1.9471999041731358e-05,6.938893903907228e-18,-4.459378080003155e-05,-1.8709942276117376e-05,1.368134706341061e-05,6.933711429869534e-06,-1.5984061127172573e-06,-7.509772151179769e-22,3.7331822253704747e-06,8.24239550917923e-07,-2.57449369542285e-07,7.813161469406237e-07,1.0703433520414407e-07,-5.805833972413517e-19
350.521593256,-0.029895141546258348,-2.6807231682424657,2.2264742588573823,-0.7302233883399886,1.55952890266045,0.24260076696663604,0.0006847808718102111,0.0055015826836210535,-0.00013230710771761078,0.0033682525213290376,1.5129387450740772e-05,0.0,-3.5310208315077806e-05,-1.669431564461281e-05,1.278634310896936e-05,9.836292087355e-06,-1.3594834006511104e-06,-1.1586148004604903e-18,2.6885368916013975e-06,5.753145825272538e-07,-3.240546486235067e-07,1.090748949491715e-06,6.514565486342693e-08,4.771027466439149e-22
353.511994808,-0.028002621222575252,-2.6643452468636104,2.2261359359574846,-0.7201077491061417,1.559568156344481,0.24260076696663604,0.0005908482853281211,0.0054541450851000595,-9.554723471211224e-05,0.0034026557196301516,1.1337006359746216e-05,0.0,-2.8504622299709495e-05,-1.526700300118276e-05,1.174249551790691e-05,1.3459572538912718e-05,-1.2085260462925755e-06,0.0,1.9943924313630613e-06,4.1096379088863847e-07,-3.640751829004187e-07,1.2918747180521546e-06,4.204484433602371e-08,1.9357802657808293e-19
356.497946194,-0.026363649976558517,-2.6481270704871522,2.2259030784286757,-0.7098880942915626,1.5595966725274797,0.24260076696663604,0.0005144013368915037,0.005410336382209113,-6.212491747820126e-05,0.0034486742897269773,7.906278678304623e-06,0.0,-2.3388512401505436e-05,-1.4237661028447752e-05,1.06106348070553e-05,1.7556277741037152e-05,-1.108133546248605e-06,0.0,1.5153880687622118e-06,2.9861676348239407e-07,-3.8764811592916597e-07,1.4260028651381643e-06,2.854740111868821e-08,0.0
359.477737852,-0.024933410531118333,-2.632068309849773,2.2257651194849695,-0.6995341655998253,1.5596153434018005,0.24260076696663604,0.00045129118677852183,0.005369201517410271,-3.223974458155254e-05,0.003507365568586898,4.725663969529226e-06,0.0,-1.9461769665539197e-05,-1.3484964638392732e-05,9.42999213392999e-06,2.196607452978306e-05,-1.038157139599889e-06,0.0,1.1747398939215046e-06,2.1998201821112995e-07,-4.0043772920812e-07,1.5158668241580505e-06,2.0341600813455518e-08,0.0
362.449693666,-0.023677229790283156,-2.6161706255737616,2.225710975580555,-0.6890136511397429,1.5596248225913645,0.24260076696663604,0.00039854291595814526,0.005330072275192166,-5.9906060826953045e-06,0.0035793752960121133,1.726971942395128e-06,0.0,-1.6394518302391707e-05,-1.2927873095611143e-05,8.227396631082196e-06,2.6577771376236933e-05,-9.870162984430042e-07,0.0,9.47112522699471e-07,2.0013080435978692e-07,-4.982388070814702e-08,3.769554191993955e-07,4.010031313732841e-08,0.0
365.412181348,-0.022567823812638513,-2.60043693484624,2.2257293373941356,-0.6782933109175572,1.5596256196707847,0.24260076696663604,0.0003539732424856822,0.005292477279944141,1.6596711786054374e-05,0.0036650454590229364,-1.1321440370748448e-06,0.0,-1.383957779653989e-05,-1.229753944268473e-05,9.127606791779872e-06,2.4225305723182236e-05,-8.006169051347814e-07,0.0,8.391488108433e-07,3.096493942121574e-07,1.3903380628684233e-06,-4.4803786282090235e-06,1.3321903968427615e-07,0.0
368.363623427,-0.021583404621606874,-2.5848708788619095,2.2258088980788164,-0.6673398517494966,1.5596181580675763,0.24260076696663604,0.00031667005246988674,0.005257336829299908,4.7956274561666845e-05,0.0037227455335230586,-3.011447197720507e-06,0.0,-1.1431337808512255e-05,-1.1098764482211985e-05,1.6425801626372635e-05,1.6240973435349085e-07,-2.007183528038431e-07,0.0,7.593153534905767e-07,4.4385690468200726e-07,2.843732511885863e-06,-9.522744136966154e-06,2.1714288428841348e-07,0.0
371.310511007,-0.020699845915164283,-2.569427276967712,2.226012008171857,-0.6563354354042404,1.5596078615616802,0.24260076696663604,0.00028653645181329207,0.005227005758997705,0.00011342870749248002,0.003666179868493921,-2.320015711487766e-06,0.0,-9.360370006293615e-06,-9.679868160349125e-06,2.589750198797656e-05,-3.193051043367688e-05,4.800370122472027e-07,0.0,5.790370250362569e-07,3.7497704816511e-07,2.1061688968759664e-06,-7.281236706999192e-06,1.4377988244452292e-07,-1.9696540934364759e-19
374.268101241,-0.01989184151991314,-2.5540084318759146,2.226479589741327,-0.6456944337685022,1.5596044847619934,0.24260076696663604,0.00026142050889779896,0.0052001954015547525,0.00020094641543849656,0.003533939441632633,-1.7181678035882442e-07,0.0,-8.01507977348177e-06,-8.887004899093133e-06,2.883786968513081e-05,-4.275209433171655e-05,6.463562323490046e-07,-1.1672016509785208e-18,3.750722215609145e-07,1.914211985942978e-07,2.2057642744706927e-07,-1.0899129205617588e-06,7.532809138279704e-10,-2.440555955541217e-21
377.235586041,-0.019151143218251527,-2.5386159890513653,2.2272034801628755,-0.6353978461351099,1.5596068627604112,0.24260076696663604,0.00023905595695502277,0.0051743531150749145,0.000284280322787378,0.0034129093557893203,1.508108122161289e-06,-6.938893903907228e-18,-7.1396205273510814e-06,-8.547202693828327e-06,2.7189099382962865e-05,-3.8337402823291266e-05,4.834004923683423e-07,-6.686085714792336e-21,2.720553893384303e-07,1.1117434215848302e-07,-5.778880292579822e-07,1.5702888706986968e-06,-5.310478180386425e-08,3.9276105921259723e-19
380.211580306,-0.018471197231060808,-2.5232549885779973,2.228169891409328,-0.6254108481199738,1.5596134602165332,0.24260076696663604,0.00021899308850294999,0.005149398030011021,0.0003625290346667698,0.0033061236127693017,2.6998542682621363e-06,0.0,-6.398515609266426e-06,-8.226299348905756e-06,2.5402824624360948e-05,-3.3417707508589796e-05,3.3075990441467276e-07,1.1671941810367683e-18,2.3209877054833954e-07,1.0677985025183194e-07,-5.976775245972366e-07,1.6549711464567316e-06,-4.71543164130662e-08,2.054205256070076e-21
383.194644545,-0.017846284852060627,-2.5079305981883295,2.229364346921815,-0.615697166106569,1.5596229581871275,0.24260076696663604,0.00020093168461112745,0.005125334369202927,0.00043564463464118575,0.003213806173356454,3.4781391144989016e-06,0.0,-5.756770033042874e-06,-7.9109101947893e-06,2.3627540152233172e-05,-2.8475306826512468e-05,2.0246371872302633e-07,0.0,2.0093851331904883e-07,1.0429021422567972e-07,-5.912163982273287e-07,1.6563102621886671e-06,-3.947892570886715e-08,-3.894560194723048e-19
386.18329566,-0.01727138608653633,-2.49264808256363,2.2307718312092035,-0.6062193874483033,1.5596342339633984,0.24260076696663604,0.00018461862804073498,0.0051021580691880675,0.0005036161067334399,0.003136104831809053,3.908256389184572e-06,0.0,-5.198726720839024e-06,-7.603523939869912e-06,2.187229225255932e-05,-2.352669978661836e-05,9.504246962231378e-08,-1.1585059823268602e-18,1.7472792088106297e-07,1.0103002589002467e-07,-5.823504262630203e-07,1.6536347701591366e-06,-3.295416865424592e-08,1.9245432823488344e-19
389.176017273,-0.016742075095541067,-2.477412781585848,2.232376928741102,-0.5969392405548607,1.5596463360282833,0.24260076696663604,0.0001698382772831893,0.005079856090595636,0.000566463872193057,0.0030731043519233586,4.046225393183889e-06,-6.938893903907228e-18,-4.711754912693046e-06,-7.306626789220353e-06,2.014432555205244e-05,-1.8584318545317277e-05,5.3769021363773314e-09,1.1558667917461975e-18,1.5252878327379115e-07,9.70457097927917e-08,-5.71617620055499e-07,1.648093499535258e-06,-2.7419550063852843e-08,3.8739651969126356e-19
392.171269666,-0.01625443448374889,-2.46223009167883,2.234163954721053,-0.5878178592487343,1.559658462667991,0.24260076696663604,0.00015640591161624568,0.005058406914398239,0.0006242354705895958,0.0030248349071566316,3.940246922240487e-06,6.938893903907228e-18,-4.285439930175507e-06,-7.022427693346533e-06,1.8449490030489438e-05,-1.3657975834773699e-05,-6.91322132010245e-08,1.1592600369439456e-18,1.3362978939527453e-07,9.245057306679503e-08,-5.594218485229316e-07,1.640392674230238e-06,-2.270255253623425e-08,-3.8603724454209276e-19
395.167499435,-0.01580498437575891,-2.4471054473394216,2.236117078419455,-0.5788160361358969,1.5596699437355546,0.24260076696663604,0.00014416252966319284,0.005037781611367642,0.00067700202380655,0.0029912776376215117,3.6319549870933443e-06,0.0,-3.9111314232113e-06,-6.752715585758677e-06,1.6792572074780652e-05,-8.755943553472706e-06,-1.3064078768359943e-07,-1.1578254178386605e-18,1.1746485184143598e-07,8.739441311549226e-08,-5.460503123682856e-07,1.630876568332067e-06,-1.865711815473397e-08,-1.933595469217428e-19
398.163148977,-0.015390623225298253,-2.4320443005366474,2.238220439968132,-0.5698944694510794,1.5596802251358701,0.24260076696663604,0.00013297068094612332,0.005017945305539118,0.0007248554854229483,0.002972367514376892,3.157495286010281e-06,0.0,-3.5815960565927027e-06,-6.4987678742153485e-06,1.5177614395912354e-05,-3.885954243658721e-06,-1.8092558510019478e-07,0.0,1.0357980066230093e-07,8.204882551986287e-08,-5.316785992655557e-07,1.6195525401738915e-06,-1.5159057211529646e-08,-8.260893936812558e-22
401.156665889,-0.015008578021855143,-2.4170520961711954,2.2404582617183024,-0.5610140075713647,1.5596888556712873,0.24260076696663604,0.00012271109622648746,0.004998858884654678,0.0007679066797367518,0.002967993664544935,2.5484576582357477e-06,0.0,-3.290747361892388e-06,-6.26129990072841e-06,1.3608228796528174e-05,9.438523475082143e-07,-2.2143784122285824e-07,-1.1611215365227643e-18,9.160763669465041e-08,7.659551201452054e-08,-5.163735401613284e-07,1.606106591924367e-06,-1.2102272684583892e-08,1.9583414254730902e-19
404.146512432,-0.01465636209283136,-2.4021342422590726,2.2428149554360632,-0.5521358951047559,1.5596954759391275,0.24260076696663604,0.00011327994189135092,0.004980480831656642,0.0008062841370323759,0.002977997282660405,1.8326841460525323e-06,-6.938893903907228e-18,-3.0334335409895426e-06,-6.040449044883867e-06,1.208790595879806e-05,5.724018912211886e-06,-2.5334837978980065e-07,1.1674645953584869e-18,8.124989028977335e-08,7.121625752078746e-08,-5.00093879409446e-07,1.589910857869522e-06,-9.395721961206484e-09,3.87142844743909e-19
407.131175128,-0.014331739098867086,-2.387296073949656,2.2452752267510565,-0.5432220241333973,1.5596998090121794,0.24260076696663604,0.00010458656651455688,0.004962769064146555,0.0008401337341177317,0.0030021672338079036,1.0349698948974861e-06,6.938893903907228e-18,-2.8052692887491816e-06,-5.83579025442173e-06,1.0620326266049039e-05,1.0442881536741654e-05,-2.775858995108045e-07,1.155924352040557e-18,7.711272978583575e-08,4.292545624087294e-08,-1.799261515267165e-07,6.408814211675536e-07,1.9017588957345442e-09,-3.917827472503023e-19
410.109174627,-0.014032692122422311,-2.372542810923002,2.2478241783819177,-0.5342351938073157,1.559701652663366,0.24260076696663604,9.655163892107951e-05,0.004945682674933394,0.0008696191506163409,0.003040233444350504,1.7767050208838953e-07,0.0,-2.573645263202261e-06,-5.784157679839777e-06,1.1010916819969137e-05,9.55789323420957e-06,-2.421422479290988e-07,-1.16343982620292e-18,8.619299188865784e-08,-3.8462610578876325e-08,9.327923970928673e-07,-2.7811784246097064e-06,3.505778133481234e-08,-3.8997296668724963e-19
413.079075921,-0.013757396981130264,-2.3578795081443644,2.2504474137317483,-0.5251393810271356,1.559700872918398,0.24260076696663604,8.927676690496456e-05,0.004928366222123282,0.0009056076240916422,0.0030590687902218305,-4.060079150103313e-07,0.0,-2.292738024877337e-06,-6.063659505543004e-06,1.6155516969875014e-05,-6.059114591869946e-06,-6.944022741217834e-08,-1.1698857383261095e-18,9.229515446349531e-08,-8.815525267134195e-08,1.893436458354491e-06,-5.846637932303014e-06,6.073551525388371e-08,3.917270206791999e-19
416.046128039,-0.01350264064734023,-2.3432832793654743,2.253200601449284,-0.5160736244338123,1.5596992430303762,0.24260076696663604,8.293886703639218e-05,0.004909684338081588,0.0009655107045410394,0.0030043313957510698,-2.3531675480414904e-07,-6.938893903907228e-18,-2.02568019059137e-06,-6.307565232409372e-06,2.2251242783406268e-05,-2.5149973559011646e-05,1.1842695481284707e-07,1.159981756225254e-18,7.223862185200894e-08,4.746857883782498e-10,1.1976409498849203e-06,-3.886893799850184e-06,3.640521497396322e-08,1.9963829701650654e-19
419.019970059,-0.013264705689889923,-2.3287117258408356,2.256183921672491,-0.5072916615759753,1.559699479195574,0.24260076696663604,7.72439164365233e-05,0.004890893493637305,0.001037827933023927,0.0029095643496623996,2.9838201703880074e-07,6.938893903907228e-18,-1.8638175978408166e-06,-6.0597153925320965e-06,2.3258926155665113e-05,-2.911610652710407e-05,1.4647341515443117e-07,8.18270526834825e-21,4.3449865036464896e-08,1.2887651611792751e-07,-1.902617960410036e-07,2.7857031783605283e-07,-6.0519402487965765e-09,-3.9105524885110553e-19
421.999035737,-0.013042843658553377,-2.314168336101642,2.2593790575614885,-0.49875371133253943,1.5597010215606169,0.24260076696663604,7.184426825049099e-05,0.00487361411984516,0.0011039578732321975,0.0028310346644313117,6.362809959470361e-07,-6.938893903907228e-18,-1.767141955469066e-06,-5.539899109943875e-06,2.1113099230635278e-05,-2.3474811760357988e-05,8.223841533484036e-08,-1.1679732061182309e-18,3.0856293831680845e-08,1.7372340917359615e-07,-7.198100775418896e-07,1.9115614760350194e-06,-2.0397909271718497e-08,1.9312813901937394e-19
424.981547161,-0.012836418676556634,-2.299657356379153,2.262765468364457,-0.4904144711285133,1.559703273251225,0.24260076696663604,6.670927639675951e-05,0.004857868753312733,0.0011636878195522282,0.00276963734766357,7.88437627907701e-07,0.0,-1.6798764239295936e-06,-5.0240551782768355e-06,1.8967726271547998e-05,-1.7720061864343007e-05,2.4877734165634944e-08,1.163585089974212e-18,2.8086168802171334e-08,1.7078242306938439e-07,-7.101453278429422e-07,1.9222666491908927e-06,-1.7602616042382414e-08,1.9607334779762826e-19
427.965707631,-0.01264481954982129,-2.2851830518456526,2.266322494215192,-0.4822282811363937,1.5597057260196794,0.24260076696663604,6.182113478426241e-05,0.00484363807284327,0.0012171285788233899,0.0027253143233447324,7.846320420612507e-07,0.0,-1.5995648708957176e-06,-4.520903597623636e-06,1.6875925321699326e-05,-1.2005301228186374e-05,-2.27852425924473e-08,0.0,2.5814876298555764e-08,1.6586475152225596e-07,-6.918440539305766e-07,1.9089522129805386e-06,-1.4483268779998863e-08,6.151963943761526e-23
430.949711205,-0.012467459254663868,-2.2707497276775404,2.2700294834903567,-0.47414934255967084,1.559707956075669,0.24260076696663604,5.716279877931345e-05,0.004830887181249965,0.001264406434152654,0.002697986847053288,6.524583118228122e-07,0.0,-1.5258086629526014e-06,-4.0341462714716964e-06,1.4838684601883168e-05,-6.327119997606668e-06,-6.15612569428057e-08,1.1638298792799456e-18,2.3690993258639417e-08,1.600002458340008e-07,-6.737075635967402e-07,1.897824107212377e-06,-1.1626744818375513e-08,-7.492651210466258e-22
433.93175211,-0.012303774825580108,-2.2563617404573533,2.273865912444006,-0.4661319346027508,1.5597096189872963,0.24260076696663604,5.271795393896328e-05,0.004819569239157773,0.0013056607751579241,0.0026875553355476117,4.1742260209476356e-07,6.938893903907228e-18,-1.4582193244862376e-06,-3.5663227635025427e-06,1.285652066385082e-05,-6.827783773077629e-07,-9.215628696019325e-08,-2.9367404603611672e-21,2.1710426780093135e-08,1.5355699467241674e-07,-6.557974631095478e-07,1.8884626725823423e-06,-8.987078481673837e-09,-5.867636727103326e-19
436.910034168,-0.01215322690424141,-2.242023498576422,2.2778114995201553,-0.458130637200777,1.5597104451026529,0.24260076696663604,4.847109784693196e-05,0.004809629024983775,0.0013410427952321724,0.002693896115934291,1.0327729549342024e-07,0.0,-1.3964003325319043e-06,-3.1188720220585997e-06,1.0929853035668974e-05,4.928759855923534e-06,-1.151367088028208e-07,-2.3320023360361752e-18,1.9872186221915188e-08,1.4687762284531284e-07,-6.38051095064146e-07,1.8801101841305666e-06,-6.514214211134678e-09,-1.9428834535228518e-19
439.882780379,-0.012015298972214466,-2.227739450874286,2.2818463162083558,-0.4501005639440162,1.5597102355192196,0.24260076696663604,4.440760931775922e-05,0.004801006324519741,0.0013707151496179515,0.002716855555579642,-2.6765237565173905e-07,-6.938893903907228e-18,-1.3399495997190756e-06,-2.6922127088558397e-06,9.059362615734622e-06,1.0505855193384704e-05,-1.3093585331013288e-07,-1.1656532743026496e-18,1.8175002177099736e-08,1.4027502523801344e-07,-6.202815382202997e-07,1.8716700170904004e-06,-4.1609902450972685e-09,5.911186998402892e-19
442.848242831,-0.011889496301926473,-2.213514063112395,2.285950896460864,-0.44199760934176513,1.5597088585954766,0.24260076696663604,4.051380520225323e-05,0.004793639072417477,0.0013948525970480796,0.0027562415911233373,-6.741575102608977e-07,-6.938893903907228e-18,-1.2884615276104163e-06,-2.2858423859244527e-06,7.246361882769063e-06,1.6043191059137948e-05,-1.3986232268354097e-07,1.1752917901969082e-18,1.6617465819507674e-08,1.340265416961436e-07,-6.021705138972856e-07,1.861684868764443e-06,-1.883487035811528e-09,3.9344169931099647e-19
445.80471305,-0.0117753446687214,-2.199351782298478,2.2901063467934035,-0.4337787141892062,1.559706246971927,0.24260076696663604,3.6776985340739206e-05,0.004787466155141806,0.0014136436554483822,0.002811812662110738,-1.0958576682207344e-06,0.0,-1.2415287058520323e-06,-1.8984625403670793e-06,5.4931841429216375e-06,2.15307280358275e-05,-1.4210996832806288e-07,1.1713923353785676e-18,1.519811234313589e-08,1.2836494544350572e-07,-5.832578754950338e-07,1.8483076798562048e-06,3.585635786019724e-10,1.678074977516606e-21
448.75053296,-0.011672388873664815,-2.1852569893334977,2.294294459247996,-0.42540215229082534,1.5597023950437854,0.24260076696663604,3.3185465925669386e-05,0.004782429767095697,0.0014272933070871852,0.0028832640572552665,-1.5129429659643812e-06,0.0,-1.1987434752123828e-06,-1.5281386168301348e-06,3.8035976075159945e-06,2.695260515005437e-05,-1.3776976483080042e-07,1.1851325519407716e-18,1.3915409491205607e-08,1.234653821470094e-07,-5.629282585986985e-07,1.829267839813523e-06,2.6012005016870686e-09,-2.0199306745983102e-19
451.684106542,-0.011580191133092846,-2.171233940953783,2.2984978293987552,-0.4168278411370421,1.5596973568040549,0.24260076696663604,2.9728600961413144e-05,0.004778477189891273,0.001436026788351863,0.002970211703672912,-1.9059535895094015e-06,6.938893903907228e-18,-1.1596996616560647e-06,-1.1725060730281237e-06,2.183247693318712e-06,3.228598879490734e-05,-1.2684405383037485e-07,-1.1153323810991096e-20,1.938608151490343e-08,-2.4574471431943934e-07,1.0355590623298832e-06,-2.7131571475914948e-06,1.881958785521997e-08,-4.049282138855971e-19
454.603912309,-0.01149832939748529,-2.1572867024901927,2.302699981519108,-0.4080176783061928,1.5596912439530342,0.24260076696663604,2.6396790702117208e-05,0.004775561840869691,0.001440094491409638,0.003072173476801568,-2.2556050860433885e-06,0.0,-1.0854363213463176e-06,-2.9564945277590514e-06,9.821496252417766e-06,1.1195943993284017e-05,-2.8026258902007184e-08,-1.1851445457794798e-18,3.94031269265663e-08,-1.4135257507502579e-06,6.228735207786927e-06,-1.774086599924162e-05,6.255394319781012e-08,4.029248683059194e-21
457.508516676,-0.011426395669605426,-2.1434190735608056,2.3068855028876576,-0.39893590435267845,1.5596842241480857,0.24260076696663604,2.340488651900261e-05,0.0047613167275619706,0.0014929756321026555,0.003036140895888495,-2.0719714646788567e-06,0.0,-9.306232744954147e-07,-9.381124131221182e-06,3.835240519760926e-05,-7.072515374581946e-05,2.3662517522880434e-07,0.0,5.219082535374806e-08,-2.1634588237145514e-06,1.0039168794736118e-05,-2.929700734997695e-05,8.328285118700421e-08,2.0451843514787647e-19
460.42759609,-0.011362066225005652,-2.129558678054959,2.31139610807652,-0.39033878151791923,1.559679187453687,0.24260076696663604,2.0980020782556752e-05,0.004720799213615179,0.0016640314660141264,0.0026585999746490258,-8.725423310540492e-07,0.0,-7.815256252988503e-07,-1.555438936674759e-05,6.82927246267146e-05,-0.00015945228768877957,4.56759440280366e-07,0.0,3.291643497100963e-08,-1.0847280527493564e-06,6.280401822892285e-06,-1.9419463816162762e-05,3.270711940963855e-08,-1.88719189484685e-19
463.403124146,-0.011302847232293538,-2.1155949395168934,2.3167078589587358,-0.38329716444395956,1.5596791780743138,0.24260076696663604,1.88037045328836e-05,0.004669438873041332,0.0018966393863759645,0.0020927992835145723,6.256744148336324e-07,0.0,-7.38663906818911e-07,-1.5657753621140186e-05,7.491964721382301e-05,-0.00018394411419029964,4.245528988899432e-07,-1.1339374327099545e-18,5.031853345728949e-09,5.376815662118694e-07,5.073823924743072e-08,-2.122077497161328e-06,-3.0397440127887204e-08,-1.359956122792663e-20
466.434382789,-0.011249239947699463,-2.1015129898068685,2.322801359920184,-0.37779857644466636,1.5596830164925668,0.24260076696663604,1.6542207594444054e-05,0.004626926791214403,0.0021136917136733158,0.001554385261660421,1.6687729817999042e-06,-6.938893903907228e-18,-7.523548524483925e-07,-1.2260250816366423e-05,6.835264216274706e-05,-0.00017151186067478655,2.719663698727548e-07,-4.034540384509563e-20,-3.898547826287746e-09,1.1544381800445318e-06,-2.1273392405953557e-06,3.984892671887636e-06,-4.703441440803459e-08,5.46613004633294e-19
469.520025597,-0.01120178557433741,-2.087294531221517,2.3296484581192214,-0.3738176299835785,1.5596894299655362,0.24260076696663604,1.4200933081614598e-05,0.004594637749938957,0.0023143888697701454,0.0010443485335157113,2.2813481234396082e-06,0.0,-7.62443113475466e-07,-8.592479918811697e-06,6.191121253729061e-05,-0.00015958169895339544,1.3721053492295571e-07,2.2300354355676644e-18,-2.5068064374219702e-09,1.20831689300527e-06,-2.0276503571303638e-06,3.7019398342516293e-06,-4.0031038388908344e-08,1.9477154873121635e-19
472.658400603,-0.011160978402377788,-2.0729172975617107,2.3372163016067264,-0.3713246775316615,1.5596972372212095,0.24260076696663604,1.1796356737376517e-05,0.0045736461385867955,0.002498695168633991,0.0005617534645454558,2.51625211991624e-06,6.938893903907228e-18,-7.678761445931291e-07,-4.737573812838057e-06,5.573888134022487e-05,-0.00014848840832000368,2.319973443264239e-08,1.1143705996532752e-18,-1.1875586969509465e-09,1.239758504470586e-06,-1.9040249871425912e-06,3.3704626572269114e-06,-3.319460350990391e-08,-3.524802316873378e-19
475.847597367,-0.011127266884465583,-2.0583552215814547,2.345468077070893,-0.3702869274599796,1.5597053546596584,0.24260076696663604,9.34196839661762e-06,0.004564860335477816,0.0026667744940364613,0.0001053188923661394,2.4228537960357954e-06,6.938893903907228e-18,-7.699017753752085e-07,-7.466462001825928e-07,4.986978277703527e-05,-0.00013827168591602708,-7.25096358041815e-08,1.925929944387236e-34,2.2568414854429702e-09,-1.212576509327763e-09,3.062900119157162e-06,-1.0783343346478539e-05,-2.4264508708148622e-08,-1.7603391728764997e-19
479.085488793,-0.011101057310395073,-2.0435786557121967,2.3543636842368736,-0.3706693804555469,1.5597127971009768,0.24260076696663604,6.848099977134047e-06,0.004569044449692139,0.0028189346570006713,-0.0003264551768431753,2.0459846232778744e-06,6.938893903907228e-18,-7.530874256584682e-07,-4.868288537295071e-06,7.590557600907027e-05,-0.0002191664794551587,-1.3218653315763992e-07,1.925929944387236e-34,1.2184323189421004e-08,-2.653707899784145e-06,1.5605344958208168e-05,-4.77491926173932e-05,-1.5668690266881636e-08,-1.4473191684260515e-19
482.36976742,-0.01108271888752476,-2.0285546315692566,2.363860337469067,-0.37243559045519575,1.559718675320256,0.24260076696663604,4.4318044050200775e-06,0.004532532896917962,0.0031645450741148995,-0.0013321407233610333,1.5592350534887611e-06,6.938893903907228e-18,-6.897802849824094e-07,-1.8183597888763955e-05,0.0001523573035166229,-0.00045182721581520823,-1.7444541048853097e-07,-9.574897737904484e-19,2.4940277279495736e-08,-1.5138669863506898e-06,1.867273166114494e-05,-6.025882272431912e-05,-1.725712148966719e-08,-1.6302742505237736e-19
485.875216906,-0.011071493250906218,-2.0128231912934487,2.3759749083963957,-0.38007746529404884,1.5597232784580681,0.24260076696663604,2.1856827352184378e-06,0.004442351693530883,0.0038749468131409337,-0.0034608196231658145,8.495500841143588e-07,0.0,-5.811597276114844e-07,-1.3985476369376233e-05,0.0002005826129125156,-0.0006234690688770068,-2.513650081662016e-07,-1.0481525594241159e-18,3.2557804458980886e-08,4.9221837676093955e-06,3.0904455293528608e-06,-2.00164527956095e-05,-1.9209267576843194e-08,6.663228221394833e-20
489.820476245,-0.011067384372180649,-1.9954983634454044,2.3931231394828414,-0.39941846164847467,1.5597245717087485,0.24260076696663604,1.5745880712183039e-07,0.004439306232137591,0.004657089150567617,-0.005992590220334167,-3.5933640210594753e-07,0.0,-4.457324272946076e-07,2.1971903363243337e-05,0.00016541199099264522,-0.0005739035289533201,-3.1501270422355685e-07,-3.7456706634121663e-19,3.4718835094560864e-08,9.841736424719712e-06,-1.118253622245494e-05,1.9183373846025496e-05,-4.827036586177709e-09,1.5948309069032331e-19
494.206654469,-0.011071004510559975,-1.975792691775707,2.4150643118598283,-0.4310195058354979,1.5597196448678632,0.24260076696663604,-1.4642591152263032e-06,0.004646586346878562,0.005222491799316359,-0.008179111712231922,-1.7829640763800114e-06,-3.469446951953614e-18,-2.915366957957918e-07,6.868787457292775e-05,0.00010530435256025884,-0.0004574799556412929,-2.8105429247781255e-07,2.70096010220118e-19,3.503923269321645e-08,1.0006665623747052e-05,-1.1525558855165926e-05,2.0691385585080204e-05,1.6167363736139273e-08,9.327272705583232e-20
499.03307475,-0.011081464783163684,-1.9525489112650989,2.4414394239776875,-0.47567035596879337,1.5597075359718173,0.24260076696663604,-2.4560451879927434e-06,0.005091916033334393,0.005605392534898973,-0.010169236861029822,-2.908337804780059e-06,3.469446951953614e-18,-1.2303701455055716e-07,0.00011356375432431401,6.124587130100533e-05,-0.00038869318361892146,-1.5827871151494168e-07,4.350592111263628e-19,3.386963162008039e-08,8.967281078566767e-06,-7.927787495625683e-06,1.0882637793295203e-05,2.8955133304872462e-08,-5.279211207910509e-20
504.29892658,-0.011096056912145606,-1.924150108649003,2.4717647040751434,-0.5344936421095163,1.5596899260782024,0.24260076696663604,-2.6302174547431162e-06,0.005812269676498227,0.00582398083470434,-0.012080180878473352,-3.3115409013295682e-06,0.0,4.9327097429866796e-08,0.00015888426044722036,2.6398360994616754e-05,-0.0003507455465276495,1.4400377610157021e-08,-3.4261186246519453e-19,3.185051517265821e-08,8.185973976741171e-06,-6.5743622005671015e-06,7.466942918045628e-06,3.545558605628044e-08,-2.21796790693117e-21
510.003802877,-0.011110191338059539,-1.8884006063650958,2.5053923012459283,-0.6090305878549391,1.5596712357993991,0.24260076696663604,-1.8395210971674852e-06,0.006855194041055029,0.0058811794118915905,-0.014006059645608623,-2.6671495576835458e-06,0.0,2.2557968610328866e-07,0.00020298522289313205,-1.0840085158396256e-05,-0.0003065370427030471,2.331309144434534e-07,5.437752707772928e-19,2.7496770024715066e-08,5.040446077609727e-06,-9.454578510039072e-06,2.0658273895148143e-05,4.0593877238110004e-08,3.991620370631598e-20
516.147697167,-0.01111727115825447,-1.8423876870164162,2.5414372711377893,-0.7013058697507358,1.559658878973786,0.24260076696663604,1.2193428024177486e-07,0.008235788652023623,0.005676512789408339,-0.01568395811126956,-4.3964683747732547e-07,6.938893903907228e-18,3.7203137178424777e-07,0.00021615459651583519,-8.829576252254468e-05,-9.419968365280288e-05,4.974421560415472e-07,2.506965608564945e-20,1.6082984685108167e-09,-5.225207185928527e-06,-1.745704329482414e-05,6.0732969687060344e-05,1.5651695210886404e-08,-8.410304574791434e-20
522.431065825,-0.011108316538429431,-1.7858416743954653,2.575882136771259,-0.8041268478857496,1.559666215561596,0.24260076696663604,2.7987002145632347e-06,0.009538990436093853,0.004768393066208465,-0.015126233380618484,3.5527484616160177e-06,0.0,2.3929539907956034e-07,0.00013597137944738966,-0.00022915164064234405,0.0004555911273913338,4.199175957647148e-07,-5.013042283370615e-19,-5.981937937712308e-08,-2.9569976647114683e-05,-3.4022304030776216e-05,0.00014962537555725326,-5.613000747262609e-08,1.437737155288944e-20
527.654548623,-0.011087733014411077,-1.7336714454566589,2.5976913916046485,-0.8777636611180739,1.5596951304148736,0.24260076696663604,3.2378781787537926e-06,0.009939042895694528,0.003203953372593382,-0.0111535498561868,4.810513874187183e-06,0.0,-2.4119591924016077e-07,-9.147704946962498e-05,-0.0004572600894326605,0.0015069314001708476,-6.343780996603995e-08,0.0,-3.5642951811980624e-08,-9.332201516656845e-05,-0.00011692539698556586,0.000506924231196236,1.3657289288677946e-07,4.417305320497945e-19
531.691344228,-0.011076854566881953,-1.693701147367898,2.6075949935670035,-0.9136047478240076,1.5597122875763978,0.24260076696663604,1.2494625011979718e-06,0.009045457757455522,0.0008659270530948504,-0.0027418652749507666,3.6053259830359785e-06,0.0,-2.093032063016271e-07,-0.0006234933452368694,-0.0011577997772685865,0.004506825646407387,1.2026280451282098e-06,2.8618423587092997e-18,2.4747306064992924e-07,-0.00011235586928049099,-0.00018395622707035532,0.0007606216905835525,1.0917649420017444e-06,-1.9121325383081324e-18
534.536007089,-0.011076197616695033,-1.6696858638391978,2.6068761721912375,-0.9091028166693674,1.5597212508209293,0.24260076696663604,1.221903886056315e-06,0.006465718269183851,-0.003587518947379298,0.01493579365182307,1.0035640138350566e-05,1.3877787807814457e-17,9.749181833250705e-07,-0.0009041470362357849,-0.0017019763455575162,0.006705586470855092,5.868167381084685e-06,-7.831695469657238e-18,5.8998803497224e-07,0.00011071386022926255,8.120935597918878e-05,-0.0003699395724851063,2.17424600136263e-06,4.108388334448714e-19
536.301579152,-0.01107295433854806,-1.660436072094768,2.5968877707260054,-0.8680998581858276,1.5597465139192885,0.24260076696663604,4.0221453230407204e-06,0.004872365435687698,-0.006741985994444644,0.0273133252516638,2.4349692344993734e-05,-1.3877787807814457e-17,2.2069203096347117e-06,-0.0004792375015622871,-0.0012599764387632708,0.004800035951267205,1.0292281428482439e-05,-2.5367545453270953e-18,6.705323778854792e-07,0.00029732348071811354,0.00033847656890363524,-0.0014436671898771449,2.2422687822866175e-06,3.8019261835806255e-18
537.845260802,-0.011063796125541018,-1.6534094986311838,2.5850163377101314,-0.8204169833277353,1.5597976541509482,0.24260076696663604,8.266936183565395e-06,0.004703785142387229,-0.007976143101111277,0.03173964756886899,4.318669597647151e-05,0.0,3.205217086251347e-06,5.62074074591753e-05,-0.0006185254616778838,0.0020796711633846617,1.3397991560796938e-05,4.4159080200239966e-18,6.967551161216305e-07,0.00023599163530277334,0.00024334032706763842,-0.001071398215576259,1.9422776298967217e-06,7.046849976728773e-19
539.335538989,-0.011048117785442313,-1.6461809262229719,2.572718470894346,-0.7718923194517129,1.5598764849431748,0.24260076696663604,1.3698843211834913e-05,0.005025534686262212,-0.008637561275832373,0.03370564154123934,6.487319802750413e-05,0.0,4.3155934452599185e-06,0.0002483885607383108,-0.0005036183920736834,0.001476944576862784,1.619237971245576e-05,0.0,5.468031219815422e-07,9.576768888750845e-05,6.424436050015068e-05,-0.0003172180023430931,1.4004850949320318e-06,-1.4490172767144628e-18
540.761733784,-0.011024242430128301,-1.6387746156418759,2.559873469617321,-0.7222589651301625,1.5599853530935524,0.24260076696663604,2.07691347748791e-05,0.005424129113964726,-0.00943743339559755,0.036027335195045196,9.02056098460724e-05,0.0,4.8248197371560166e-06,0.0003396735391060228,-0.00042954572246277443,0.0011435749484804084,1.754198776356411e-05,0.0,-8.876171565991028e-08,6.401326048791893e-05,0.00013535525076591677,-0.0004992667048471402,-1.21706697450841e-07,-1.9231068976735227e-18
542.123675441,-0.010990716634236296,-1.6310867394648452,2.5464597509812825,-0.6715972039918966,1.56012624814581,0.24260076696663604,2.716775908040512e-05,0.0059650299924568495,-0.009851685881439143,0.03695492057453212,0.00011381031956936294,0.0,4.124113066844219e-06,0.0004268653496916825,-0.00013670774350246035,0.0001182731383393195,1.5987198785256323e-05,-5.120320034723472e-18,-4.6423599773445334e-07,3.769886883190138e-05,0.0001676941820986504,-0.0005700818369143328,-1.103484672080474e-06,1.0128049848404125e-20
543.481096331,-0.010950386475551322,-1.6225564271374298,2.5330831885524407,-0.6217629423556139,1.5602947511107603,0.24260076696663604,3.198927506770002e-05,0.006584662569924515,-0.009810702854423203,0.03635404289178526,0.00013369273526464553,-1.3877787807814457e-17,3.561940124126827e-06,0.0004424280215246366,2.690269899279646e-05,-0.0004083337711122924,1.4540868850020677e-05,-6.485478862188907e-21,-1.0302971032887293e-07,-2.287738689246585e-06,4.3568184147704044e-05,-0.00012585465750951288,-3.956028549674256e-07,3.761535848513664e-18
544.839378861,-0.010903839322959885,-1.6132042308692809,2.5198168670075045,-0.5728710232382351,1.5604893344406834,0.24260076696663604,3.684094924639135e-05,0.007166509064019055,-0.009778631799690407,0.03584606633067833,0.0001532988235352084,0.0,3.844851243971688e-06,0.00042062882276932114,-1.8522146298928684e-05,-0.00022305898421696307,1.4914013543233971e-05,5.094885768136613e-18,3.490694685907165e-07,-8.942025908462452e-06,-4.907710389375981e-05,0.00017827904856656407,5.85521020312502e-07,-1.956442654954079e-18
546.190399158,-0.010850610442120968,-1.6031442572154189,2.5065900825179788,-0.5246429303399481,1.5607099385829803,0.24260076696663604,4.240218780570196e-05,0.007724385554070401,-0.009860274625343446,0.035747522303231055,0.00017409236783005877,0.0,4.505635682673812e-06,0.00041809841509539425,-0.00010583556526060816,7.407156830069317e-05,1.612272042607818e-05,-5.224336325036986e-18,5.805760070263896e-07,7.730465935990158e-06,-6.785637418971498e-05,0.00021997085469911682,1.0885055925207946e-06,2.452806579798383e-19
547.526139436,-0.010790006054271533,-1.592459109439163,2.493326798681882,-0.4768275086625312,1.5609567506079522,0.24260076696663604,4.893468349340905e-05,0.008289682341231397,-0.010061606889991692,0.0360406116134854,0.00019659447798525687,-1.3877787807814457e-17,5.401940278033614e-06,0.0004411069124284463,-0.00020073786869833623,0.000367948809190128,1.7832677094897946e-05,5.5143422736024685e-18,6.347683895992977e-07,2.1571663523677396e-05,-6.000347279429324e-05,0.0001817443624004223,1.1869736562510427e-06,5.880386005673375e-18
548.838837339,-0.010721172755275671,-1.5812028072770647,2.4799485725367845,-0.4292027309314342,1.5612300669261214,0.24260076696663604,5.6685528364263695e-05,0.008891812218431494,-0.01038963160656281,0.03671522614468958,0.00022127603999133605,1.3877787807814457e-17,6.188436626775973e-06,0.0004750310579686094,-0.0002652556692100518,0.0005571585637459565,1.9270604047792793e-05,1.0448146297932614e-17,-3.992301163581343e-07,-1.39731172915638e-05,6.363476657603034e-05,-0.00016660288889289385,-1.108065495124293e-06,-6.6677200855670366e-18
550.121144149,-0.010643162115889386,-1.569403852221833,2.4663775653182296,-0.3815774670664043,1.5615301779620483,0.24260076696663604,6.497664811720445e-05,0.009521408815893362,-0.010749023208751707,0.0374838426724311,0.0002465736431350729,1.3877787807814457e-17,4.425917204875167e-06,0.00040723870738364415,-4.238123889012055e-05,-4.571759571509425e-05,1.5089622890144538e-05,-1.1162028922179164e-17,-2.3879338424438433e-06,-0.0001044768495797485,0.0002711429860375504,-0.0007230948071921602,-5.505702033340225e-06,-6.233836804096023e-18
551.377270471,-0.010556448465011777,-1.5570499351354639,2.452671485961337,-0.33407030719448744,1.5618553280550571,0.24260076696663604,6.802614234509459e-05,0.009929900848589135,-0.01050954245813529,0.03663260931881941,0.00025982043962802237,-1.3877787807814457e-17,1.7934938531779577e-07,0.00021249829137077797,0.0004179781122523626,-0.001265260003700707,5.411107656636555e-06,-5.9263633013516164e-18,-2.638039016403948e-06,-0.00013508061391153702,0.00026473080509805454,-0.0006774214210337459,-6.10365066558541e-06,6.447173874000253e-18
552.670974777,-0.01046978374647651,-1.5440770426790005,2.43961066477035,-0.2882611202636418,1.5621927499929955,0.24260076696663604,6.526245438877093e-05,0.010054646580161752,-0.00966590921186583,0.03421282216335114,0.00025997937977573216,0.0,-2.2439863111573152e-06,6.432795422075567e-05,0.000624875172163242,-0.00175064275591659,-3.5149760420084266e-07,5.451020231243004e-18,-8.719753762661813e-07,-7.225337595489947e-05,4.800036108748988e-05,-7.139852426029714e-05,-2.260973983434242e-06,2.4629701311482602e-18
554.007556718,-0.010384940094075718,-1.5306009883462772,2.4272848435257295,-0.24418509775958555,1.5625390750958863,0.24260076696663604,6.211442476996816e-05,0.010096303657911698,-0.00886831583296599,0.03203836063000422,0.0002588545478312554,0.0,-2.0269144229061906e-06,2.6136913769269406e-05,0.0005344755231551567,-0.001426575266035431,-3.446909824010531e-07,0.0,3.329102843993423e-07,-1.4793698307342196e-05,-7.687849001942112e-05,0.00025686105386764623,3.933293368371509e-07,-2.0654867287616618e-18
555.379096345,-0.010301666920151529,-1.5167340455201808,2.4156192314411364,-0.20156380502380705,1.5628937413055999,0.24260076696663604,5.97965820104537e-05,0.010125072249783207,-0.008222894770585909,0.03036367060060447,0.00025908110872008283,0.0,-1.3303481837939602e-06,2.5240851094211324e-05,0.00041602415810001667,-0.0010540117651266709,7.411847407333703e-07,0.0,5.229789886824489e-07,5.3027313310016215e-06,-8.064405964942267e-05,0.0002482011309465843,8.320860927656193e-07,0.0
556.777102963,-0.010219379785144297,-1.5025583533689792,2.4045262592356083,-0.16012955188424136,1.5632566384636224,0.24260076696663604,5.844918313604964e-05,0.010166437328147149,-0.007719033485417248,0.029128152507179282,0.0002609380772707892,0.0,-5.776925267324774e-07,4.1141393256801e-05,0.0003114337601605559,-0.0007404233803220833,1.961967271579785e-06,0.0,5.540460988901861e-07,1.6108877116186162e-05,-7.09631522524437e-05,0.00020854239111128592,9.058227481618876e-07,1.705347350500854e-18
558.192678909,-0.010137229855677431,-1.48812899751193,2.3939087245608257,-0.11962737432407898,1.5636279600850116,0.24260076696663604,5.818484894351767e-05,0.010241235456481257,-0.007348382091330041,0.028285496992137435,0.00026462367184809654,0.0,2.2906028401555617e-07,7.073193929832714e-05,0.00021649963237173548,-0.0004678181021830069,3.2909442622640193e-06,4.858435727276584e-18,5.906733001398517e-07,2.5218679987475576e-05,-6.482267106459179e-05,0.00018279227074527189,9.737811170676029e-07,1.7256712676036568e-18
559.616664665,-0.010054157752560319,-1.4734769243237718,2.383662641129769,-0.07981664251851726,1.5640080927157491,0.24260076696663604,5.9106628198760114e-05,0.010367586874425294,-0.007105034258037102,0.027801904268069683,0.000270294511760083,1.3877787807814457e-17,1.0999110000105163e-06,0.00011282418576001162,0.00012740359558161343,-0.00022153848826751872,4.727668545887498e-06,4.871362855257321e-18,3.6942450290458006e-07,1.356432408417202e-05,-5.773505620712201e-05,0.00014715754959585136,3.5185203877686924e-07,-3.4396803810254525e-18
561.039771299,-0.009968949175795883,-1.4586116571032082,2.373679876833809,-0.040472511184872294,1.5643975076535044,0.24260076696663604,6.131560166776047e-05,0.01056241398825708,-0.006985575844128067,0.027654548922261494,0.0002780824709791574,1.3877787807814457e-17,1.2812715742981077e-06,0.00010937893784004199,5.21140982183213e-05,-4.8801625598289544e-05,4.2938544986003714e-06,-4.928590222396052e-18,-6.754523816579014e-07,-6.322374940558254e-05,-5.176555017194832e-05,7.851754035443461e-05,-2.569691554531142e-06,-7.659992950206223e-20
562.062689388,-0.009880293327855245,-1.4435238410200477,2.3638506625847655,-0.0013873391259261367,1.564796656191408,0.24260076696663604,0.0,0.0,0.0,0.0,0.0,0.0,0.0,0.0,0.0,0.0,0.0,0.0,-1.2525651741584777e-06,-0.00010692834452362972,-5.094650175682122e-05,4.770824382038165e-05,-4.197652328934899e-06,4.8181670413262036e-18
