waypoint,j1_q,j2_q,j3_q,j4_q,j5_q,j6_q
0,2.2596216762645738,-1.3687367317540118,2.345421525697233,0.1638546669172149,1.1017848380800959,0.24260076695433053
1,2.2431560173572183,-1.3911036782468515,2.3632358958307553,0.09767835961598247,1.0280035392082978,0.24260076695581062
2,2.2288001990458572,-1.4133034326975307,2.3802426216628843,0.02993776768766899,0.9585302090157873,0.2426007669666359
3,2.215967428296107,-1.4364761736084029,2.3977160561730693,-0.04256538391249358,0.8923331258294029,0.2426007669666359
4,2.2041694426699605,-1.461501150261796,2.4167461107013355,-0.12309649982512554,0.8289023986037632,0.2426007669666359
5,2.1924417914023215,-1.4895675398511314,2.439588640795464,-0.2188640610980014,0.7665055612658417,0.2426007669666359
6,2.179773214242047,-1.5223730472346466,2.4703007661189162,-0.34418323328589384,0.703171602725248,0.2426007669666359
7,2.167544869147783,-1.5606795356453445,2.5118638748859046,-0.5112524882987661,0.6442070147458719,0.2426007669666359
8,2.1634262606775065,-1.5966676678911307,2.543464157800485,-0.6431533951058546,0.6145814183881287,0.2426007669666359
9,2.1628126650460238,-1.6298596647062675,2.566273535970063,-0.7403782582947706,0.6012585618152405,0.2426007669666359
10,2.1630605603588853,-1.6615067795338614,2.584302881607629,-0.8176979389743787,0.5948582227401257,0.2426007669666359
11,2.1633633932351195,-1.6920463718238412,2.5966043567702837,-0.8710275050134707,0.5929294585895709,0.2426007669666359
12,2.163399452996674,-1.7221500900607791,2.5993495332910603,-0.8858743743691182,0.5926439239356405,0.2426007669666359
13,2.163049884711714,-1.751941813670728,2.594323104126285,-0.8704405073554873,0.592452847633814,0.2426007669666359
14,2.1623883426757478,-1.7801166775458679,2.5838898013290668,-0.837013934361017,0.5918489574619596,0.2426007669666359
15,2.161674563611296,-1.8077042978519244,2.5721015758108368,-0.7993907896817984,0.5911639315319205,0.2426007669666359
16,2.164971584851186,-1.576205375242794,2.5265706155384744,-0.5722014658883879,0.62842532197788,0.2426007669666359
17,2.163455505754845,-1.595337546376286,2.5424652982846765,-0.6389570590792121,0.6151568326127099,0.2426007669666359
18,2.1628257723230875,-1.6158626748345297,2.5573575395637835,-0.7022698436231815,0.6054321363406654,0.2426007669666359
19,2.162788827383908,-1.637669683584068,2.5711869877814295,-0.7614370532180232,0.5988627672814952,0.2426007669666359
20,2.163040379533622,-1.660680719847694,2.5838696990741172,-0.8158618474909658,0.5948889684376377,0.2426007669666359
21,2.1633159708687852,-1.6848620254896713,2.59535518913861,-0.8651715089844951,0.5929722935598919,0.2426007669666359
22,2.1634707872697163,-1.7152620833416699,2.6004951339114513,-0.8893685180685492,0.5926657813082704,0.2426007669666359
23,2.1629873915082762,-1.7566559428280795,2.59354545670249,-0.8680460500925067,0.5924119698539811,0.2426007669666359
24,2.1617118637385717,-1.8060533614094771,2.5732874826363634,-0.8029216659963637,0.5912103253394182,0.2426007669666359
25,2.1603456318312415,-1.8574347226866632,2.5381599090840963,-0.698321693068239,0.5896231953932837,0.2426007669666359
26,2.160231552041402,-1.9015267290612363,2.493419404830238,-0.579891923427118,0.589471903973816,0.2426007669666359
27,2.161213989353304,-1.9343606247912037,2.454746606127035,-0.49306513651216977,0.5905949834227806,0.2426007669666359
28,2.162323223003545,-1.960681434084642,2.4238990092805506,-0.43583359253595255,0.5917041681418789,0.2426007669666359
29,2.1629704791642728,-1.9837252462074524,2.4016764759534293,-0.40565824200863854,0.5922100489347218,0.2426007669666359
30,2.1629524121357733,-2.005462068550675,2.38750061716637,-0.3981125474582741,0.5922133597541986,0.2426007669666359
31,2.162299808301043,-2.0265471383939992,2.3757406575065123,-0.3976358041359916,0.59204346288471,0.2426007669666359
32,2.161054975265145,-2.0471687669538707,2.3657008744190784,-0.4021094471938298,0.5918728199912082,0.2426007669666359
33,2.159271615107292,-2.0674844496533007,2.357503621165939,-0.41155264254123974,0.591894602306098,0.2426007669666359
34,2.157017354417225,-2.0876095484252057,2.3512586021331856,-0.42597586655598146,0.5923314568105099,0.2426007669666359
35,2.154374296403638,-2.1076124419891125,2.3470549096093194,-0.4453560849213688,0.5934333555331683,0.2426007669666359
36,2.151439086950488,-2.1275101316505247,2.34495270705462,-0.4696138807382389,0.5954731938634403,0.2426007669666359
37,2.1482535384254793,-2.147266308575173,2.344704714686014,-0.4979532597053759,0.5986163056154512,0.2426007669666359
38,2.1444883162872714,-2.166841669269752,2.344751044880094,-0.5265619250782735,0.6023263364147349,0.2426007669666359
39,2.140065217638488,-2.1862329187394547,2.344842999752616,-0.5548586330911712,0.6064783722210499,0.2426007669666359
40,2.1349646868341545,-2.205440957613498,2.344986872855606,-0.5828756063888875,0.6110568445371567,0.2426007669666359
41,2.1291678423284988,-2.224467039910848,2.345191665138625,-0.610650694672436,0.6160540585002066,0.2426007669666359
42,2.122656412545425,-2.2433119424024137,2.3454681087241367,-0.6382240962037388,0.6214699210160008,0.2426007669666359
43,2.115412767368567,-2.261975393058917,2.345828004288568,-0.665636134105718,0.627311817492828,0.2426007669666359
44,2.1074199660411326,-2.280455609584429,2.3462835560900897,-0.6929251044277254,0.6335943843689567,0.2426007669666359
45,2.0986618265814383,-2.2987489476467493,2.3468467176042793,-0.7201252145760588,0.6403391855393109,0.2426007669666359
46,2.0891230210608143,-2.3168496578695197,2.347528559793519,-0.7472646309262561,0.6475742968326256,0.2426007669666359
47,2.078789200080928,-2.334749750844146,2.3483386736949377,-0.7743636567151847,0.6553337988714613,0.2426007669666359
48,2.0676471486789674,-2.352438969891211,2.34928461950566,-0.801433066196122,0.6636571758737383,0.2426007669666359
49,2.055684974617873,-2.3699048714495956,2.3503714353086442,-0.8284726274824213,0.6725886164486415,0.2426007669666359
50,2.042892328551255,-2.387133012248488,2.351601219571495,-0.8554698532128993,0.682176212330571,0.2426007669666359
51,2.029260653737707,-2.4041072405987713,2.352972802090823,-0.8823990240040955,0.692471052425574,0.2426007669666359
52,2.0147437255045224,-2.420832226275276,2.3544584087539615,-0.9091808517039529,0.7034798154719852,0.2426007669666359
53,1.9991365408405035,-2.437399263252888,2.3559487228402958,-0.9356070485502419,0.715035319385556,0.2426007669666359
54,1.9823733483573818,-2.453817717013007,2.3574341092593962,-0.9616595308397522,0.7271536745385415,0.2426007669666359
55,1.964409800590393,-2.4700823826232163,2.358916881095501,-0.9873349569587231,0.7398830343146477,0.2426007669666359
56,1.9452010837285392,-2.4861861192465096,2.3603970087718475,-1.0126181832687453,0.7532761629160958,0.2426007669666359
57,1.9247021396736614,-2.502120181560062,2.3618718038909945,-1.0374810850542329,0.7673895459047623,0.2426007669666359
58,1.9028679648682996,-2.517874605105183,2.363335672915454,-1.061881553043705,0.7822823937807044,0.2426007669666359
59,1.8796539805979486,-2.53343863164402,2.3647799538433834,-1.0857627510615289,0.7980155009765277,0.2426007669666359
60,1.855016479528626,-2.5488011580593923,2.3661928395349934,-1.1090526722293,0.8146499524352913,0.2426007669666359
61,1.8289131509895982,-2.5639511891647637,2.36755938913728,-1.131664029339263,0.8322456737050024,0.2426007669666359
62,1.801303684377249,-2.578878271743962,2.3688616260333335,-1.1534945097986806,0.8508598256152174,0.2426007669666359
63,1.772150445868829,-2.593572884810286,2.3700787170573996,-1.1744274165833466,0.870545051020398,0.2426007669666359
64,1.7414192182404737,-2.6080267600761506,2.371187223710633,-1.194332704232265,0.8913475886373987,0.2426007669666359
65,1.7090799869041557,-2.6222331074969234,2.372161412250229,-1.213068403792993,0.9133052774134571,0.2426007669666359
66,1.6751077471655444,-2.6361867239429113,2.3729736063435136,-1.2304824140255857,0.9364454839015145,0.2426007669666359
67,1.6393073290868563,-2.6499472052816513,2.373591289081585,-1.246465041037185,0.9607181619485814,0.2426007669666359
68,1.600953247058686,-2.6637459330637223,2.3739772494655313,-1.2610628498958094,0.985913446614046,0.2426007669666359
69,1.5598503042620468,-2.677596605663926,2.374108570621782,-1.2741656660497096,1.0120692391414738,0.2426007669666359
70,1.5158640831555301,-2.691488489482618,2.373958351644387,-1.2856217412084587,1.0392393891454614,0.2426007669666359
71,1.4688632284387082,-2.7054089815602005,2.373494214719286,-1.2952549742588062,1.0674641845412356,0.2426007669666359
72,1.4187221197693973,-2.71934351635448,2.3726782921347125,-1.3028656417929743,1.0967650444622117,0.2426007669666359
73,1.3653240925082393,-2.7332752954316484,2.371467320562692,-1.3082319292980933,1.1271385523361785,0.2426007669666359
74,1.3085650916721259,-2.747184841232245,2.3698128918207133,-1.3111125770038932,1.158549846422949,0.2426007669666359
75,1.248357605977162,-2.76104940625602,2.3676619083962454,-1.311250868848045,1.1909255321275996,0.2426007669666359
76,1.1846346019052478,-2.774842316391209,2.364957304506027,-1.3083801868950835,1.224146405838542,0.2426007669666359
77,1.117353002687857,-2.788532395795581,2.361639103703007,-1.3022313138869581,1.2580404377238306,0.2426007669666359
78,1.0464960275437472,-2.802083712526483,2.357645885895765,-1.2925415715852258,1.292376645923683,0.2426007669666359
79,0.9720734293668905,-2.8154559932593246,2.352916720128013,-1.2790657059576893,1.3268606933502456,0.2426007669666359
80,0.8934293127323041,-2.8288341921249547,2.347369684496648,-1.2614390894101137,1.3610333937550063,0.2426007669666359
81,0.8115996495923733,-2.8418354116120663,2.340985604395452,-1.2397004953784594,1.394658198588547,0.24260076696663593
82,0.725606974761411,-2.854693222255991,2.333698020583042,-1.2136267799639016,1.4272115370696736,0.24260076696663593
83,0.6336822363949863,-2.867711814343654,2.325442795523275,-1.1831109711257324,1.4583187589231112,0.2426007669666359
84,0.5333290903453352,-2.8815034265633006,2.316043652654799,-1.147438981879528,1.4874973240084948,0.24260076696663593
85,0.4211932344332808,-2.8968513915075773,2.30521208749259,-1.105550017366404,1.5144831778982286,0.24260076696663596
86,0.276316213587524,-2.919055068170223,2.2913506389060068,-1.0510063769866218,1.5404618370789502,0.24260076696663596
87,0.1633484358205635,-2.930833258619308,2.278753825039385,-1.0035443952245138,1.5618477696183175,0.24260076696663585
88,0.1139102697546145,-2.925744762885687,2.2709801370667275,-0.9754798253502784,1.573659346063646,0.2426007669666358
89,0.06377145717590663,-2.920662306525522,2.26344674174964,-0.9472303406983673,1.5812991166202919,0.24260076696663582
90,0.01327456630524058,-2.915632942640674,2.256230210354585,-0.9189903113149437,1.5846459870662377,0.24260076696663582
91,-0.03720944739030167,-2.910697991817058,2.249395757387395,-0.8909616006391872,1.5836540076651313,0.24260076696663588
92,-0.08731296465685623,-2.9058931046899805,2.242992085442003,-0.863337385274026,1.578357129745934,0.24260076696663596
93,-0.1366867393118125,-2.9012447685646956,2.2370488046276966,-0.8362913339763304,1.5688663115349728,0.24260076696663607
94,-0.18501035939770663,-2.89676706194851,2.2315759587937047,-0.8099703381907923,1.5553611076293388,0.24260076696663602
95,-0.12166526548548712,-2.865147898186609,2.2341521799657023,-0.8170058629646056,1.5556422276904218,0.24260076696663604
96,-0.08852634781059678,-2.8407313169069432,2.2342955767651986,-0.8147186169506166,1.5573995990955192,0.24260076696663604
97,-0.07105259856914266,-2.820210710001316,2.2333871873677187,-0.8076247801296005,1.5582476342983198,0.24260076696663604
98,-0.06021272704652743,-2.801300664090411,2.2322300719507036,-0.7988493047229235,1.558573280987206,0.24260076696663604
99,-0.05221165922451451,-2.7830762617775306,2.2310852880579564,-0.7895310851529177,1.5588860105940558,0.24260076696663604
100,-0.0462347546495144,-2.765359222860001,2.2300110023808615,-0.77987801817131,1.5590844197215905,0.24260076696663604
101,-0.04156339272689423,-2.7479870072863224,2.2290472793327356,-0.7700682741691204,1.5592241435795884,0.24260076696663604
102,-0.03779887571645928,-2.730875034336719,2.228210294049563,-0.7601802028005734,1.559329736347069,0.24260076696663604
103,-0.034697899580503636,-2.713976411947314,2.2275044412023446,-0.750243446795452,1.5594123152335773,0.24260076696663604
104,-0.032100303616022285,-2.697264212308952,2.2269277024268663,-0.7402616773983159,1.5594776184612065,0.24260076696663604
105,-0.029895141546258348,-2.6807231682424657,2.2264742588573823,-0.7302233883399886,1.55952890266045,0.24260076696663604
106,-0.028002621222575252,-2.6643452468636104,2.2261359359574846,-0.7201077491061417,1.559568156344481,0.24260076696663604
107,-0.026363649976558517,-2.6481270704871522,2.2259030784286757,-0.7098880942915626,1.5595966725274797,0.24260076696663604
108,-0.024933410531118333,-2.632068309849773,2.2257651194849695,-0.6995341655998253,1.5596153434018005,0.24260076696663604
109,-0.023677229790283156,-2.6161706255737616,2.225710975580555,-0.6890136511397429,1.5596248225913645,0.24260076696663604
110,-0.022567823812638513,-2.60043693484624,2.2257293373941356,-0.6782933109175572,1.5596256196707847,0.24260076696663604
111,-0.021583404621606874,-2.5848708788619095,2.2258088980788164,-0.6673398517494966,1.5596181580675763,0.24260076696663604
112,-0.020699845915164283,-2.569427276967712,2.226012008171857,-0.6563354354042404,1.5596078615616802,0.24260076696663604
113,-0.01989184151991314,-2.5540084318759146,2.226479589741327,-0.6456944337685022,1.5596044847619934,0.24260076696663604
114,-0.019151143218251527,-2.5386159890513653,2.2272034801628755,-0.6353978461351099,1.5596068627604112,0.24260076696663604
115,-0.018471197231060808,-2.5232549885779973,2.228169891409328,-0.6254108481199738,1.5596134602165332,0.24260076696663604
116,-0.017846284852060627,-2.5079305981883295,2.229364346921815,-0.615697166106569,1.5596229581871275,0.24260076696663604
117,-0.01727138608653633,-2.49264808256363,2.2307718312092035,-0.6062193874483033,1.5596342339633984,0.24260076696663604
118,-0.016742075095541067,-2.477412781585848,2.232376928741102,-0.5969392405548607,1.5596463360282833,0.24260076696663604
119,-0.01625443448374889,-2.46223009167883,2.234163954721053,-0.5878178592487343,1.559658462667991,0.24260076696663604
120,-0.01580498437575891,-2.4471054473394216,2.236117078419455,-0.5788160361358969,1.5596699437355546,0.24260076696663604
121,-0.015390623225298253,-2.4320443005366474,2.238220439968132,-0.5698944694510794,1.5596802251358701,0.24260076696663604
122,-0.015008578021855143,-2.4170520961711954,2.2404582617183024,-0.5610140075713647,1.5596888556712873,0.24260076696663604
123,-0.01465636209283136,-2.4021342422590726,2.2428149554360632,-0.5521358951047559,1.5596954759391275,0.24260076696663604
124,-0.014331739098867086,-2.387296073949656,2.2452752267510565,-0.5432220241333973,1.5596998090121794,0.24260076696663604
125,-0.014032692122422311,-2.372542810923002,2.2478241783819177,-0.5342351938073157,1.559701652663366,0.24260076696663604
126,-0.013757396981130264,-2.3578795081443644,2.2504474137317483,-0.5251393810271356,1.559700872918398,0.24260076696663604
127,-0.01350264064734023,-2.3432832793654743,2.253200601449284,-0.5160736244338123,1.5596992430303762,0.24260076696663604
128,-0.013264705689889923,-2.3287117258408356,2.256183921672491,-0.5072916615759753,1.559699479195574,0.24260076696663604
129,-0.013042843658553377,-2.314168336101642,2.2593790575614885,-0.49875371133253943,1.5597010215606169,0.24260076696663604
130,-0.012836418676556634,-2.299657356379153,2.262765468364457,-0.4904144711285133,1.559703273251225,0.24260076696663604
131,-0.01264481954982129,-2.2851830518456526,2.266322494215192,-0.4822282811363937,1.5597057260196794,0.24260076696663604
132,-0.012467459254663868,-2.2707497276775404,2.2700294834903567,-0.47414934255967084,1.559707956075669,0.24260076696663604
133,-0.012303774825580108,-2.2563617404573533,2.273865912444006,-0.4661319346027508,1.5597096189872963,0.24260076696663604
134,-0.01215322690424141,-2.242023498576422,2.2778114995201553,-0.458130637200777,1.5597104451026529,0.24260076696663604
135,-0.012015298972214466,-2.227739450874286,2.2818463162083558,-0.4501005639440162,1.5597102355192196,0.24260076696663604
136,-0.011889496301926473,-2.213514063112395,2.285950896460864,-0.44199760934176513,1.5597088585954766,0.24260076696663604
137,-0.0117753446687214,-2.199351782298478,2.2901063467934035,-0.4337787141892062,1.559706246971927,0.24260076696663604
138,-0.011672388873664815,-2.1852569893334977,2.294294459247996,-0.42540215229082534,1.5597023950437854,0.24260076696663604
139,-0.011580191133092846,-2.171233940953783,2.2984978293987552,-0.4168278411370421,1.5596973568040549,0.24260076696663604
140,-0.01149832939748529,-2.1572867024901927,2.302699981519108,-0.4080176783061928,1.5596912439530342,0.24260076696663604
141,-0.011426395669605426,-2.1434190735608056,2.3068855028876576,-0.39893590435267845,1.5596842241480857,0.24260076696663604
142,-0.011362066225005652,-2.129558678054959,2.31139610807652,-0.39033878151791923,1.559679187453687,0.24260076696663604
143,-0.011302847232293538,-2.1155949395168934,2.3167078589587358,-0.38329716444395956,1.5596791780743138,0.24260076696663604
144,-0.011249239947699463,-2.1015129898068685,2.322801359920184,-0.37779857644466636,1.5596830164925668,0.24260076696663604
145,-0.01120178557433741,-2.087294531221517,2.3296484581192214,-0.3738176299835785,1.5596894299655362,0.24260076696663604
146,-0.011160978402377788,-2.0729172975617107,2.3372163016067264,-0.3713246775316615,1.5596972372212095,0.24260076696663604
147,-0.011127266884465583,-2.0583552215814547,2.345468077070893,-0.3702869274599796,1.5597053546596584,0.24260076696663604
148,-0.011101057310395073,-2.0435786557121967,2.3543636842368736,-0.3706693804555469,1.5597127971009768,0.24260076696663604
149,-0.01108271888752476,-2.0285546315692566,2.363860337469067,-0.37243559045519575,1.559718675320256,0.24260076696663604
150,-0.011071493250906218,-2.0128231912934487,2.3759749083963957,-0.38007746529404884,1.5597232784580681,0.24260076696663604
151,-0.011067384372180649,-1.9954983634454044,2.3931231394828414,-0.39941846164847467,1.5597245717087485,0.24260076696663604
152,-0.011071004510559975,-1.975792691775707,2.4150643118598283,-0.4310195058354979,1.5597196448678632,0.24260076696663604
153,-0.011081464783163684,-1.9525489112650989,2.4414394239776875,-0.47567035596879337,1.5597075359718173,0.24260076696663604
154,-0.011096056912145606,-1.924150108649003,2.4717647040751434,-0.5344936421095163,1.5596899260782024,0.24260076696663604
155,-0.011110191338059539,-1.8884006063650958,2.5053923012459283,-0.6090305878549391,1.5596712357993991,0.24260076696663604
156,-0.01111727115825447,-1.8423876870164162,2.5414372711377893,-0.7013058697507358,1.559658878973786,0.24260076696663604
157,-0.011108316538429431,-1.7858416743954653,2.575882136771259,-0.8041268478857496,1.559666215561596,0.24260076696663604
158,-0.011087733014411077,-1.7336714454566589,2.5976913916046485,-0.8777636611180739,1.5596951304148736,0.24260076696663604
159,-0.011076854566881953,-1.693701147367898,2.6075949935670035,-0.9136047478240076,1.5597122875763978,0.24260076696663604
160,-0.011076197616695033,-1.6696858638391978,2.6068761721912375,-0.9091028166693674,1.5597212508209293,0.24260076696663604
161,-0.01107295433854806,-1.660436072094768,2.5968877707260054,-0.8680998581858276,1.5597465139192885,0.24260076696663604
162,-0.011063796125541018,-1.6534094986311838,2.5850163377101314,-0.8204169833277353,1.5597976541509482,0.24260076696663604
163,-0.011048117785442313,-1.6461809262229719,2.572718470894346,-0.7718923194517129,1.5598764849431748,0.24260076696663604
164,-0.011024242430128301,-1.6387746156418759,2.559873469617321,-0.7222589651301625,1.5599853530935524,0.24260076696663604
165,-0.010990716634236296,-1.6310867394648452,2.5464597509812825,-0.6715972039918966,1.56012624814581,0.24260076696663604
166,-0.010950386475551322,-1.6225564271374298,2.5330831885524407,-0.6217629423556139,1.5602947511107603,0.24260076696663604
167,-0.010903839322959885,-1.6132042308692809,2.5198168670075045,-0.5728710232382351,1.5604893344406834,0.24260076696663604
168,-0.010850610442120968,-1.6031442572154189,2.5065900825179788,-0.5246429303399481,1.5607099385829803,0.24260076696663604
169,-0.010790006054271533,-1.592459109439163,2.493326798681882,-0.4768275086625312,1.5609567506079522,0.24260076696663604
170,-0.010721172755275671,-1.5812028072770647,2.4799485725367845,-0.4292027309314342,1.5612300669261214,0.24260076696663604
171,-0.010643162115889386,-1.569403852221833,2.4663775653182296,-0.3815774670664043,1.5615301779620483,0.24260076696663604
172,-0.010556448465011777,-1.5570499351354639,2.452671485961337,-0.33407030719448744,1.5618553280550571,0.24260076696663604
173,-0.01046978374647651,-1.5440770426790005,2.43961066477035,-0.2882611202636418,1.5621927499929955,0.24260076696663604
174,-0.010384940094075718,-1.5306009883462772,2.4272848435257295,-0.24418509775958555,1.5625390750958863,0.24260076696663604
175,-0.010301666920151529,-1.5167340455201808,2.4156192314411364,-0.20156380502380705,1.5628937413055999,0.24260076696663604
176,-0.010219379785144297,-1.5025583533689792,2.4045262592356083,-0.16012955188424136,1.5632566384636224,0.24260076696663604
177,-0.010137229855677431,-1.48812899751193,2.3939087245608257,-0.11962737432407898,1.5636279600850116,0.24260076696663604
178,-0.010054157752560319,-1.4734769243237718,2.383662641129769,-0.07981664251851726,1.5640080927157491,0.24260076696663604
179,-0.009968949175795883,-1.4586116571032082,2.373679876833809,-0.040472511184872294,1.5643975076535044,0.24260076696663604
180,-0.009880293327855245,-1.4435238410200477,2.3638506625847655,-0.0013873391259261367,1.564796656191408,0.24260076696663604
