t,j1_q,j2_q,j3_q,j4_q,j5_q,j6_q,j1_dq,j2_dq,j3_dq,j4_dq,j5_dq,j6_dq,j1_ddq,j2_ddq,j3_ddq,j4_ddq,j5_ddq,j6_ddq,j1_jerk,j2_jerk,j3_jerk,j4_jerk,j5_jerk,j6_jerk
0.0,2.2596216762645738,-1.3687367317540118,2.345421525697233,0.1638546669172149,1.1017848380800959,0.24260076695433053,0.0,0.0,0.0,0.0,0.0,0.0,0.0,0.0,0.0,0.0,0.0,0.0,6.233818151011923e-05,-6.88262494345639e-06,-1.2497969545556818e-05,-8.547798249793912e-05,0.00012917133776269794,8.533910973499933e-14
2.845472524,2.2431560173572183,-1.3911036782468515,2.3632358958307553,0.09767835961598247,1.0280035392082978,0.24260076695581062,-0.005415638116011312,-0.007830757242099723,0.006118381954771768,-0.023530327107086222,-0.025171153803755036,2.1619928070037986e-12,0.00017738158268316908,-1.958432016960221e-05,-3.556262894767069e-05,-0.00024322525060483866,0.0003675534924920806,2.428300919735615e-13,3.358637977549593e-05,-1.969526849041498e-05,9.123749009130459e-06,-0.00010370274195753263,7.392949042173523e-05,-6.673092246007195e-14
5.6912399570000005,2.2288001990458572,-1.4133034326975307,2.3802426216628843,0.02993776768766899,0.9585302090157873,0.2426007669666359,-0.004777067848860728,-0.007972015346837252,0.006058214752130975,-0.024641042269576786,-0.023837471365262153,1.901964696848779e-12,0.0001911311873802903,-0.0001120980565159004,5.19381984580606e-05,-0.0005902079385273814,0.000420717885564457,-3.7987139056247094e-13,-1.1316952661334047e-05,-3.8473987376630736e-05,4.63850271108755e-05,-0.00015299436351325944,-1.1290354536210403e-05,-1.0137758899718199e-13
8.536946297,2.215967428296107,-1.4364761736084029,2.3977160561730693,-0.04256538391249358,0.8923331258294029,0.2426007669666359,-0.004327815911945143,-0.008468752759191345,0.0064139779199015035,-0.02688945568483041,-0.022776643135445,0.0,0.00011297341652655505,-0.00023855728146562416,0.00022843462567286488,-0.0011139848622933038,0.00030329839791411704,-3.3417214623694765e-13,-3.237302204271141e-05,-4.922229173566225e-05,8.353442949921551e-05,-0.0002661184867880414,-5.308357485688952e-05,6.674956617368986e-14
11.382493727,2.2041694426699605,-1.461501150261796,2.4167461107013355,-0.12309649982512554,0.8289023986037632,0.2426007669666359,-0.004134093197398492,-0.009329685034485447,0.0073582613097955,-0.030980909885921976,-0.022111301131792604,0.0,6.889663407593557e-06,-0.0003922330896162134,0.0005273469983840184,-0.00210472970020369,0.00011860954706841356,1.219548646388837e-18,-2.737005816245504e-05,-5.612132591478157e-05,0.00012513032665167136,-0.0004353710554045063,-3.4504082373579976e-05,5.871370920709265e-14
14.227583825,2.1924417914023215,-1.4895675398511314,2.439588640795464,-0.2188640610980014,0.7665055612658417,0.2426007669666359,-0.004288553371262438,-0.010700727078950367,0.009414739735272737,-0.038866099574283684,-0.02210157382635307,6.938893903907228e-18,-4.2788727695737094e-05,-0.0005579214699148172,0.0009404875891511906,-0.0035914439789299273,0.00010692036795103286,-1.1901329371928134e-21,4.253173547739354e-05,-3.854372326631935e-06,1.3708073600733755e-05,-5.2654423856469956e-05,0.00018099231891839437,-8.579777516459395e-19
17.071286255,2.179773214242047,-1.5223730472346466,2.4703007661189162,-0.34418323328589384,0.703171602725248,0.2426007669666359,-0.0043775413040916256,-0.01250337358307102,0.012707896116486816,-0.051409614513237445,-0.02150334052253841,0.0,0.0002486774227340718,-0.000414310706261307,0.000605694263016454,-0.002405573605416951,0.0011477237067475713,-3.660118699606359e-18,0.00011710288071441152,0.00010849957274825452,-0.0002623697835128309,0.0009749411603200036,0.0004124091936715142,-2.1482506967530854e-19
19.91500587,2.167544869147783,-1.5606795356453445,2.5118638748859046,-0.5112524882987661,0.6442070147458719,0.2426007669666359,-0.0028742102924916857,-0.013057079375568548,0.012859559654563368,-0.05254754300214191,-0.015573952498131413,-1.3877787807814457e-17,0.0006232252796762763,5.916338541220702e-05,-0.0005517250727747076,0.0019534770447860303,0.0024524671025881787,-1.222954130340204e-18,4.3113985897858116e-05,0.0001243474871657887,-0.0002821129019014855,0.0010989523543524294,0.0001723704561114678,1.0719549505248515e-18
22.761446329,2.1634262606775065,-1.5966676678911307,2.543464157800485,-0.6431533951058546,0.6145814183881287,0.2426007669666359,-0.0008307748022107764,-0.012165342278766145,0.00956519802338951,-0.04028120356612956,-0.007546409978524543,-6.938893903907228e-18,0.0004935205584535672,0.00029301691995549037,-0.0009988933372760776,0.0038452788340091687,0.002126979702343444,2.440646652922432e-18,-8.094841490839925e-05,2.8227347429330164e-05,-3.390915443110594e-05,0.00019208767644700195,-0.00024326711622463528,4.2842301211242505e-19
25.601132925,2.1628126650460238,-1.6298596647062675,2.566273535970063,-0.7403782582947706,0.6012585618152405,0.2426007669666359,-6.496254642629484e-05,-0.011390674535822598,0.0071775872138770125,-0.030676537730443473,-0.003470322891890948,0.0,0.00016341965847938483,0.00022039526507215495,-0.0007461988515334735,0.003052087246028328,0.0010709586971301614,1.2246983129156489e-18,-8.30273366172847e-05,-2.8784115822665106e-05,3.590843009767614e-05,-9.974911052051938e-05,-0.00027916528977710205,-2.152455741522779e-19
28.454459384,2.1630605603588853,-1.6615067795338614,2.584302881607629,-0.8176979389743787,0.5948582227401257,0.2426007669666359,9.666967848981356e-05,-0.010912062189606886,0.005319665133845519,-0.022914660718993812,-0.0014593938794108807,0.0,2.1753206973554147e-05,0.0001290607866856067,-0.0007959176155097734,0.003282316354535705,0.0005402233535072824,1.2210740270421356e-18,-3.330814062690384e-05,-2.6593267455236392e-05,-4.5490800924806294e-05,0.00017430850547804622,-0.00014539592313865578,-2.1533796298800777e-19
31.299765777,2.1633633932351195,-1.6920463718238412,2.5966043567702837,-0.8710275050134707,0.5929294585895709,0.2426007669666359,5.9559906988970734e-05,-0.010654584975221204,0.0026442638911977623,-0.011980824220172104,-0.000389152757223607,6.938893903907228e-18,-2.6652956352531687e-05,6.876323732766631e-05,-0.0010049846751488364,0.004043907846370904,0.0002417502402435318,9.951723288611828e-22,-1.1166556152906959e-05,-8.871782261137796e-06,-2.59653260654033e-05,5.9218356275365426e-05,-8.724253887566779e-05,-4.2868316177070064e-19
34.146233735,2.163399452996674,-1.7221500900607791,2.5993495332910603,-0.8858743743691182,0.5926439239356405,0.2426007669666359,-5.5064560271933516e-05,-0.010520727847915634,-0.00040063119782290935,0.00010281762103866998,-8.371833734145684e-05,0.0,-4.179072694979405e-05,7.859323112360491e-05,-0.0009435959920725196,0.003618889526308716,4.369953775537451e-05,-1.218893516974437e-18,-1.0821363126495936e-06,1.0113826777436339e-05,6.832650319179107e-05,-0.00032807141939240235,-4.6885477788387856e-05,-1.9811182041995365e-22
36.992856576,2.163049884711714,-1.751941813670728,2.594323104126285,-0.8704405073554873,0.592452847633814,0.2426007669666359,-0.00017835896748769065,-0.010207136795386207,-0.0027276747023934345,0.008621648449664204,-0.00014038702367749623,0.0,-3.2812344447450126e-05,0.00012634423472671422,-0.0006159812034827015,0.0021761120928233168,-2.5166012489149962e-05,0.0,6.600440107618254e-06,7.703656102871304e-05,0.00012992969290523952,-0.0005050557447110527,-3.589023956936921e-06,-4.397490987709555e-05
39.824502367,2.1623883426757478,-1.7801166775458679,2.5838898013290668,-0.837013934361017,0.5918489574619596,0.2426007669666359,-0.00024169556239200807,-0.009803794777596464,-0.003904357636740574,0.012483759766994479,-0.00022646061220341074,0.0,-4.414616956722786e-06,0.0005142271753893193,-0.00020626366461413964,0.0007509940798329981,2.270457496787558e-05,-0.0002483875876964608,7.2353598520812405e-06,0.0001125676249828516,0.00012201234647975524,-0.00041299473500356205,8.727140932198032e-06,-4.497177145949375e-05
42.681461889,2.161674563611296,-1.8077042978519244,2.5721015758108368,-0.7993907896817984,0.5911639315319205,0.2426007669666359,-0.00020255901378013128,-0.0072629946222841045,-0.003890384418713304,0.012862588261824537,-8.52924244021478e-06,-0.0014256103926996574,8.204710185559068e-06,0.0007654554896729015,7.694551459656174e-05,-0.00016866047465789803,2.4063343923516182e-05,-0.00025365282874829985,3.93662160030458e-06,7.74339179888073e-05,9.110811767843367e-05,-0.0002968763114105514,-3.0368104494582135e-07,2.017243191804601e-06
71.318007554,2.1649769688652576,-1.576195780121473,2.52659853075502,-0.5722888694339818,0.6284478472721527,-0.01905533512551432,-0.0006883480043199549,-0.008163824069253863,0.007092200861656935,-0.029735180675801772,-0.005973952955908778,0.024694678105288317,-1.6963952154649572e-05,-3.1457336282802556e-05,0.00038351641321374575,-0.0014875316819133876,-0.00020831505947683027,0.0009121312606387428,0.00014028116061420078,-0.0001699893257702648,-0.00048276195359532386,0.0018434354257324047,0.0007254439092837779,-0.0009025709304948922
72.858246668,2.1634478677312754,-1.5953167028698223,2.542412018523397,-0.638775588305914,0.6151330712361561,0.03653539779042801,-0.0006962031771031718,-0.012155853467239075,0.00948501728502893,-0.04006757123041613,-0.0072190629336355006,0.03424097198618539,0.00021079669722600167,-0.0003050585679260096,-0.0004009327473441966,0.0015083307095609573,0.0009698122034965291,-0.0005561879566271296,7.864549589822879e-05,5.8901555711976365e-05,-0.00037251595395668136,0.0014836382423384733,0.0004856373459610577,-0.0008939685523221975
74.588535241,2.1628196958188535,-1.6158475573207287,2.5573040125874353,-0.7020804040995094,0.6054129827423504,0.09218362040437364,-0.00019934572771240777,-0.011648924515901604,0.007954793422622508,-0.03390740870081821,-0.004580024310867403,0.030465576511660056,0.00021231139856540322,0.0002566361571693537,-0.0007796068478993965,0.0031785406753633153,0.0012672795785324004,-0.001987672063469768,-3.1286045241872516e-05,0.00015301710453990432,-6.796450379619704e-05,0.0003318718465999363,-2.2957439461253456e-05,-0.00034048219683992416
76.50034991,2.162784378733999,-1.6376605104571644,2.5711351241759646,-0.7612462861993672,0.598848607915286,0.14684626687650187,4.8460183508347576e-05,-0.01123504250542895,0.006685640154373007,-0.028636826134197407,-0.00270205084927036,0.02707589629586945,8.456092117413998e-05,0.0001866748353312308,-0.00059081360545317,0.0024750200149014053,0.0008117377463166214,-0.0016102443953820112,-5.148420171286536e-05,-3.31711403244054e-05,2.974153846751481e-05,-0.00010401141272841784,-0.000193103208138684,4.8193544745018765e-05
78.5842664,2.163037405325455,-1.6606769955249159,2.583820593810075,-0.815674322273622,0.5948794434451097,0.1998262782631967,0.0001223300570072916,-0.010913745193707025,0.00562033108656812,-0.024119266603995076,-0.001397888718037782,0.024090021562766052,1.2111167475041213e-05,0.00012532445877169686,-0.0006855900327317284,0.0028578896374569025,0.0005119399866816439,-0.0018487792909016474,-2.5902332453976146e-05,-2.5870021002408442e-05,-9.181512609667965e-05,0.00035544791320302877,-0.00012324868227088482,-0.00021343332414855095
80.829413921,2.163314258602057,-1.6848629098662884,2.5953094851333285,-0.8649906376298214,0.5929667962587373,0.25068695243091765,9.307397674906959e-05,-0.010702169522037286,0.0036592692119160053,-0.016033710121578226,-0.0005239733233432103,0.018933092102752135,-2.460311898830473e-05,7.587755422690592e-05,-0.0010038064983100864,0.004071292703369952,0.00028509068107479064,-0.0025673591076443405,-1.1501707561191496e-05,-1.3136925184557562e-05,-7.931238098420003e-05,0.000278608183604211,-8.769154620354737e-05,-0.0001604767572435367
83.694067702,2.163470360865009,-1.7152637532106194,2.600463103501123,-0.8892395151965664,0.5926644090596929,0.29132487314393307,-1.9703418089767055e-05,-0.010551911750117604,0.0003073064378888435,-0.002653168947275658,-8.798659602773928e-05,0.010590023326552865,-3.982055909426774e-05,7.072760378337576e-05,-0.0010028472396611642,0.003912329058254529,8.267405943590151e-05,-0.002443779979884645,-1.811524314071337e-06,6.563625476399081e-06,4.1885516344819545e-05,-0.00022082585667229575,-5.154271285416195e-05,0.00013913216559756909
87.648047449,2.162987526710685,-1.7566556977451826,2.5935370108145572,-0.868012598596936,0.592412408582876,0.3135725430119601,-0.0001796197127164889,-0.01017251825494389,-0.0027450832099133182,0.008676114618253128,-0.00014050960887777159,0.003484975539029621,-2.787855115574828e-05,0.0001423126037857806,-0.0006104684866127913,0.002136869065568182,-1.6791115742047005e-05,-0.0013697694784009617,4.293083227567772e-06,1.7818769287946023e-05,8.047759571161137e-05,-0.00036347137398937433,-1.300127882639578e-05,0.00021725975293336767
92.691337775,2.1617117317186194,-1.806055173774852,2.573302467744209,-0.8029794927422969,0.591209899127671,0.3173715149182102,-0.0002393870380521801,-0.009156572484620984,-0.004784903346113395,0.01476727469316743,-0.00024775500541507345,-0.0006753355036053718,1.9604710655267466e-06,0.00023033952720602957,-0.00032526648365549,0.0008541578972443309,-4.174481905329409e-06,-0.0006237984486702499,4.89046650415021e-06,1.083084277630666e-05,4.418700618846942e-05,-0.00019325488079883203,3.551164738151556e-06,0.00011339837842554557
98.823754595,2.160344986209728,-1.857445839598599,2.538197376807836,-0.6984591500852729,0.5896210837709154,0.302577308801395,-0.0001243770250007603,-0.007528575559979989,-0.0061890308862243,0.017368493806461882,-0.00014591526701790425,-0.0030010152551118476,2.4299394688136773e-05,0.00024736959457023506,-0.00014648686911996434,0.00012453569219017177,2.5428577486349804e-05,-0.00018576328022272567,1.8832270591405059e-06,-3.6205579864795964e-06,2.646181052359647e-05,-9.949931671369596e-05,2.5870082991675843e-06,6.299285059002913e-05
105.505047792,2.160230962730646,-1.9015474872352573,2.4934652730112203,-0.5800523878683886,0.5894699749015138,0.2782423729849776,7.833775923052344e-05,-0.006007613747239737,-0.006567347634651444,0.01601938855361173,8.819694301638592e-05,-0.002833753723359606,2.407362418119895e-05,0.00017660945470508694,1.0720776105934489e-05,-0.00039845788315375397,2.6405339606142963e-05,0.00017369790811721126,-1.5037428988024558e-06,-1.3611142271179649e-05,2.0108808314437077e-05,-6.074582880568962e-05,-1.863226878411257e-06,4.4656878309940634e-05
111.500916495,2.161214010897561,-1.9343767443030708,2.4547758669242854,-0.4931642946420805,0.5905950539672365,0.2656018794248304,0.00018895867659640686,-0.005223295766062203,-0.006140704991268564,0.01257277895994642,0.00020005909342906553,-0.0009923605626340065,7.147921785717058e-06,7.874701237682742e-05,0.00011288449990599263,-0.000668349254787591,4.4214647940901725e-06,0.00039225160284581193,-3.506165462689888e-06,-1.7823906427074117e-05,1.6987421149412184e-05,-4.25086089154653e-05,-3.8087911920038846e-06,3.5571259156038096e-05
116.761279932,2.162323399672688,-1.9606900988729665,2.4239133047440387,-0.4358811630939011,0.5917047416596716,0.2655313947237914,0.00017440153102060707,-0.0050493315645041,-0.005354311531568012,0.008625423359014318,0.0001576215818067106,0.0014639593937601086,-1.444913592327607e-05,-2.194627095201485e-05,0.00020200637837085723,-0.0008804025304566485,-1.6270829500209086e-05,0.0005753105984463752,-4.1018279794457505e-06,-1.4872442744503593e-05,1.0914343274501697e-05,-1.9783013651663374e-05,-2.403967408896194e-06,1.9410285506416346e-05
121.287054508,2.162970601303557,-1.983725780890416,2.4016771950877045,-0.4056605297919405,0.5922104425302493,0.2779094367674265,6.352174357715512e-05,-0.005362878990153697,-0.004235605684111909,0.004134704625346958,5.204126415397914e-05,0.004489621515057732,-3.29983162207385e-05,-7.26313676045529e-05,0.0002279313450163992,-0.0008900027248281613,-2.1194514195304673e-05,0.0006032344180817363,-3.3490295871770294e-06,-2.066494658166239e-06,-6.695340314150371e-06,3.752189580296124e-05,6.710722282785278e-07,-2.352906722492891e-05
125.169416799,2.1629525079554948,-2.005455597830032,2.3874897684418546,-0.39807652223756074,0.5922136703740173,0.3011833675127511,-9.289389345040755e-05,-0.005656020442243448,-0.003414818074114423,0.0010199320473378848,-2.313586832278225e-05,0.0066141003795965325,-4.350419426589251e-05,-5.023845938085397e-05,0.00016056166992716033,-0.000612300823537908,-1.273098018673898e-05,0.0004129757968522118,-1.8637917681568955e-06,5.848029411151534e-06,-1.5201652712750706e-05,6.178185350668827e-05,2.924787639278202e-06,-4.270103134912603e-05
128.86038798,2.162300026591041,-2.026538697332444,2.375726218592539,-0.3975877173913029,0.592044174998974,0.32776900529910197,-0.0002647495611450834,-0.005752785140423933,-0.003000632865253705,-0.0005733848483564369,-4.68510234152425e-05,0.007667341986834664,-4.742788858343924e-05,-2.8372223077486637e-05,0.00011200105252964131,-0.0004184690375051801,6.77812109004778e-07,0.0002774913672094117,-6.872964230194382e-07,1.4045855869443258e-06,-4.804234730650021e-06,2.3909683092565142e-05,4.1524485549173934e-06,-1.6314762416404552e-05
132.420517506,2.1610553949627582,-2.0471591575579877,2.36568394301853,-0.40205276661146805,0.5918741877836714,0.35666064980352097,-0.0004365754853916659,-0.005861196195548091,-0.00260263196840127,-0.0020178247918020836,-2.00467737688087e-05,0.008628239851871528,-4.8584435972140104e-05,-3.8891910275550673e-05,0.00012357874657599075,-0.00043157641706372647,1.724528552640359e-05,0.0002894340904751214,-1.502634060269692e-07,-3.843260604427705e-06,5.278975952714825e-06,-9.948114514348166e-06,5.630740773806261e-06,7.553530342651197e-06
135.847564211,2.159272313175066,-2.0674738486046134,2.357484196989114,-0.411487158250062,0.5918968694877087,0.38792207172804144,-0.0006041338701649468,-0.0060223251970576985,-0.0021402444684378574,-0.0035821336478135263,7.110702373715194e-05,0.009684568246329836,-4.8523408780917654e-05,-5.499372035687976e-05,0.0001483567715466743,-0.00048634154060274204,3.976557402379774e-05,0.00032917248645115125,2.6997792893296056e-07,-4.561032318051233e-06,7.862156666702628e-06,-1.7433715592390188e-05,7.878426666870906e-06,1.2076244647451383e-05
139.139532348,2.157018413314518,-2.08759820446414,2.3512367616107044,-0.42590157313567145,0.5923348782293462,0.4215824133921612,-0.0007627028528843227,-0.0062285872853573565,-0.0016093783179593757,-0.00527764713629035,0.0002436515941837969,0.010834409169660358,-4.68372332958886e-05,-6.95739470384924e-05,0.00017623731487606577,-0.0005483288899634525,6.983439156313551e-05,0.00037044724633772874,6.622758308614344e-07,-3.3878693288693496e-06,7.764702242059017e-06,-1.6007942630824346e-05,1.009159684077543e-05,9.788210934370999e-06
142.29488844,2.1543757996350514,-2.1076006894583412,2.347030849556275,-0.4452733325706217,0.593438179324319,0.4576119674334442,-0.0009064648711257228,-0.006469040104315482,-0.001007992338067254,-0.007108482661373566,0.0005166910250812423,0.012067300164996297,-4.429365290168434e-05,-7.711498007132518e-05,0.00019860683306397727,-0.0005903049588340525,0.00010457315955583735,0.00039301598060852367,-5.003488832235672e-07,3.1059939301798422e-06,-2.6096873001629986e-06,1.6894744426543132e-05,6.652013500579564e-06,-1.4127521275397164e-05
145.312796582,2.151441111144566,-2.1274983876436306,2.344926776330136,-0.4695235002824325,0.595479632307305,0.4959025881985031,-0.0010364801482464214,-0.00670439363915476,-0.00038548108671526693,-0.008919046660042382,0.0008843579296044235,0.013259985836163932,-4.9574699691694215e-05,-5.1877723206595824e-05,0.00016273518858030166,-0.00045215363407953135,0.00011207078371192893,0.00028895671034853817,-3.3967631866477383e-06,1.3253068638540757e-05,-2.2026020355901374e-05,7.556430321229479e-05,-4.299670687407981e-06,-5.427790596113755e-05
148.213396752,2.148256119603857,-2.147255120163376,2.3446776646406042,-0.4978575012860628,0.5986244277557643,0.5359596694240353,-0.0011983792872448662,-0.006782085128849424,-3.4826763078366074e-05,-0.009818556873428405,0.0011822276880539273,0.013801935412999455,-6.401855382881459e-05,1.9831163101838127e-07,7.057836205226091e-05,-0.00014992971183529083,8.06862346709294e-05,7.632623522440402e-05,-4.22459339129401e-06,1.415799725017783e-05,-2.5812105603826823e-05,8.32910209146106e-05,-1.0069318969898306e-05,-5.7773423822302066e-05
151.11237684,2.144491339295672,-2.166831729158709,2.3447246303385936,-0.5264668461675068,0.6023357390904429,0.5759480462321976,-0.0014077343180936563,-0.006703330919758499,2.400676195024598e-05,-0.009789094928603095,0.0013523755072208793,0.013703003947861392,-7.407801381248213e-05,3.024501287778123e-05,1.3016506024339596e-05,3.09670352979974e-05,5.367052849057467e-05,-4.615521089908724e-05,-2.181319262663605e-06,5.575342892102373e-06,-1.113850642153093e-05,3.4310982722298064e-05,-5.688741473658648e-06,-2.2470092843861675e-05
154.027025123,2.1400686481018094,-2.186224236527439,2.3448174763057597,-0.5547651580584699,0.6064889038032792,0.6156209844213834,-0.0016290998117098332,-0.006606155123604074,4.061768135077415e-05,-0.009637872349065033,0.001494090405588705,0.013533228208145592,-7.665944165980028e-05,3.246080038726514e-05,6.097134934199356e-06,4.8658999489713684e-05,4.77280736603251e-05,-5.3685033152515386e-05,-6.92294399313734e-07,8.418506315445868e-08,-1.0312435174313303e-06,1.9098886623346634e-06,-1.2385767698996432e-06,2.7472009651327925e-07
156.955876378,2.13496851466579,-2.205433446450689,2.344962229261038,-0.5827837235058515,0.6110684250892727,0.6550272282415296,-0.0018557139515122945,-0.006513671296902002,5.964670077007739e-05,-0.00950484790982152,0.001631249040004057,0.013389425444870873,-7.811792930449414e-05,3.0717697923334994e-05,7.028670166598702e-06,4.200900852086519e-05,4.64556928710472e-05,-4.446849755937931e-05,-5.09880315886596e-07,-5.789754266959251e-07,3.533779930804194e-07,-2.2970359032318013e-06,-2.6107321003269795e-07,3.1358415222565165e-06
159.897373396,2.1291720620409684,-2.224460616407478,2.345167882340861,-0.6105603654379027,0.6160666186930549,0.6942199254412262,-0.0020876981430091313,-0.006425853314225127,8.189189654089768e-05,-0.009391351259384922,0.0017667920101728796,0.013272299997769937,-7.965291850632692e-05,2.9062422924743024e-05,8.172482131419089e-06,3.517392645572691e-05,4.619987691519548e-05,-3.527682927191014e-05,-5.35724994422531e-07,-5.339068992109483e-07,4.0847299847658634e-07,-2.299654136287698e-06,7.740189819554115e-08,3.0716683007421562e-06
162.849883264,2.122661022977892,-2.243306528326624,2.34544516496915,-0.6381352721245462,0.6214834008973769,0.73325311352638,-0.002325206165885274,-0.0063423946627279015,0.00010782882622717427,-0.009297607809428426,0.001903554087078152,0.013181603786834292,-8.127580252186457e-05,2.757148306817346e-05,9.436645770340196e-06,2.8455361265287363e-05,4.6915527330138615e-05,-2.6365236485068923e-05,-5.647602226223651e-07,-4.6750561905297463e-07,4.357923192175569e-07,-2.2144381637331985e-06,3.986327111159915e-07,2.9351447124004065e-06
165.811710075,2.1154177712583513,-2.2619709156998593,2.345805878015282,-0.6655487668559397,0.6273261646793578,0.7721796452302102,-0.0025684061503732925,-0.006262799261613161,0.0001377155640892025,-0.009223118169309777,0.002044277337245118,0.013116448355856195,-8.299338237856556e-05,2.6298136572023992e-05,1.0750046966007405e-05,2.207813403046991e-05,4.85604410359138e-05,-1.7918947396020155e-05,-5.957094907512856e-07,-3.861200685356187e-07,4.3983794995663724e-07,-2.0580625650565364e-06,7.034805034200422e-07,2.743189591285873e-06
168.781106754,2.107425369476794,-2.2804520015197567,2.3462622282148717,-0.6928391548089796,0.6336095518698347,0.8110493014958353,-0.002817471833754359,-0.006186423263172813,0.00017159975326241916,-0.00916670402738172,0.002191592804237752,0.013075384345797747,-8.480932821961613e-05,2.5281982603838835e-05,1.2045368302537696e-05,1.6249973519486677e-05,5.1090272616001605e-05,-1.009641110550014e-05,-6.275025571027216e-07,-2.940957458370087e-07,4.2212729616916356e-07,-1.8362365304383646e-06,9.919633517602389e-07,2.5043268822242183e-06
171.756286138,2.098667638355414,-2.2987461460491248,2.346826173200264,-0.7200406601468858,0.6403551293574514,0.8499070918475324,-0.003072572439923038,-0.006112513675911979,0.00020932751448021758,-0.00912655078470799,0.0023480044711460396,0.01305647268389587,-8.672380369243918e-05,2.4550419031257095e-05,1.3259251596409342e-05,1.116395082151919e-05,5.445886330989396e-05,-3.0332914067762555e-06,-6.589582145430102e-07,-1.9525887424986218e-07,3.841432921984422e-07,-1.553668238827503e-06,1.264048039363364e-06,2.22562666437857e-06
174.735431416,2.0891292519381586,-2.316847603478616,2.3475087891731863,-0.7471814721649462,0.6475909734821041,0.8887917456109757,-0.003333861302152963,-0.006040244412441886,0.00025055423297842827,-0.009100248749911,0.0025158735318794173,0.013057349520340877,-8.873310220065063e-05,2.411974972766945e-05,1.433249280159109e-05,7.0001651328278295e-06,5.8617871271425624e-05,3.1545148634361773e-06,-6.887817000328176e-07,-9.306281552177516e-08,3.2736396381080563e-07,-1.214372830732479e-06,1.5194305748387061e-06,1.9131045808127985e-06
177.71670608,2.07879586200232,-2.334748386725097,2.3483196729142257,-0.7742819215862901,0.6553511629493953,0.9277343998915131,-0.003601463367613189,-0.00596875042928513,0.00029475729520755944,-0.009084834651028106,0.0026974012700764494,0.013075287102443961,-9.082929291026978e-05,2.3995944968718038e-05,1.521033818452647e-05,3.926559574929812e-06,6.35158332859314e-05,8.368916871369977e-06,-7.155608902378458e-07,9.277793059968532e-09,2.533190313962364e-07,-8.220309014966408e-07,1.7573643858607424e-06,1.5721384310926912e-06
180.698263538,2.067654253920719,-2.352438240096254,2.3492663903173088,-0.8013528129931985,0.6636751778275918,0.9667574948223886,-0.003875461731757235,-0.005897160612550523,0.00034125114296190695,-0.009076836037831104,0.0028946092684234426,0.013107253297103827,-9.299987869955395e-05,2.4175100386351987e-05,1.5842968393110352e-05,2.09865104731379e-06,6.909680481934045e-05,1.2528812336105432e-05,-7.377640007494766e-07,1.0867972550105e-07,1.6366881295905916e-07,-3.8039820440061094e-07,1.9765354423091205e-06,1.2078876998958933e-06
183.678256543,2.055692534939005,-2.369904719696394,2.350353984604221,-0.8283939458299482,0.6726072006835349,1.0058738921130017,-0.004155883389859227,-0.005824629862096753,0.0003892051713753064,-0.00907232160996338,0.0031093161178270823,0.013149972595390164,-9.522747970044476e-05,2.464369263711734e-05,1.6186209822834987e-05,1.6580686608329634e-06,7.529872154260584e-05,1.557038630455596e-05,-8.760898564918013e-07,1.7122375759823972e-07,-5.725714451687204e-08,4.1709979662436566e-07,1.9020774165835568e-06,7.642655398231073e-07
186.654846594,2.042900354367391,-2.387133380724513,2.3515845583671378,-0.8553928631391025,0.68219531580179,1.0450862380198556,-0.004442684464574964,-0.005750370481462597,0.00043766500528236163,-0.009066960587892137,0.0033431102557202746,0.013199991195735672,-9.821750615157459e-05,2.519491384324877e-05,1.5503084390825603e-05,4.579297849437603e-06,8.042790522385149e-05,1.7082967534331594e-05,-1.7390129687487265e-06,1.3458336083632236e-08,-9.270301458003061e-07,2.8663263999947247e-06,2.0636632395662987e-07,1.293421402060227e-07
189.62621348,2.0292691533727703,-2.404108068993585,2.352956944131113,-0.8823238730507458,0.6924906038549056,1.0843865956577687,-0.00474005741870448,-0.0056747741786565276,0.0004814249618518285,-0.009045113140467687,0.003587678175012196,0.013251578438951583,-0.00010556338786502019,2.4725534584884895e-05,1.0679554680261829e-05,1.868718138119227e-05,7.654201072606844e-05,1.634366155930586e-05,-3.132919427941391e-06,-3.7579993595965206e-07,-2.0880900499011687e-06,5.844052980829191e-06,-2.573012010602032e-06,-1.3295928690926504e-07
192.593364896,2.014752721769407,-2.4208334510200387,2.354443344565649,-0.9091075880450484,0.7034997733326024,1.1237807666085309,-0.005069528373962684,-0.005603531409066387,0.0005011198375672876,-0.008956081912142644,0.003797704967322138,0.013297056903859822,-0.00011681683917287621,2.2965054275515514e-05,3.1068389391699855e-06,3.9275078760020064e-05,6.515868583522016e-05,1.629241033752069e-05,-3.350966876913606e-06,-5.372796996684217e-07,-1.9030169662214883e-06,5.0541496831291636e-06,-2.5766738809973774e-06,7.676375138784004e-07
195.567686638,1.9991461431196256,-2.437400822088783,2.3559343366047405,-0.9355351787731321,0.7150558202246091,1.1633909936876394,-0.00543420448422699,-0.005538342935502649,0.000499833466879096,-0.008811628223587498,0.003974735990019157,0.01334839321446693,-0.00012546672553143915,2.153410634499577e-05,-6.178488197828918e-07,4.8689219061328086e-05,6.125085984971725e-05,2.0915828970363096e-05,-2.3696940048357473e-06,-3.3318375666505087e-07,-6.399632278120698e-07,1.5474943291266434e-06,1.3152979344574125e-07,1.9834828586612113e-06
198.549400516,1.982383636731076,-2.4538195482237217,2.357420348966118,-0.9615888698222673,0.7271747667816107,1.203284730866286,-0.005816854974657393,-0.005475279173790704,0.0004974371642199604,-0.00866608537898425,0.004162542894641963,0.013421686444553715,-0.00013092284994156212,2.098278951293876e-05,-6.957409135474531e-07,4.846806469535267e-05,6.596347747884113e-05,2.8112455794584643e-05,-1.8064759830132978e-06,-1.301211590394383e-07,-4.35865053468483e-10,-3.062096747837679e-08,1.835100409108835e-06,2.3220590302435046e-06
201.537057493,1.964420857421482,-2.4700844228711514,2.358903712353941,-0.9872654027146879,0.7399047498984657,1.243510519928566,-0.00621576235028376,-0.0054130908748471485,0.0004956816154469412,-0.00852230846065316,0.004368531873468778,0.013516248907293804,-0.00013624997236888015,2.075801664341338e-05,-6.201450301552343e-07,4.8506949301386224e-05,7.220828391944073e-05,3.477597146143334e-05,-1.8281435887685914e-06,-4.1254222950633644e-08,-2.40832749223606e-08,2.660393796242822e-07,2.176498818733756e-06,2.0929424946594407e-06
204.529168909,1.9452130037850706,-2.486188302165549,2.360384402951598,-1.012549659606557,0.7532985355675276,1.284109234772746,-0.006631622605764997,-0.00535115155065502,0.0004937285504184041,-0.008376021639280529,0.004594360787568891,0.013629666559874798,-0.00014185512728203797,2.0736401760281767e-05,-8.401936216264347e-07,5.0061174411924255e-05,7.897920570390472e-05,4.062654212838015e-05,-1.9170443287505486e-06,2.0402384546866933e-08,-1.2715916201202936e-07,7.910308095987413e-07,2.33494003802039e-06,1.820732057689478e-06
207.524216447,1.9247150324978308,-2.502122435895324,2.3618597369899548,-1.0374135392431176,0.7674126114614737,1.3251138589838154,-0.007065088404917819,-0.0052889385326452265,0.0004906501413564635,-0.00822257737611165,0.00484141352111947,0.013759502458908668,-0.00014772787842637467,2.0880331270948854e-05,-1.381782147749568e-06,5.3244572120556694e-05,8.618836417630322e-05,4.5676192912998646e-05,-2.0018303427220602e-06,6.88360604692063e-08,-2.3769324274475328e-07,1.3509014808359067e-06,2.4630241874639383e-06,1.5565052424551536e-06
210.520661863,1.9028819580033196,-2.5178768528131963,2.3633241243888716,-1.0618149528668206,0.7823061911454411,1.366549388912195,-0.007516741538818261,-0.005226046889909408,0.000485448622629725,-0.008057001534421876,0.005110768114609837,0.013903341652349382,-0.00015384919435533257,2.11488906415615e-05,-2.2644900291240126e-06,5.8155896521448064e-05,9.37365543613309e-05,4.995197020058904e-05,-2.0796839381885357e-06,1.0329112544039511e-07,-3.5363122840307035e-07,1.9404834432912502e-06,2.5566077508430957e-06,1.305352798590844e-06
213.516956487,1.8796692239987354,-2.533440785888029,2.3647689053709917,-1.0856970810098794,0.7980400738483088,1.4084329485362828,-0.007987065691214379,-0.005162198777198035,0.0004770798007010524,-0.007874065080598569,0.0054031511640030006,0.014058851043108389,-0.00016019087252781383,2.1499324013068023e-05,-3.500984362646208e-06,6.48732940429636e-05,0.00010150943848425558,5.3498869566237506e-05,-2.1474798363403305e-06,1.2350053112901295e-07,-4.728402125731713e-07,2.5532850395395933e-06,2.610394822987713e-06,1.0730371605405085e-06
216.511550637,1.8550331515379277,-2.5488031209772344,2.3661822737830853,-1.1089879290236033,0.8146753518715559,1.4507741284435391,-0.00847641628303053,-0.005097247478051792,0.00046447702165419713,-0.007668365830173718,0.0057188865152889845,0.014223841995249453,-0.00016671440189171662,2.1888746334358536e-05,-5.097018588068905e-06,7.345128450305088e-05,0.00010937508422263352,5.63807929419226e-05,-2.201688489633179e-06,1.297764972622742e-07,-5.932192755635928e-07,3.181837919494844e-06,2.6181648397438116e-06,8.656748489003565e-07
219.502903039,1.828931466377109,-2.5639528492321557,2.367549288572618,-1.1316002170424417,0.8322719615451928,1.4935755580274739,-0.008984987786377074,-0.005031175202570182,0.0004465750773873789,-0.007434420469246944,0.006057839041202967,0.014396335132457722,-0.00017336991147002927,2.2276160908344376e-05,-7.051572836926274e-06,8.391754936771124e-05,0.00011718168803583528,5.8681379560656007e-05,-2.2384032764813325e-06,1.23112915164017e-07,-7.127457808966684e-07,3.817630416158708e-06,2.5728240874351005e-06,6.89690491734319e-07
222.48949036,1.801323905090529,-2.5788795004893053,2.368851971843767,-1.153431634868756,0.8508870787685903,1.5368337146142836,-0.009512779205819999,-0.004964083724932344,0.00042233330493163246,-0.007166766155315918,0.006419354722212972,0.014574626056411466,-0.00018009531332632833,2.2624768851432124e-05,-9.357204794262358e-06,9.626981331556307e-05,0.00012475562291616596,6.0504477112749335e-05,-2.2534076859431578e-06,1.0527925994069987e-07,-8.295417295679673e-07,4.4511293714678e-06,2.4665023328511644e-06,5.516980788176826e-07
225.469816983,1.7721728953446816,-2.5935735325563503,2.3700694882303615,-1.1743654833137052,0.8705733665933035,1.5805399656798949,-0.010059558810518565,-0.004896177161504756,0.0003907569559413182,-0.006860069970737015,0.006802198711349405,0.014757350043069717,-0.00018681578196001638,2.290449635280415e-05,-1.2000657146268201e-05,0.00011047311246302179,0.00013189996428257219,6.197404913415357e-05,-2.242295774278455e-06,7.888652779667317e-08,-9.419508826286083e-07,5.0718864061280524e-06,2.2907015250642257e-06,4.5832182521036253e-07
228.442425089,1.741444300392897,-2.6080266502863925,2.3711783963165254,-1.1942717111328847,0.891377089854309,1.6246818311910938,-0.010624829671862401,-0.004827736596351939,0.0003509158484054087,-0.006509243576086066,0.0072044935208900596,0.014943543288950256,-0.00019344374870679032,2.309460601828187e-05,-1.4963729232625869e-05,0.00012645770133001334,0.00013839366096525941,6.323337305991043e-05,-2.7587119386146794e-06,-1.4964723786192924e-07,-1.0691520983277242e-06,5.5494806336596594e-06,1.5188264859490843e-06,1.0572768257636588e-06
231.405905185,1.7091082112680998,-2.622232029184395,2.372152958975923,-1.21300834158651,0.9133361202799181,1.6692444432210682,-0.01120779810704614,-0.004759086834874804,0.0003019593929974862,-0.0061095597091445075,0.007623659917155495,0.015132698039879933,-0.00020318209617404648,2.2020070667867807e-05,-1.834591932476346e-05,0.00014341218037034018,0.00014092798636739868,6.823858775019658e-05,-6.05475828047367e-06,-1.3113636803899594e-06,-1.2468026447844854e-06,5.214221134511315e-06,-1.6970018396880605e-06,4.99927994056197e-06
234.358907113,1.6751397621747506,-2.6361844214489265,2.372965496326321,-1.230423266078387,0.9364778645757095,1.7142121705579334,-0.011826817656964639,-0.004697431287720155,0.00024241074510450433,-0.005660926690150031,0.008038302212930809,0.015347183412659504,-0.00022920869926580764,1.5355793995740783e-05,-2.2338207417847727e-05,0.00015731815128442405,0.00012840677002855586,9.2742273534428e-05,-1.10273419263553e-05,-2.862833732907212e-06,-1.3389491109665443e-06,3.940417967888184e-06,-5.731267078337639e-06,1.1094315922380984e-05
237.305068714,1.6393443044732898,-2.6499433187312196,2.3735834270655185,-1.2464063047160134,0.960752624461933,1.759778356552953,-0.012559670082679553,-0.004668425022248124,0.00017021234464703605,-0.005181587913333702,0.008381316525920057,0.015679525088044655,-0.0002682039392441038,5.1400279251245014e-06,-2.6244776636231672e-05,0.0001666678541803096,0.00010713868026488143,0.00013364755899521923,-1.1351044515868985e-05,-2.5782579694585665e-06,-1.172053864042527e-06,3.3323481247205666e-06,-4.778025231564966e-06,1.1913088331678648e-05
240.261413601,1.600997867220434,-2.6637397960649047,2.3739693693413466,-1.2610026555418932,0.9859515340156831,1.8067650195171108,-0.013410290079763687,-0.004667188238338504,8.746530497988347e-05,-0.00467708763638694,0.00867049945935866,0.016136464222416713,-0.00029616985781101427,1.5575137348800613e-07,-2.9253122465335818e-05,0.0001769905980848358,0.00010025424356848952,0.0001630191392314106,-7.410267800481923e-06,-8.472732742152438e-07,-9.812806345351682e-07,4.171952102899059e-06,-2.451685164266449e-07,7.608141639223329e-06
243.228145845,1.5599049776194258,-2.677587444091914,2.3741005942287297,-1.2741036402781325,1.0121117172170437,1.8553609351818954,-0.014314082702335973,-0.00466750795982418,-3.082450575675466e-06,-0.004133126993972447,0.008975180850213427,0.016645276023004807,-0.00031205287735086356,1.3901703835045992e-07,-3.2056221888077905e-05,0.00019139280461836225,0.0001057298890193095,0.0001786627419399253,-5.173947654494589e-06,9.706785842305395e-08,-1.043601889123466e-06,5.3762951421306185e-06,1.8080069043284412e-06,5.063976154578094e-06
246.203660012,1.5159319191406577,-2.691475276107112,2.3739502204045233,-1.2855577395195101,1.0392870377367984,1.9056800124025652,-0.015264715518299499,-0.004666357823915779,-0.00010304766808527654,-0.0035396430193361528,0.009298825820130835,0.017198248148919848,-0.00032691156772737297,7.343591334452691e-07,-3.5456199179569486e-05,0.00020894704567697746,0.000110997203401017,0.00019310685652515567,-4.970063465952405e-06,2.3641983763592967e-07,-1.2505033442986388e-06,6.372467404553259e-06,1.4492393714389225e-06,4.897984271632542e-06
249.186300582,1.468948499553171,-2.7053903115868247,2.373485870957797,-1.2951889601623312,1.0675179268734996,1.9578348570860897,-0.016261978380869763,-0.004663127571047698,-0.00021436251720163835,-0.0028880527272799605,0.009636551153455825,0.01779594023958503,-0.0003416649478894416,1.5481615729268918e-06,-3.950845333725066e-05,0.00022936769972009633,0.00011436010109369069,0.00020784631313348293,-4.87338443693936e-06,3.1672957850871773e-07,-1.4664031131091027e-06,7.300778291820614e-06,7.029396924941845e-07,5.011091327119346e-06
252.174372343,1.4188307828296818,-2.719317445329757,2.3726696855110188,-1.3027977636781767,1.0968259769705153,2.01193782055527,-0.017304778103830992,-0.0046571091393519115,-0.0003389650612050099,-0.0021700358844462253,0.009981649369209616,0.01843931975799784,-0.0003560083502628956,2.625937444388415e-06,-4.421284225298454e-05,0.0002525428316673138,0.00011518963826358123,0.00022302739522859051,-4.665756179557363e-06,4.1654057187102955e-07,-1.6803106895153475e-06,8.176119684311531e-06,-2.6404888369429587e-07,5.170480242493016e-06
255.1661504,1.3654645780475463,-2.733239096635832,2.3714584226196376,-1.3081626573439904,1.1272079764440917,2.0681016899637887,-0.018390906924430406,-0.0046474203217724,-0.0004787673122629288,-0.0013777936721057482,0.010325365648650109,0.019129667765658664,-0.0003695644717856567,4.0394258695521405e-06,-4.955724454535767e-05,0.0002782627845087634,0.00011277711079209869,0.00023876567541547718,-6.352870324488316e-06,-1.179332641844594e-07,-1.8885230250351101e-06,8.912054980671822e-06,-2.140041714476474e-06,7.473145776690714e-06
258.15988968,1.3087495196364543,-2.7471346371565404,2.36980372548552,-1.3110429415977976,1.1586292998992782,2.12644017912009,-0.01951683826557049,-0.004632927943083842,-0.0006356019056238393,-0.0005044363644273742,0.010656670442657307,0.019868487305443494,-0.0003940407137680911,1.9177293114907993e-06,-5.5517030408305096e-05,0.00030588732792984975,0.00010237514857191999,0.00026776672062357905,-6.643035693987937e-06,-2.0622662641488924e-07,-2.091421223643831e-06,9.65341739931792e-06,-3.73458679492016e-06,8.452037111505383e-06
261.153834064,1.2486036896318846,-2.7609796000666105,2.367652605472472,-1.3111828749791183,1.1910168140074826,2.1870680633923203,-0.020750305430724203,-0.004635938764442127,-0.00081118701209143,0.0004537686928055562,0.010938352252323619,0.020732978790272416,-0.0004093402393123102,2.8048121977387744e-06,-6.208005453835213e-05,0.00033606456891859996,9.041547978449961e-05,0.0002893732932516173,-1.0240342724480208e-06,1.6300447648884247e-06,-2.2757850452134974e-06,1.0411627300153614e-05,-3.638131072108941e-06,3.435678774530503e-06
264.146226053,1.1845332636865993,-2.774886889942802,2.364947974899559,-1.308328083134874,1.2241095812547844,2.250553265525365,-0.021967294845277013,-0.004616149221381649,-0.0010072233371654638,0.0015073094718070779,0.01119793930445187,0.021600771230940508,-0.0004001836106440476,1.1671585629655654e-05,-6.914038544306178e-05,0.00036821379999113176,8.059496567028117e-05,0.00028834558585150464,5.022368293917533e-07,2.118304706688104e-06,-2.4117254335562342e-06,1.057570296192985e-05,-5.492369402785451e-06,2.9373817041605845e-06
267.135382209,1.1172088554032547,-2.788591521982891,2.3616285193166404,-1.302170409592712,1.2579969281971577,2.3162716247278894,-0.023144065078416348,-0.004566157330984866,-0.0012247300846940923,0.002656152864664113,0.011420474725154811,0.022457742492913824,-0.0004063195416942854,1.548101809970622e-05,-7.650556805766719e-05,0.000399324731702888,5.757690592607281e-05,0.0003069221624322359,-3.6265965642673413e-06,7.449216050296866e-07,-2.495236882989192e-06,1.021298205575428e-05,-9.555824717244264e-06,8.442413506618227e-06
270.119530412,1.0462929353675323,-2.802162123829953,2.3576334325127686,-1.2924680396192307,1.292326714945087,2.384695471580615,-0.024394238642051813,-0.004523663945153078,-0.0014641769492498846,0.003892447642845437,0.011542032521118739,0.023433908281873028,-0.00042183062521698646,1.612652803714091e-05,-8.40448818607454e-05,0.0004292210011801153,2.3533683214230043e-05,0.00033875239693039686,-3.4454408259509565e-06,7.688706320453143e-07,-2.5247537204544457e-06,9.790298255885416e-06,-1.2118970892897816e-05,9.378707989460566e-06
273.096969256,0.9717889230034696,-2.8155600586939555,2.352901381897087,-1.2789738378148998,1.3268052506443242,2.4559681425846613,-0.025658806299937248,-0.00447004292064096,-0.0017257199591286243,0.005214791059789059,0.011561003379659401,0.02447708843857843,-0.00042688332542326936,2.005730102023844e-05,-9.155712992718699e-05,0.0004576935038205904,-1.4661864648535727e-05,0.0003628514067725904,-7.78398813703154e-06,-3.940418397188237e-07,-2.5452114235576114e-06,9.514047458000668e-06,-1.4592909085037736e-05,1.4651582630897052e-05
276.066031811,0.8937234467025359,-2.8287437384277596,2.34737371849379,-1.2614696971864352,1.3610745543473959,2.530239486716181,-0.026932664686268787,-0.00440442744079278,-0.002008559393364029,0.006613895650523893,0.011455197590493071,0.025591395737127987,-0.00046801629218174226,1.3812035025922466e-05,-9.917961453087066e-05,0.00048579711244100903,-6.321355129490502e-05,0.00042576834951905257,-2.2661944160556695e-05,-4.034406995971656e-06,-2.3670014182415037e-06,7.961640310133705e-06,-1.765534806110026e-05,3.0373981761101562e-05
279.02509293,0.8121415300045913,-2.841670766642841,2.3409973249929528,-1.2397801919809663,1.3947148146340727,2.607665593018861,-0.02843248651650221,-0.004387997970336788,-0.0023135907525552724,0.008094365484476396,0.011186816328897592,0.02700008818166605,-0.0005610502427989706,-3.820602914008731e-06,-0.0001055930069391389,0.0005049211227178831,-0.00011929893526613916,0.0005427287473869051,-3.498230996703828e-05,-6.232868234027281e-06,-2.1629247188667978e-06,5.432660766557367e-06,-1.8613877203966627e-05,4.302344859845676e-05
281.978163555,0.7256371611456829,-2.854685928649387,2.3336973648630517,-1.2136238923102278,1.4272146615345935,2.689857579290728,-0.030249019009432332,-0.00442690316607941,-0.002632809129703262,0.009599000747506137,0.01075022888754179,0.02879928165137502,-0.0006747939243265319,-2.3034223578625892e-05,-0.0001119671636751009,0.0005179280489749619,-0.00017326531380217774,0.0006800867874568401,-5.477077953374668e-05,-1.1042175304713292e-05,-3.6912797637225836e-06,1.091237623741078e-05,-1.70713048805733e-05,6.197678564715298e-05
284.940230163,0.6331972049773207,-2.8678568590507223,2.325420999817633,-1.1829874206903095,1.4582992950117273,2.7780347130365515,-0.032425060227201,-0.004524426230082035,-0.0029759616273389855,0.011158132559692807,0.010161470105330861,0.03102417107936506,-0.0008853198013883817,-6.921831846095109e-05,-0.0001274550533155177,0.0005695865927609716,-0.0002202563625760838,0.0009096085760477409,-0.00018709539485559356,-4.591304682526344e-05,-1.4019629585064708e-05,5.422880797351318e-05,-7.0642785637201785e-06,-0.00013562592086902473
287.911137954,0.5332385550082809,-2.8815306130133855,2.3160378405003463,-1.147408541416075,1.487496510610633,2.873945423316716,-0.03550426714559901,-0.004838216404710494,-0.0033892022265212263,0.012979108799217515,0.009443072963526616,0.03419877255004905,-0.001786880706922258,-0.0002959721056445117,-0.00019530094271763532,0.0008403176617533075,-0.00021502166062862377,-0.0001283522942389639,-7.208435863321271e-05,-1.369088224823951e-05,-8.184153030760615e-06,2.1154701190693122e-05,-5.507080215957601e-06,-0.0007716025500035444
290.889449646,0.4219469734491276,-2.8966439643859965,2.305254469190309,-1.1057569778515508,1.5144725059600925,2.98151911624724,-0.04306673177104206,-0.006288051441606712,-0.004138683113474373,0.01616073798352427,0.008882656233056424,0.030242829342745192,-0.0013107349922239992,-0.00014973975630583824,-0.00017592713280622585,0.0006944031204378916,-0.000253126964529862,-0.003687084400458805,0.0007439412015443766,0.00019417662711253893,5.3127532956548165e-05,-0.000239305716957989,-5.7267709067458055e-05,-0.0008286435282292572
293.87368339,0.2763836387460859,-2.919037793517545,2.2913546124442044,-1.0510236111311697,1.5404576793130966,3.0542,-0.043305019815502284,-0.005727050388177779,-0.0044372780329199335,0.017115086482376363,0.00793302176616506,0.012186398236121498,0.0026558271746634186,0.000863534878078492,0.00012202713799318559,-0.0005888098808140307,-0.0005570102497671276,-0.005064834898134462,0.0009666922962914055,0.00023320585719475978,8.210251434813763e-05,-0.0003321490386301321,-8.873370769163106e-05,0.0002747209359920282
296.862292171,0.16334082888826,-2.9308351742385756,2.278753236943221,-1.0035419948246942,1.5618484141303122,3.0542,-0.027179939361889227,-0.0011243781831077326,-0.0034078895526842845,0.012635913082601341,0.005553630737240911,0.0,0.004459991807918586,0.0012422309677711863,0.00031430291365023547,-0.0012886139733908988,-0.0007830047533340041,-0.002039771256399435,-0.0001536096733664084,-6.555308479213481e-05,6.022672214905438e-06,8.84013952580686e-06,-1.082591894224873e-05,0.0008471123168458339
299.853726655,0.11390661090153369,-2.9257456618404025,2.2709798572433093,-0.975478689096361,1.573659563443361,3.0542,-0.016639365353762415,0.0016998605299352043,-0.0025579033931638073,0.009410307286382952,0.0032506938074290948,0.0,0.0017329529049426706,0.00047043750653339724,0.00015771326911140078,-0.0005345715384724714,-0.0006213833704002531,-1.8545041668292182e-17,-0.0007520487116787724,-0.00020856864642203286,-4.667886854586237e-05,0.00021520722910986213,5.10617399336194e-05,0.0003410067208279582
302.846414635,0.06376854274987612,-2.9206630044197266,2.263446531698405,-0.9472294906601145,1.5812992146507756,3.0542,-0.016814226995227215,0.0016895897295477469,-0.0024644310532729308,0.00943833489039661,0.0018355688182967733,-1.1102230246251565e-16,-3.9959664465331717e-05,-5.745401777049164e-06,3.4985058233325244e-05,-8.799862056374074e-07,-0.0004774524864292392,4.070044640591677e-21,-0.0002899030727417351,-8.027694780859988e-05,-1.9372402065971368e-05,8.573842521206617e-05,2.315096132219892e-05,3.0942660236005125e-18
305.838774321,0.013272700733115353,-2.9156333810168125,2.256230085246862,-0.9189898041915797,1.5846460011967782,3.0542,-0.016878537976806298,0.001665475545338413,-0.0023485186151117055,0.009405047253619597,0.0003931209328329466,0.0,-2.3294185940037765e-06,-1.0075614160286823e-05,4.1754313555657804e-05,-2.136218438045321e-05,-0.0004828073868512978,-2.3674168361678523e-20,1.2630825855069705e-05,-1.327709340339771e-06,1.984810863568245e-06,-6.7333551830339494e-06,-4.978115357474758e-07,-3.103537308772402e-18
308.829225845,-0.03721254966587743,-2.9106987201107093,2.2493955474489957,-0.8909607456195017,1.5836539501582072,3.0542,-0.01682823657313856,0.0016293169273894348,-0.002214634392780135,0.00931056803318539,-0.001052973713813632,-1.1102230246251565e-16,3.560797075684383e-05,-1.3689291550292478e-05,4.6860865109439674e-05,-4.11648043701343e-05,-0.0004804357268885162,-1.8552002801849762e-17,1.2759938118558497e-05,-9.650126073618467e-07,1.4055527176134196e-06,-6.412642122312472e-06,2.086935736432126e-06,1.1176589321482042e-20
311.816200801,-0.08731722082936341,-2.9058941141746355,2.2429917788541736,-0.8633361354653137,1.5783569401597743,3.0542,-0.0166658245041719,0.001583659915718072,-0.0020684257647486937,0.009159054172885372,-0.0024786700883310253,-1.1102230246251565e-16,7.394166080748783e-05,-1.584559743164881e-05,5.015800067536825e-05,-5.9694735708190876e-05,-0.0004703418730608433,3.0814879110195774e-33,0.0005378637022733098,0.0001295749058460537,3.6898415690822155e-05,-0.00016064478214467662,8.82406133843127e-05,-0.0002987365448522671
314.798151919,-0.13669071397238308,-2.9012457215811156,2.237048509289619,-0.8362901318219539,1.568866032313068,3.0542,-0.016387080715923055,0.0015347413519877784,-0.001915257134869508,0.008954344619438837,-0.0038604794824251276,-1.1102230246251565e-16,0.0032408057516488723,0.0007584256633370644,0.0002667454307457958,-0.0009984911629596104,4.541402909203615e-05,-0.0017801372680381704,0.0009080516908133193,0.000225873329521021,5.847233251556554e-05,-0.0002648454661387928,0.00019760153036013775,-0.00045320012884882203
317.773562978,-0.18494322162772128,-2.896750789190491,2.2315808816129072,-0.8099903516653197,1.5553675203138355,3.0542,0.0025997068223420905,0.0060917525169613684,-0.0004821407333019945,0.003222829783686515,-0.002214770200247629,-0.010581663562098553,0.0054855460525004025,0.001330204984533665,0.0003986838801484699,-0.0016381281358050785,0.0007065200389964641,-0.0027017557792604952,-0.00038279420892450914,-8.641472078524294e-05,-3.533156305303828e-05,0.00012360218320782153,6.66268173593348e-05,0.0003630685136879043
320.740963588,-0.1215422021527947,-2.86511687754484,2.2341615512013178,-0.8170476057360083,1.555666920981852,2.9914844658826434,0.01622681674984674,0.009443120551700213,0.0004553735349167587,-0.0007853528342893212,0.0003357814817296356,-0.01606969903506894,0.0009841266928956663,0.0002493363926034096,5.8051344255141155e-05,-0.0002693636642284381,0.0004438535607087803,0.00036674596588481107,-0.0012505288869644874,-0.0003033892601482072,-9.011742991034362e-05,0.0003749030000312955,-0.00012306999400133706,0.0007762859613544984
323.698934979,-0.08869653595581924,-2.840773866077828,2.234286939842141,-0.814673851396648,1.5573527279800736,2.958885686427064,0.008498959440043532,0.0075857335613678245,-0.00013330931333788154,0.0016063892288802895,0.000423053698571485,-0.008450284724339896,-0.0019293192374856666,-0.00046863511298851244,-0.00013575999204413756,0.0005849377092823991,-2.2064884257806792e-05,0.0019028810128223967,-0.0003184410837058032,-8.016415810854674e-05,-1.706243818153822e-05,8.672617133688807e-05,-8.44202616714128e-05,8.83196811835838e-05
326.652456121,-0.07127749711130577,-2.820268143547853,2.233375056826585,-0.8075585974894213,1.5581691059616771,2.9415078104764647,0.00481558393690891,0.006671370879388905,-0.0003477332283908785,0.0026744910532686406,0.00020580372734302355,-0.0048148465115906425,-0.0009042631703562601,-0.0002259992071974796,-4.324411882673004e-05,0.0002451147727650302,-5.5846256672370966e-05,0.0008926803375285833,0.00025525423916300473,6.0989601798004694e-05,2.2223702991674412e-05,-8.412128482902711e-05,-1.8179016972567549e-07,-0.00025161409546670024
329.616071331,-0.06022395281326133,-2.801303944046911,2.2322285664579287,-0.7988431557485473,1.5585690688846243,2.9304171998027484,0.003155244295365305,0.0062501557401108965,-0.00038859701939941704,0.0030544103797343347,9.296192600122266e-05,-0.003175012791644005,-0.0004208017022841604,-0.00010817927045468872,-4.443341643511771e-06,8.780619611949435e-05,-2.291293813273008e-05,0.00041587460326876686,0.00011487246174204252,2.795593282366535e-05,8.689555478832539e-06,-3.584223083294384e-05,8.905199756034839e-06,-0.00011326980099872754
332.589021483,-0.05255692596668599,-2.783166468913872,2.2310680926530053,-0.7894237664583851,1.5587201952191356,2.9226697465795386,0.0023200745476609098,0.006029792401861633,-0.0003739366687965928,0.0031950030423046616,7.006310579427133e-05,-0.0023485499163530266,-0.00022321771817597377,-6.025762780763181e-05,8.259665553543352e-06,3.265735996072622e-05,-3.0212321130806163e-06,0.00022113715906300582,4.575898635069103e-05,1.1007848169964565e-05,2.82472458246012e-06,-1.2126514870382249e-05,3.340353122893279e-06,-4.5141009107641636e-05
335.569537595,-0.04641538921133915,-2.765406854770203,2.2300025957087617,-0.7798214093177764,1.5589864785678986,2.9164390874991297,0.0018271994418540142,0.005891624059209011,-0.00033937294973179766,0.0032486131594255674,7.50460475669179e-05,-0.0018593416263256723,-0.00014869077419859948,-4.272186104994273e-05,1.2351619872551405e-05,1.5708725398260034e-05,-3.0770231960080563e-06,0.0001474376379880678,1.8647731396245075e-05,4.343399598858822e-06,9.161474798136717e-07,-3.764759261072359e-06,-5.57036508654226e-07,-1.8481696013983168e-05
338.556039135,-0.04165679099351982,-2.748011846362513,2.229043265334718,-0.7700389120100951,1.5591678250107077,2.91157779177612,0.0014330338869003225,0.00577491386453971,-0.0003002252871415756,0.0032887099854644886,5.1645549035472804e-05,-0.0014689870155790707,-0.00011202255066204391,-3.4358940162265814e-05,1.3720860513612634e-05,1.0216002692394117e-05,-6.3515293897185904e-06,0.00011093139061376167,1.157277304547041e-05,2.677873371829193e-06,3.4497104785645723e-07,-1.6132276907416207e-06,-1.499982280904901e-07,-1.1496461476984279e-05
341.546810874,-0.0378511243524881,-2.730889040594824,2.22820824657155,-0.7601637787025434,1.5592951005559765,2.9076599075819125,0.0011577806297173622,0.005686291626266937,-0.0002573543807106726,0.0033096495649310997,3.709390274914126e-05,-0.001196443395772906,-7.952317421347889e-05,-2.6716525906270877e-05,1.4412636024547323e-05,6.067953756881206e-06,-3.965514867381428e-06,7.872636177030752e-05,8.880794813517226e-06,2.0737225322811363e-06,9.150366917337448e-08,-7.815305755170026e-07,6.241891211572308e-07,-8.803761369917156e-06
344.540114782,-0.034729125192775566,-2.7139848443142407,2.2275033479248454,-0.7502336792223899,1.5593897700567525,2.9044187592752015,0.0009572245835262703,0.0056150549231546165,-0.0002139785864936905,0.003325016350498561,2.79201679248553e-05,-0.0009979453449480147,-5.8889263494997046e-05,-2.195206772305047e-05,1.4267717099392596e-05,5.54233195133977e-06,-2.617214027799862e-06,5.825896905299521e-05,5.7328124895021096e-06,1.3104991417900985e-06,-1.2685650939813566e-07,1.7637936227011352e-07,3.40203027175737e-07,-5.690818655406114e-06
347.534201864,-0.032119980868952264,-2.6972695619133105,2.226927106812454,-0.7402555938928965,1.5594622637107447,2.901684951544118,0.0008052002924310454,0.005554858906605009,-0.00017192832960100102,0.003342834313429771,2.1424320153451415e-05,-0.00084763678808214,-4.520040241995134e-05,-1.8870495676895512e-05,1.36529736193934e-05,7.124557354418431e-06,-1.9287590181936184e-06,4.465500211864232e-05,3.884201688304624e-06,8.637797860513101e-07,-2.4984749957211714e-07,7.342973477260511e-07,1.7854793074673152e-07,-3.8638162037339775e-06
350.527319625,-0.029908097723191945,-2.6807267120788256,2.2264739380007303,-0.730219465276447,1.5595180472540935,2.899343657363942,0.00068658971017963,0.005502071007248088,-0.00013223467794581945,0.0033676702601503627,1.6371825841965393e-05,-0.0007305759485030094,-3.563241922475291e-05,-1.6780120528751895e-05,1.2771915250455797e-05,9.938321588185686e-06,-1.548111380908037e-06,3.512419230016506e-05,2.7596147531514743e-06,5.94029225843789e-07,-3.206119257389798e-07,1.0685138972141993e-06,1.0141003974986269e-07,-2.75219534247938e-06
353.51772065,-0.02801147385534358,-2.664347681493755,2.2261357740262846,-0.7201051549292136,1.559560237141868,2.897313256120648,0.0005919713438407859,0.005454450089592666,-9.550467506741489e-05,0.0034022915370443274,1.2160406684891267e-05,-0.0006374488766640596,-2.8685822100813356e-05,-1.5315543839510763e-05,1.1734728705422153e-05,1.3517332795493745e-05,-1.3218302144401745e-06,2.8184843138793957e-05,2.0304079907031573e-06,4.204989789966566e-07,-3.6239498857378535e-07,1.2805448380790854e-06,6.172218271692268e-08,-2.0313278123938585e-06
356.503671692,-0.026369892673065116,-2.648128795670069,2.225903012107019,-0.709886351373685,1.5595907394502362,2.89553366916481,0.0005151268592693695,0.005410534508684672,-6.209893507502784e-05,0.0034484373480725,8.471333990733854e-06,-0.0005621071039254022,-2.34953844219137e-05,-1.4266454630661434e-05,1.0606253559618643e-05,1.7590563901667493e-05,-1.179113851283188e-06,2.2981690054531517e-05,1.5347419298394302e-06,3.037680988415451e-07,-3.867775733193432e-07,1.4198767863528545e-06,3.980556934597273e-08,-1.5413568573426903e-06
359.483463118,-0.024937933358940685,-2.632069565132335,2.2257651126715574,-0.6995329875217211,1.559610796400661,2.893959452959633,0.0004517763650403782,0.005369334668808345,-3.222334295382989e-05,0.0035072060212814476,5.12542347769207e-06,-0.0005003183377647047,-1.95274420690131e-05,-1.3502756125704563e-05,9.427422215461642e-06,2.1987266013455084e-05,-1.084262105121025e-06,1.898702915360107e-05,1.1856597805354313e-06,2.229033447245599e-07,-3.9996365048847887e-07,1.5123878576189486e-06,2.7068486019729572e-08,-1.1963653226518527e-06
362.455418771,-0.023680583569561223,-2.6161715599971713,2.2257110069476957,-0.6890128596474586,1.559621269803099,2.8925554630598906,0.00039887734613154764,0.005330164453748065,-5.979933065336507e-06,0.0035792645472482593,2.017475964899429e-06,-0.0004490737365678288,-1.64363529111002e-05,-1.29392677264737e-05,8.225839230547718e-06,2.6591336690218203e-05,-1.01793452032571e-06,1.585896908103895e-05,9.534308427991162e-07,2.018271406126925e-07,-4.955824912003619e-08,3.749397930324052e-07,4.414226586682769e-08,-9.551476113172503e-07
365.417906337,-0.022570360981597922,-2.60043764427423,2.2257293939630003,-0.6782927914210746,1.5596227974810475,2.8912940091200676,0.0003542099922292357,0.00529254276892005,1.6603861785924323e-05,0.0036649664611478755,-9.159771722222487e-07,-0.0004061780250148028,-1.3867722567837243e-05,-1.2305255550462408e-05,9.126614713178211e-06,2.4234524973382947e-05,-8.227149478926341e-07,1.3316918854966783e-05,8.427238317335705e-07,3.1060792925884385e-07,1.3904822205082125e-06,-4.481487843137838e-06,1.354529304301188e-07,-7.971458071900136e-07
368.369348331,-0.021585357493592368,-2.5848714268130832,2.2258089717577976,-0.6673395284550638,1.559615884346478,2.890152921968321,0.00031683793282895247,0.005257383349299705,4.796107442189834e-05,0.0037226893346839623,-2.8516953086699104e-06,-0.0003702927788575283,-1.1452007099706807e-05,-1.1104484216606218e-05,1.6425097580934123e-05,1.6940801169436793e-07,-2.1840913266754363e-07,1.1143361339925136e-05,7.616194922066903e-07,4.4447796220075955e-07,2.843815238263065e-06,-9.523441275346584e-06,2.1865071665580488e-07,-6.653631158499619e-07
371.316235852,-0.020701392642886594,-2.569427712686448,2.2260120930551333,-0.6563352480144342,1.5596059818790007,2.8891097516823145,0.0002866512647133092,0.005227037506291887,0.00011343170189581642,0.0036661421543741357,-2.2082078022789275e-06,-0.00034044156779117207,-9.374922238797877e-06,-9.68392062430717e-06,2.5896997602512372e-05,-3.1925402341280115e-05,4.66832498492065e-07,9.391741022081802e-06,5.811185607252292e-07,3.755518908442873e-07,2.106237182252502e-06,-7.281925903804257e-06,1.455183455334457e-07,-5.066747805330761e-07
374.273826049,-0.019893117003577484,-2.554008793021559,2.2264796810742595,-0.6456943333361116,1.559602870738734,2.8881430828640444,0.0002615025409792404,0.0052002180154385735,0.00020094823712513143,0.00353391338099604,-8.996496136948195e-08,-0.0003148552791217285,-8.023458621279355e-06,-8.889330334120398e-06,2.8837568588095608e-05,-4.274916556308659e-05,6.389347851573318e-07,8.153592517091003e-06,3.7669480284508596e-07,1.9187558752941452e-07,2.2063217669237901e-07,-1.0904951565943492e-06,2.281087468617157e-09,-3.647234081933521e-07
377.241310819,-0.019152204109469863,-2.538616291184394,2.2272035758198006,-0.6353978133302404,1.559605467897918,2.887244448181225,0.00023912117871819228,0.005174371099714137,0.00028428153309772997,0.0034128889777169658,1.5759970161677295e-06,-0.00029214078179229386,-7.14456808228454e-06,-8.548565451067303e-06,2.7188925032667745e-05,-3.833574134806347e-05,4.792398716542541e-07,7.231796120072372e-06,2.7283552298181586e-07,1.1139201852924647e-07,-5.77857775833083e-07,1.5700042875686016e-06,-5.240320547931092e-08,-2.8868169042000336e-07
380.217305061,-0.01847208520428923,-2.5232552431404134,2.228169989916865,-0.6254108689455626,1.5596122495877518,2.886406932388929,0.0002190457275054289,0.005149412548194399,0.00036252981918716287,0.003306107424827412,2.7569867818710847e-06,-0.00027188045429449303,-6.402264174997183e-06,-8.227332854026216e-06,2.5402703155999577e-05,-3.3416467807863715e-05,3.2750149332666657e-07,6.438193059477532e-06,2.324402528667883e-07,1.0687351966799047e-07,-5.976624338543367e-07,1.6548512117389407e-06,-4.6897434061905256e-08,-2.4998716865105533e-07
383.200369281,-0.0178470321511445,-2.507930814046162,2.2293644472362577,-0.6156972298814829,1.5596219037129277,2.8856244317632647,0.00020097457551534591,0.005125346197334291,0.0004356451203333389,0.0032137931817932536,3.52661597102788e-06,-0.00025378044708329606,-5.759683554078049e-06,-7.911715015198077e-06,2.3627455715823296e-05,-2.84743598104667e-05,1.9983322180112466e-07,5.742344116709967e-06,2.0118238534630077e-07,1.043569807612046e-07,-5.912056622379959e-07,1.6562247716778268e-06,-3.929312887580972e-08,-2.1925895035016482e-07
386.189020381,-0.017272017982118082,-2.4926482666791934,2.230771932601247,-0.6062194859497976,1.5596333127812028,2.884891523250603,0.00018465387248568256,0.00510216778256789,0.0005036163863887944,0.0031360942987727486,3.94968334876955e-06,-0.00023759244757182163,-5.201019362473166e-06,-7.604158848474227e-06,2.1872234897877025e-05,-2.3525970526122185e-05,9.289330949476028e-08,5.1289976901633565e-06,1.7491007903205632e-07,1.0107985264566394e-07,-5.823425562331218e-07,1.6535709268444664e-06,-3.281107313612221e-08,-1.933708381703991e-07
389.181741982,-0.01674261161702286,-2.4774129394917455,2.232377030713986,-0.596939367409167,1.5596455293182183,2.884203365007426,0.0001698674573532566,0.005079864121903588,0.0005664640143148159,0.0030730957222382116,4.081849027670614e-06,-0.0002231043423868706,-4.713579091184057e-06,-7.307133637210364e-06,2.0144288195295254e-05,-1.85837533711984e-05,3.6021674427754403e-09,4.585817635957594e-06,1.526668353942497e-07,9.708342338336012e-08,-5.71611796910229e-07,1.6480452208763876e-06,-2.7307738495114046e-08,-1.7142124612473339e-07
392.176994364,-0.016254891667248417,-2.4622302278196586,2.2341640569514154,-0.5878180094886515,1.559657754785802,2.883555614886548,0.00015643023405738496,0.005058413593227951,0.0006242355261459331,0.0030248277584337263,3.971047648876347e-06,-0.00021013398361735547,-4.286906016423418e-06,-7.022836801899015e-06,1.844946755347006e-05,-1.3657535670410842e-05,-7.061191527713174e-08,4.102582765876106e-06,1.3373579537877177e-07,9.2479481540782e-08,-5.594175084585608e-07,1.6403557617421054e-06,-2.26140410203987e-08,-1.527290691358063e-07
395.173224126,-0.015805375176850055,-2.447105565321749,2.2361171807139755,-0.5788162058750503,1.5596693215631323,2.8829443629714624,0.00014418292608617657,0.005037787191719267,0.0006770020309340152,0.0029912716453228128,3.6587132692389446e-06,-0.00019852423621607995,-3.9123204977070505e-06,-6.753049238105964e-06,1.6792560730339464e-05,-8.755599560010627e-06,-1.3188522631276114e-07,3.670760967910962e-06,1.1754723791564524e-07,8.741682912455298e-08,-5.460470615309824e-07,1.630848070613743e-06,-1.8586200344728684e-08,-1.3674989556120818e-07
398.16887366,-0.015390958195994807,-2.4320444033144275,2.23822054223131,-0.5698946556408643,1.5596796775881676,2.8823660752638474,0.00013298787851389986,0.005017949985225922,0.0007248554727491974,0.002972362427006242,3.180839366900834e-06,-0.00018813899023401026,-3.582568485493391e-06,-6.499042666841177e-06,1.5177611406232277e-05,-3.8856848628093885e-06,-1.8198034712180067e-07,3.283185344078842e-06,1.0364454338393331e-07,8.206638978909925e-08,-5.316761587785178e-07,1.6195303539227888e-06,-1.5101598823903693e-08,-1.2304364757486333e-07
401.162390568,-0.015008865819332312,-2.41705218618509,2.240458363928219,-0.5610142078172932,1.5596883733170934,2.8818175463374485,0.00012272566824780753,0.004998862819196093,0.0007679066687577563,0.0029679892858050783,2.5688984349736543e-06,-0.0001788599099489807,-3.2915486504376287e-06,-6.261528349863019e-06,1.3608232076489207e-05,9.44063432754068e-07,-2.2233812682923546e-07,2.933805068587811e-06,9.165903618705194e-08,7.660940515887094e-08,-5.163717108021537e-07,1.6060892005880246e-06,-1.2055237852858255e-08,-1.1125065351246746e-07
404.152237106,-0.01465660986635448,-2.4021343215424023,2.2428150576258985,-0.5521361075259856,1.5596950507058074,2.881295859291017,0.00011329234453553126,0.0049804841443615855,0.0008062841438270518,0.0029779934584727302,1.8506409826812842e-06,-0.00017058375099937573,-3.034098386522418e-06,-6.040640698809778e-06,1.2087913921409723e-05,5.724184204671944e-06,-2.541216816946547e-07,2.6174921824821538e-06,8.129108295871203e-08,7.122734084295927e-08,-5.00092518490387e-07,1.5898971574954615e-06,-9.356851534598933e-09,-1.0107362338164272e-07
407.136899798,-0.014331952787377634,-2.3872961442098646,2.245275328994826,-0.5432222472540112,1.5596994339531487,2.8807983517178504,0.00010459716580608382,0.004962771853530501,0.0008401337705900014,0.0030021638427750463,1.0507899788070318e-06,-0.00016322011876324094,-2.805824426031479e-06,-5.8359524741178476e-06,1.062033768346862e-05,1.0443010737940222e-05,-2.7825391600375576e-07,2.329890858263634e-06,7.714116268882535e-08,4.293338281843014e-08,-1.7992861415929746e-07,6.408829329296701e-07,1.9251211493953248e-09,-8.797038418997136e-08
410.114899294,-0.014032876685743333,-2.3725428736049157,2.247824280783271,-0.5342354264711595,1.5597013217730409,2.8803225866972366,9.656073083525287e-05,0.004945685020242396,0.0008696192253963009,0.0030402303906896244,1.91643546365583e-07,-0.0001566895716521577,-2.574140462665846e-06,-5.784302044850717e-06,1.1010910148797194e-05,9.55806735337256e-06,-2.427760900177592e-07,2.092842823945607e-06,8.620514743382248e-08,-3.845791491010635e-08,9.327803203335029e-07,-2.7811429265622177e-06,3.5056673883002465e-08,-6.359931555764479e-08
413.084800585,-0.013757556581257746,-2.357879564479749,2.250447516415028,-0.5251396223302883,1.5597005809835345,2.8798663280300385,8.928442063647988e-05,0.004928368152794349,0.0009056076211390596,0.0030590664337910856,-3.939576393441335e-07,-0.0001507704784211028,-2.293220733767522e-06,-6.063793774611632e-06,1.6155456647423173e-05,-6.058774565321037e-06,-7.011462760521257e-08,1.9513496418648505e-06,9.231040001392224e-08,-8.814901084357532e-08,1.8934251313329426e-06,-5.846607773054677e-06,6.074405564659596e-08,-3.9280809480553225e-08
416.051852702,-0.013502779766857527,-2.3432833306012486,2.2532007038305584,-0.5160738711015788,1.5596989836880515,2.8794274531187254,8.294509313015296e-05,0.004909685886231474,0.0009655104213405208,0.0030043303601927224,-2.2534743870927798e-07,-0.00014510426236757912,-2.026084941188793e-06,-6.3076725557930594e-06,2.225116881893866e-05,-2.5149620218392838e-05,1.1784368998125889e-07,1.8595868639164348e-06,7.227634429851657e-08,4.856213843503817e-10,1.197648051460368e-06,-3.886929348467953e-06,3.6459723978882094e-08,-3.8042702874998266e-08
419.025694724,-0.013264828310634236,-2.328711772979367,2.2561840226713663,-0.5072919090198831,1.5596992464735573,2.8790043171967006,7.724916662619303e-05,0.004890894787002775,0.0010378274909523255,0.0029095640911028925,3.069687838919144e-07,-0.00013972355119340474,-1.8640760460680508e-06,-6.059784668679415e-06,2.3258908178014467e-05,-2.911597822397114e-05,1.4612317054050792e-07,1.725245234333628e-06,4.34879010862156e-08,1.2888602750651096e-07,-1.9024620747211065e-07,2.785092758343815e-07,-5.992113204169584e-09,-5.0242157848531555e-08
422.004760403,-0.013042951527082436,-2.3141683796258574,2.259379157314188,-0.4987539595316397,1.5597008133307104,2.8785957185085067,7.184895654977147e-05,0.004873615255755748,0.001103957483445439,0.002831034391181292,6.441665375001016e-07,-0.00013483491613242027,-1.767320397518541e-06,-5.539949846937475e-06,2.111311803011453e-05,-2.3474821646563178e-05,8.201110163653054e-08,1.560446944941674e-06,3.087284611103809e-08,1.737271622711921e-07,-7.198036041050679e-07,1.9115370469548007e-06,-2.0374828697653168e-08,-5.413551507864573e-08
424.987271829,-0.012836513349260625,-2.2996573967327714,2.2627655670428735,-0.49041472019364385,1.559703087537158,2.878200504457299,6.671346285558712e-05,0.0048578697442048235,0.0011636874896227556,0.0027696370300670514,7.956693025001904e-07,-0.0001304213818383304,-1.6800362654277226e-06,-5.0241020965555595e-06,1.8967746843141418e-05,-1.7720079039871368e-05,2.4664960724911472e-08,1.4025203462767219e-06,2.8092005229203783e-08,1.707836093126899e-07,-7.101448816565724e-07,1.922264708927466e-06,-1.759796157816557e-08,-5.186830494469729e-08
427.9714323,-0.012644902439718914,-2.2851830894439207,2.2663225920027315,-0.4822285312226786,1.5597055609377568,2.877817543806686,6.182486938475411e-05,0.004843638928799188,0.0012171283118362908,0.0027253139475559574,7.912480556870882e-07,-0.00012646679235833735,-1.599708490133341e-06,-4.520947256486077e-06,1.6875946780787657e-05,-1.2005322683859333e-05,-2.2984785414148016e-08,1.2509693588935558e-06,2.582010109278981e-08,1.6586579263748184e-07,-6.91843798213818e-07,1.9089508925993343e-06,-1.4478768926835805e-08,-4.9788520351733425e-08
430.955435875,-0.012467531638413248,-2.2707497629086104,2.2700295805788704,-0.4741495938596595,1.5597078098471526,2.8774457293090654,5.7166128087887506e-05,0.004830887911565218,0.001264406232343307,0.002697986401371727,6.584990799307633e-07,-0.00012295536819695307,-1.5259373219036989e-06,-4.034186975856221e-06,1.4838706698265671e-05,-6.32714504960485e-06,-6.174717457141741e-08,1.1053739764890117e-06,2.3695795135003367e-08,1.6000118217675503e-07,-6.737073851937914e-07,1.897823008230544e-06,-1.1622173693125966e-08,-4.788226528602226e-08
433.937476782,-0.012303837851755277,-2.256361773684085,2.2738660090311313,-0.46613218733991063,1.5597094899459556,2.8770839801470323,5.272092092184098e-05,0.004819569852252181,0.001305660640041395,0.002687554810285417,4.229293957824787e-07,-0.00011987180196509906,-1.4583342946164877e-06,-3.5663608354179546e-06,1.2856543185434891e-05,-6.828063842912141e-07,-9.232855829725653e-08,9.652980646160204e-07,2.1714812419529476e-08,1.535578233244115e-07,-6.557973514323851e-07,1.888461783298663e-06,-8.98254020389184e-09,-4.61500905633031e-08
436.915758841,-0.012153281602373276,-2.2420235301384785,2.277811595806966,-0.45813089162318194,1.5597103316983356,2.876731243855326,4.8473741842985744e-05,0.004809629528358228,0.0013410427276957515,0.00269389550333006,1.0829121949162968e-07,-0.00011720136347631582,-1.396502850050113e-06,-3.118907786536459e-06,1.0929875795933784e-05,4.928729508408398e-06,-1.152955765749993e-07,8.302983480668909e-07,1.98761746918584e-08,1.46878345016216e-07,-6.380510435857907e-07,1.8801094979657292e-06,-6.509778923143111e-09,-4.4588023751292356e-08
439.888505054,-0.012015346262064588,-2.227739481090357,2.281846412397232,-0.4501008203181897,1.559710136318498,2.8763864978608535,4.440996614620083e-05,0.004801006724757473,0.0013707151499804393,0.0027168548497447376,-2.63091082142175e-07,-0.00011492993922063155,-1.3400408321629647e-06,-2.692246482096771e-06,9.059385442090797e-06,1.0505823107537378e-05,-1.3108172941946163e-07,6.99945288957114e-07,1.817862087831707e-08,1.4027564539664183e-07,-6.202815442945959e-07,1.871669533049048e-06,-4.15670062350161e-09,-4.318567835539865e-08
442.853967507,-0.011889537002616897,-2.2135140922824212,2.2859509927535027,-0.44199786794660195,1.559708772280223,2.876048750778288,4.05159073588548e-05,0.0047936393752178175,0.0013948526650869875,0.0027562407880291767,-6.700099223211353e-07,-0.0001130440091158258,-1.2885425538875018e-06,-2.28587446662236e-06,7.246384605502805e-06,1.6043157841424266e-05,-1.3999571662911028e-07,5.738431220616613e-07,1.6620746704205384e-08,1.3402706674996645e-07,-6.021705786163002e-07,1.8616845919654924e-06,-1.879365391999235e-09,-4.19263686723425e-08
445.810437728,-0.01177537950746606,-2.1993518107057906,2.2901064433888854,-0.43377897530988346,1.5597061723364878,2.8757170435941353,3.67788622459269e-05,0.004787466365378856,0.0014136437903973231,0.0028118117596196285,-1.092086434895112e-06,-0.00011153056335322376,-1.2416005061819715e-06,-1.8984932030587575e-06,5.49320658476638e-06,2.153069431447464e-05,-1.4223143477171918e-07,4.5164943164587734e-07,1.5201089176312247e-08,1.283653842196454e-07,-5.832580034255619e-07,1.848307621576717e-06,3.6250945622078993e-10,-4.078703553014849e-08
448.75625764,-0.011672418493951798,-2.185257017246785,2.2942945563408346,-0.42540241621261116,1.559702330991255,2.875390450864089,3.31871441987242e-05,0.004782429888896322,0.0014272935076053983,0.0028832630551969413,-1.5095124326625076e-06,-0.00011037696186316781,-1.1988069282391123e-06,-1.5281681063637797e-06,3.8036195735421333e-06,2.6952571593341895e-05,-1.378798671787904e-07,3.330946400849111e-07,1.3918115852650575e-08,1.2346574527547905e-07,-5.629284581009801e-07,1.8292680189868203e-06,2.6049724526504665e-09,-3.9738005229705045e-08
451.689831223,-0.011580216102227576,-2.1712339686288376,2.2984979271768715,-0.4168281081389046,1.5596973023420253,2.875068082037453,2.9730104700357272e-05,0.004778477226729971,0.0014360270524667595,0.0029702106039675713,-1.902829827371555e-06,-0.0001095707387669953,-1.1597555470692484e-06,-1.172534599513551e-06,2.183268961438898e-06,3.228595612945117e-05,-1.269433413886331e-07,2.1800166812221413e-07,1.9387470770642564e-08,-2.4573930964088176e-07,1.0355397529706797e-06,-2.71310355728407e-06,1.8820809147387395e-08,-3.919542099590194e-09
454.609636992,-0.011498350213477252,-2.1572867301713816,2.3027000801616557,-0.40801794865412244,1.5596911981890584,2.87474908300848,2.6398141753779247e-05,0.004775561795678285,0.0014400948164364213,0.0030721722836261067,-2.25275586607232e-06,-0.00010909935437064533,-1.0854916097605318e-06,-2.9564925225813435e-06,9.82140572362432e-06,1.1196222639960388e-05,-2.8129144753815006e-08,3.091819760817321e-07,3.940220243554179e-08,-1.4135076814955373e-06,6.228672752615125e-06,-1.7740693173071432e-05,6.255031020248967e-08,1.1388899779167987e-07
457.51424136,-0.011426412767411744,-2.143419101482225,2.306885602562671,-0.39893617829265016,1.5596841862850093,2.874432637977372,2.3406068322831455e-05,0.004761316775157121,0.001492975372351213,0.003036141409749671,-2.0694466834059178e-06,-0.0001077744160948857,-9.306845101995158e-07,-9.381047648426692e-06,3.835206344544005e-05,-7.072418184051387e-05,2.3650480054122907e-07,8.788313238251924e-07,5.21908983976097e-08,-2.163442152682804e-06,1.0039122028397691e-05,-2.9296881473695402e-05,8.328158422313753e-08,2.076607563920575e-07
460.43332078,-0.011362080161244358,-2.129558705421852,2.311396205199371,-0.3903390488018322,1.5596791563875574,2.87412147289078,2.0981015124938406e-05,0.004720799615028914,0.0016640297971275975,0.0026586044517641905,-8.70394384067108e-07,-0.0001039690515093894,-7.815804264299258e-07,-1.5554290549767385e-05,6.82923629710134e-05,-0.00015945127946848223,4.5664931451171807e-07,1.5188675116855795e-06,3.292039712827659e-08,-1.0847344241208215e-06,6.280444106937925e-06,-1.9419587376060095e-05,3.2714662874389217e-08,1.3649615791692798e-07
463.408848846,-0.011302858478650285,-2.1155949649775962,2.316707948731608,-0.38329741170518633,1.5596791528519593,2.873820080784134,1.88045643678286e-05,0.004669439500325057,0.0018966370097078245,0.0020928056979718154,6.275522172471959e-07,-9.879675224311324e-05,-7.387015863961677e-07,-1.5657716302939465e-05,7.491956037711337e-05,-0.00018394388635297859,4.2447744981392853e-07,1.673988485453659e-06,5.035993098071639e-09,5.376643076429325e-07,5.080995573656398e-08,-2.122279564358755e-06,-3.0389205476065105e-08,4.600868031486438e-09
466.440107497,-0.011249248723720752,-2.101513013323251,2.322801442811217,-0.3777988051953036,1.5596829966963137,2.8735283024073945,1.6542976436973843e-05,0.004626927412162862,0.0021136895415254653,0.0015543910564018507,1.6704694559277478e-06,-9.392099276395172e-05,-7.523849684605558e-07,-1.2260255276999024e-05,6.835270898086391e-05,-0.00017151205952248882,2.719053227403783e-07,1.5411564272635689e-06,-3.897236657883205e-09,1.1544306062313954e-06,-2.127314057420566e-06,3.984823826968799e-06,-4.7032201571496625e-08,-4.3945843830482666e-08
469.525750311,-0.011201792122558441,-2.087294552813608,2.3296485346489284,-0.37381784180815475,1.5596894151101028,2.873245831634868,1.4201608677349336e-05,0.004594638349480706,0.0023143869028298125,0.0010443537295512992,2.2828523762730146e-06,-8.937704006384273e-05,-7.624729027624629e-07,-8.59248823114494e-06,6.191127691377641e-05,-0.0001595818842837738,1.371483422994678e-07,1.4051623617541522e-06,-2.5065527266985234e-09,1.2083159082298858e-06,-2.0276514227541188e-06,3.701944662335312e-06,-4.0031024587649195e-08,-4.354066002004005e-08
472.664125324,-0.011160982978217741,-2.0729173172864375,2.337216372296901,-0.37132487395810204,1.5596972267771687,2.8729722485613336,1.1796940206234814e-05,0.004573646707531798,0.002498693397790852,0.0005617581045251063,2.51756151897764e-06,-8.518241142624339e-05,-7.679046658134394e-07,-4.737584358710067e-06,5.573894147003111e-05,-0.00014848857702145178,2.3138813631853984e-08,1.2702152240048504e-06,-1.187061658834686e-09,1.2397579564111603e-06,-1.9040263816910558e-06,3.370467822740863e-06,-3.319393635262795e-08,-4.217540073538457e-08
475.853322093,-0.011127269745214578,-2.0583552395218425,2.3454681424341888,-0.3702871099449601,1.5597053480797112,2.872707037829944,9.342463598597086e-06,0.00456486086814839,0.002666772907997994,0.00010532302002681793,2.4239726880426193e-06,-8.134646024265946e-05,-7.699284101067409e-07,-7.466579485237166e-07,4.986983830162058e-05,-0.0001382718385329588,-7.256758052464731e-08,1.1383788824178797e-06,2.2559403560022546e-09,-1.2013000374467327e-09,3.0628583771143715e-06,-1.0783225067214386e-05,-2.4266909633975745e-08,7.183065837067737e-08
479.091213524,-0.011101058707607676,-2.043578671968557,2.3543637447693238,-0.3706695503756484,1.5597127938390796,2.872449605565979,6.848512356481514e-06,0.0045690449430820235,0.0028189332433041225,-0.00032645151840382525,2.0469217815177743e-06,-7.78722713177804e-05,-7.53121884973077e-07,-4.868225464513373e-06,7.590536393486589e-05,-0.00021916587696051672,-1.3226321235253223e-07,1.7429828017211273e-06,1.2180750939163875e-08,-2.653682941444896e-06,1.5605251748987214e-05,-4.7748927072047335e-05,-1.5677054640646553e-08,3.683750142891896e-07
482.375492156,-0.011082719062303497,-2.0285546462522146,2.3638603936451084,-0.37243574910271254,1.5597186748444487,2.8721992943006627,4.432074020802685e-06,0.004532533847949771,0.003164542080764776,-0.0013321325981985946,1.5598519091941654e-06,-6.991582551835185e-05,-6.898303264008413e-07,-1.8183446708395492e-05,0.00015235675028500776,-0.00045182563396001154,-1.7455815015608028e-07,3.5579563119282957e-06,2.4938525833584188e-08,-1.5138683291447992e-06,1.8672723871065052e-05,-6.025879366798754e-05,-1.7261286517801104e-08,4.6001092318487014e-07
485.880941641,-0.011071492864376623,-2.0128232008534956,2.3759749478560863,-0.38007757790011404,1.559723279278634,2.8719777763238485,2.1857523377834687e-06,0.004442353218780476,0.0038749416104456036,-0.003460805123864666,8.497148137887045e-07,-5.319558305838523e-05,-5.812047102172277e-07,-1.3985435335548205e-05,0.00020058239202965612,-0.0006234683925844542,-2.514668508681027e-07,4.82398555896736e-06,3.256155661299744e-08,4.9221466182213265e-06,3.0905682376690963e-06,-2.001679463960396e-05,-1.920089663652532e-08,1.2187680106263128e-07
489.826200959,-0.011067384112987575,-1.995498366797299,2.3931231563858715,-0.39941851085278623,1.5597245722685833,2.871812294584655,1.5740456799648653e-07,0.004439307373853202,0.004657084889980734,-0.005992578109773557,-3.5945297280348676e-07,-3.3923047708217524e-05,-4.4575235482338415e-07,2.197177212369942e-05,0.00016541237851346865,-0.0005739045729964332,-3.150581548901017e-07,4.242342580152856e-06,3.472397228994312e-08,9.841714576855867e-06,-1.1182452161809438e-05,1.918313186016164e-05,-4.8154695208551385e-09,-2.0099557111773614e-07
494.212379154,-0.011071004596368976,-1.975792692475535,2.415064316914032,-0.43101952088086076,1.5597196446702495,2.8717026174170943,-1.4643448405337982e-06,0.004646586745529396,0.005222489954809395,-0.00817910628825394,-1.7831539288193365e-06,-1.8449145257892763e-05,-2.9154000998467184e-07,6.868775334773944e-05,0.00010530476734815319,-0.00045748111587911276,-2.810623035086343e-07,3.0995262807676454e-06,3.504198531576582e-08,1.0006674532094834e-05,-1.1525579178863786e-05,2.069143601695273e-05,1.6173569680347343e-08,-2.118333334506779e-07
499.038799414,-0.011081465320193863,-1.9525489113919636,2.4414394243926067,-0.4756703569555927,1.5597075347668306,2.8716483921935025,-2.4561263677904364e-06,0.005091916099500771,0.0056053919632569615,-0.010169235075717833,-2.9085201196654697e-06,-5.7644414376833986e-06,-1.230325423090466e-07,0.00011356371070294513,6.124604774576322e-05,-0.00038869369322655164,-1.58269144385515e-07,2.3358535339863566e-06,3.387104088878875e-08,8.967291803948101e-06,-7.927827052797648e-06,1.088274942092102e-05,2.895833411761077e-08,-1.3030267515138833e-07
504.304651239,-0.011096057805869364,-1.9241501088710227,2.4717647035560915,-0.5344936399038537,1.5596899240649529,2.871649467923937,-2.630254794187153e-06,0.005812269655534358,0.005823980688217961,-0.012080180360627295,-3.3116268362276546e-06,4.856313025936032e-06,4.933781743516941e-08,0.00015888424226431818,2.6398385874206083e-05,-0.0003507456019451749,1.4424263862295844e-08,1.8101356359655833e-06,3.185147231084296e-08,8.185975974844585e-06,-6.574381879427747e-06,7.467003873106291e-06,3.545781492459365e-08,-9.867818028496782e-08
510.009527531,-0.011110192256897024,-1.8884006067907173,2.505392300015342,-0.6090305831040769,1.559671233713473,2.8717059244674155,-1.8394824809435514e-06,0.006855193904450219,0.005881179061784619,-0.01400605829476706,-2.6670647161608496e-06,1.3904937130049255e-05,2.2559444874398126e-07,0.00020298519851210165,-1.0840116206783912e-05,-0.00030653690680805014,2.331644849777715e-07,1.2543404082462565e-06,2.7496320551100685e-08,5.0404497589717945e-06,-9.454576099044539e-06,2.0658260193601895e-05,4.059291346507854e-08,-1.776004697806898e-07
516.153421758,-0.011117271555150778,-1.8423876894865927,2.541437265866635,-0.7013058496478963,1.5596588780548881,2.8718178795900213,1.22073154796426e-07,0.008235788322177168,0.005676512282540291,-0.01568395597538736,-4.393317184492318e-07,1.9416180350478873e-05,3.720357086290426e-07,0.00021615462628698536,-8.829569692445836e-05,-9.419994751122974e-05,4.974521930519676e-07,-3.6731758084022523e-07,1.6051589534374387e-09,-5.225186867105836e-06,-1.7457013425515276e-05,6.073284462967982e-05,1.564453818806598e-08,-4.16465144639801e-07
522.436790365,-0.011108315716206983,-1.7858416798572367,2.575882128620438,-0.8041268148893694,1.5596662174271396,2.8719475512903956,2.798789303831966e-06,0.009538990661426439,0.004768393565908913,-0.01512623540395848,3.552950238988606e-06,8.98349423311684e-06,2.3927073836946145e-07,0.00013597161122776787,-0.00022915129460083605,0.00045558968586038905,4.1986128302149044e-07,-3.964209268047098e-06,-5.98103214562254e-08,-2.956977596749271e-05,-3.4021980275817996e-05,0.00014962407854655034,-5.61094686647231e-08,-9.408850501944189e-07
527.660273284,-0.01108773218188015,-1.7336714457292222,2.5976913904389063,-0.8777636573486636,1.5596951322872448,2.871943871209921,3.2377657428561777e-06,0.009939044946725345,0.0032039564440982105,-0.011153562655471017,4.810255278292486e-06,-2.1727651751179966e-05,-2.4111390881178574e-07,-9.147504472448967e-05,-0.0004572568462778804,0.0015069183952012,-6.325181427760266e-08,-1.0478806896575547e-05,-3.554021855463068e-08,-9.33211065062924e-05,-0.00011692315119875853,0.000506915989635853,1.3680576166124505e-07,-3.247768270915297e-06
531.697068959,-0.011076854544669383,-1.6937011346498025,2.607595010701763,-0.9136048198900614,1.5597122875947598,2.8717905751953525,1.2500573110096197e-06,0.009045473058410913,0.0008659517393183602,-0.002741964522775031,3.606673423695028e-06,-7.837712135838615e-05,-2.085497013932372e-07,-0.000623485908028612,-0.0011577822064033434,0.004506760627943111,1.204335859456886e-06,-2.9830641972254142e-05,2.474601898048117e-07,-0.00011235773783235086,-0.0001839573850148866,0.0007606279549717379,1.0917369563218612e-06,-5.045668415711119e-06
534.54173168,-0.011076194307462222,-1.6696857840961365,2.606876300278426,-0.9091033336955227,1.5597212582938207,2.871486628527989,1.2258013726181016e-06,0.006465763227564092,-0.0035874195139534715,0.014935420925573373,1.004447114816287e-05,-0.0001949024217744455,9.752757345187438e-07,-0.0009041513511080642,-0.0017019714825494707,0.006705577574047326,5.868983460732418e-06,-4.46886376858338e-05,5.89462503817854e-07,0.00011070676287863068,8.119701123799044e-05,-0.0003698913307451095,2.173057474635174e-06,2.158827109539552e-06
536.307302562,-0.011072941146162073,-1.6604358948282951,2.596888149555538,-0.8681013069245663,1.5597465437677673,2.871046022677503,4.025791103780523e-06,0.0048723877361708245,-0.006741899152083897,0.027313023465644015,2.4357963504417768e-05,-0.00027788624874247603,2.205925675133119e-06,-0.00047925801868142727,-0.0012600024739651294,0.0048001454828349825,1.0290036771145287e-05,-3.278779165049643e-05,6.70065916999375e-07,0.0002973208140509578,0.0003384685719429678,-0.0014436387587352599,2.2412117823533233e-06,9.297349717480817e-06
537.850983886,-0.0110637799419439,-1.653409337832761,2.5850167830687414,-0.8204186214978165,1.5597976908085167,2.870578815893926,8.26789460102147e-06,0.004703766512804797,-0.007976119762804323,0.03173959983362756,4.3188890568091054e-05,-0.000309316721140096,3.2039056237935137e-06,5.619126505743209e-05,-0.0006185513220756948,0.0020797737485134544,1.3395025300347906e-05,-1.498473478139105e-05,6.968318301381524e-07,0.0002359974058154217,0.00024334762653229635,-0.001071429072328598,1.942450684633985e-06,7.204401677854124e-06
539.341262109,-0.011048101583101306,-1.6461808057961422,2.5727189245428694,-0.7718939287910781,1.5598765216778439,2.8701082671981735,1.3698464449088052e-05,0.00502550701951765,-0.00863755420881207,0.033705656412554075,6.487236507557448e-05,-0.00032391358515870827,4.31480181153424e-06,0.0002483851046174855,-0.0005036232170324362,0.0014769640114644465,1.619059230164384e-05,-1.0475619117302303e-05,5.469579482178028e-07,9.577283533315062e-05,6.425215958033825e-05,-0.0003172493888769309,1.4008398248202648e-06,2.614864598069523e-06
540.767456937,-0.011024227301227136,-1.6387745351340681,2.5598739348375017,-0.7222605571782633,1.559985387436956,2.8696351550165637,2.076777144391275e-05,0.005424100093651352,-0.009437424925831994,0.03602734706691685,9.020256193359444e-05,-0.0003397831901592596,4.823984185995825e-06,0.0003396728347492973,-0.0004295480406790765,0.001143582913327874,1.754011087344654e-05,-7.307030923954955e-06,-8.882395508505574e-08,6.401462444888511e-05,0.0001353548210596334,-0.0004992671132315263,-1.21838884869721e-07,4.103071027350321e-06
542.129398642,-0.010990704154600588,-1.6310866993940498,2.5464602274558157,-0.6715987773724754,1.5601262765621637,2.8691619167954845,2.716506929501504e-05,0.00596500035940184,-0.009851684892019819,0.03695495646056135,0.00011380429561791416,-0.00034476644660341726,4.123151830112709e-06,0.0004268657725107713,-0.00013671347858769042,0.0001182904280636124,1.5985051498148116e-05,7.279822457475018e-07,-4.6425369509736284e-07,3.769972643838314e-05,0.00016769402364319057,-0.000570082407403576,-1.103509740756136e-06,4.675856290591869e-06
543.486819662,-0.010950378649152994,-1.6225564260939407,2.5330836547675046,-0.62176443045165,1.5602947691100053,2.8686975855606542,3.198529831280588e-05,0.006584634772750397,-0.009810709974953702,0.03635410171173678,0.0001336838503929183,-0.0003378431402907278,3.5610556999146363e-06,0.0004424296514280346,2.689995070964766e-05,-0.0004083273620461587,1.4538922033457562e-05,5.419365012196233e-06,-1.0298949383147995e-07,-2.2872923003299504e-06,4.357069197942339e-05,-0.00012586307048824896,-3.9548819100733775e-07,1.6878674487002991e-06
544.845102313,-0.010903837635964224,-1.6132042646366567,2.519817321677928,-0.5728724277400619,1.5604893387596792,2.868244442223189,3.683585863203508e-05,0.007166483969318294,-0.009778638261397243,0.035846119500348966,0.00015328751654231088,-0.0003300485072039727,3.843999163577376e-06,0.00042063045676040333,-1.8521057984574683e-05,-0.0002230645787090757,1.4912177481003136e-05,5.308681977317023e-06,3.4905026393269516e-07,-8.942252348876533e-06,-4.907548036641003e-05,0.0001782742732126214,5.855078691253721e-07,-3.1349132489521633e-07
546.196122708,-0.010850616391594216,-1.6031443226266142,2.506590529076399,-0.524644266480739,1.5607099259988635,2.867803332473166,4.2395903792899654e-05,0.007724362280590702,-0.00986027880823459,0.03574756593188297,0.00017407851248874007,-0.00032345408446743384,4.504699920088524e-06,0.00041809943256403224,-0.00010583390750723088,7.406501759668095e-05,1.61207394642829e-05,4.573382744934215e-06,5.80503343075777e-07,7.730032821200194e-06,-6.785618207767245e-05,0.00021997082801230038,1.0883778519857175e-06,-4.48812202389253e-07
547.531863067,-0.01079002122431365,-1.5924592043836376,2.493327240316623,-0.47682878941136725,1.5609567177722599,2.8673753058904534,4.892708108704489e-05,0.008289660064063398,-0.010061608914149978,0.0360406471760073,0.0001965778543294716,-0.0003177515722136981,5.400893392629172e-06,0.0004411073831029474,-0.00020073626915004554,0.00036794316118933003,1.7830498633354764e-05,4.099930729789845e-06,6.347176969538716e-07,2.1571394265383186e-05,-6.00037288727725e-05,0.00018174551671361783,1.1869002538883889e-06,-1.2400227110065746e-08
548.844561039,-0.010721198800176246,-1.5812029304671031,2.4799490121810677,-0.4292039673203758,1.5612300104107528,2.8669616641363294,5.667647525900085e-05,0.008891790268582223,-0.010389631580834502,0.036715254848008194,0.00022125642257231348,-0.00031258793836008714,6.187365217253684e-06,0.00047503135900796084,-0.00026525468902049727,0.0005571550758632377,1.9268425459395978e-05,4.52491422462588e-06,-3.989489191095241e-07,-1.3972422939264185e-05,6.363293092154241e-05,-0.0001665980117347506,-1.1074167292672861e-06,2.0216665180812257e-06
550.126867908,-0.01064320072558281,-1.569404002994519,2.4663780056324516,-0.38157866844513477,1.5615300943413302,2.866563987269779,6.496626414081389e-05,0.009521387375900914,-0.010749022687280507,0.03748386914843152,0.00024655136230178343,-0.0003060449229912443,4.425581977901413e-06,0.00040724092933547024,-4.2384314844105125e-05,-4.571079731488688e-05,1.508908889422872e-05,9.244156566648733e-06,-2.3872161397623385e-06,-0.00010447518335396773,0.0002711401177771679,-0.0007230879298589079,-5.504117949687842e-06,4.710638264820366e-06
551.382994285,-0.010556500831354258,-1.5570501116889748,2.452671925726848,-0.334071472138123,1.5618552150680445,2.8661845780143134,6.80162023808141e-05,0.009929884490571972,-0.010509550067244966,0.03663265483585393,0.0002597993884426719,-0.0002893369096181875,1.800921131550975e-07,0.00021250280191660066,0.0004179718260013815,-0.001265246053946699,5.412933927979069e-06,1.6429154938235122e-05,-2.6375761343066056e-06,-0.00013508008387028595,0.00026473091134405976,-0.0006774224523711729,-6.102636025376073e-06,3.7285416028805978e-06
552.676698652,-0.010469847616115005,-1.544077233658048,2.4396110838847216,-0.2882621999604087,1.562192612903861,2.8658271966531585,6.525399393622318e-05,0.010054636701115949,-0.009665924653142088,0.03421288396043308,0.00025996182086163167,-0.00026391475928133623,-2.2431717269920544e-06,6.43314131998406e-05,0.0006248726008533266,-0.0017506391784107046,-3.495110872123392e-07,1.8599400524224168e-05,-8.721171917129689e-07,-7.225456734523824e-05,4.800331108315413e-05,-7.140630163564098e-05,-2.2612785635276656e-06,-4.0233889114692135e-08
554.013280641,-0.010385014668766734,-1.5306011896322804,2.4272852416108264,-0.24418609659397625,1.5625389160468606,2.865491481663872,6.210659845910099e-05,0.010096296271224214,-0.008868329829943233,0.03203841456928809,0.000258838659579097,-0.00024050680553688863,-2.0265620450059755e-06,2.613824813125663e-05,0.000534477011979291,-0.0014265817695796566,-3.437035180869192e-07,1.617357871072696e-05,3.326723680980832e-07,-1.4794771733253453e-05,-7.68768376762744e-05,0.0002568572132251776,3.928168940934435e-07,-1.7720444316063537e-06
555.384820306,-0.01030175196591908,-1.5167342555901928,2.4156196119816715,-0.20156473626108648,1.5628935612503454,2.8651766305371016,5.9789067006490396e-05,0.010125065949222356,-0.008222906102274719,0.03036371461004255,0.0002590662053443271,-0.0002202096321433089,-1.3301702381531667e-06,2.5241438036854684e-05,0.0004160259568184834,-0.0010540183039421062,7.418001730691331e-07,1.3803527207368097e-05,5.228805768674509e-07,5.302329983026895e-06,-8.064402805036262e-05,0.00024820153192820133,8.318786309832494e-07,-1.4826356714929201e-06
556.782826952,-0.010219475162555147,-1.5025585714176821,2.4045266254562447,-0.16013042705692185,1.5632564381784841,2.864882100635867,5.8441846937231506e-05,0.010166431557691036,-0.0077190424794675305,0.02912818830032863,0.00026092388804022093,-0.0002023304909919421,-5.776111324498977e-07,4.114162396921545e-05,0.00031143532054583737,-0.0007404287332627366,1.962383625360705e-06,1.2080465186272552e-05,5.539803262244118e-07,1.610865696051469e-05,-7.096330235683723e-05,0.00020854312786139947,9.056893204997632e-07,-1.03423363849965e-06
558.198402921,-0.010137335537489266,-1.4881292232914538,2.3939090794356814,-0.1196282034850546,1.5636277401306837,2.864607652165154,5.817756126945926e-05,0.01024122980178388,-0.007348389019844026,0.028285525918742976,0.00026460993667098975,-0.00018624529958088942,2.2905331767150995e-07,7.073190882190064e-05,0.00021650100576847773,-0.00046782256107985587,3.291184648652223e-06,1.090063648737687e-05,5.906159050234132e-07,2.52185170141442e-05,-6.482278744445133e-05,0.00018279282029440112,9.736693676227516e-07,-6.656635303276898e-07
559.622388695,-0.010054273821558329,-1.4734771580183792,2.3836629873957214,-0.07981743446405577,1.5640078534421133,2.8643533743621465,5.90992715279277e-05,0.010367581018222216,-0.007105039344471931,0.027801927386305998,0.0002702810038921477,-0.00017138526055138215,1.099829526253217e-06,0.0001128239550591977,0.00012740482306553003,-0.0002215422744675788,4.727767831907767e-06,1.0193103179241303e-05,3.69394366701451e-07,1.356424378469718e-05,-5.773523678555853e-05,0.0001471582155291016,3.517735883041366e-07,-1.2230233298184877e-06
561.045495343,-0.00996907580076089,-1.458611899228807,2.373680217000537,-0.04047327364230528,1.5643972492494282,2.8641196898640344,6.130808211966734e-05,0.010562407680265617,-0.006985579273412368,0.027654567060796074,0.00027806901872806655,-0.00015722416665586714,1.2811787821442235e-06,0.00010937867919886971,5.211495574408828e-05,-4.8804183950373545e-05,4.29387150945726e-06,7.419852402639397e-06,-6.75402688667054e-07,-6.322359053002008e-05,-5.176613967118752e-05,7.851935333788862e-05,-2.5697246333664727e-06,-5.035130470925742e-06
562.068413668,-0.009880430719060503,-1.443524092340828,2.3638509989379313,-0.0013880789059236265,1.5647963787735404,2.86390733846469,0.0,0.0,0.0,0.0,0.0,0.0,0.0,0.0,0.0,0.0,0.0,0.0,-1.2524741720158852e-06,-0.0001069280670075708,-5.094732831586472e-05,4.771073384610116e-05,-4.197667990215498e-06,-7.253611770655842e-06
