waypoint,q1,q2,q3,q4,q5,q6
0,1.209863019483468,-0.5363886538832302,2.0562325089895426,0.09019354925010038,-1.3894928890433387,0.0
1,1.2670609088529092,-0.5495826814976915,2.064684772623661,0.059610368227813466,-1.5499175280224438,0.0
2,1.3224602088913828,-0.5504593588286332,2.062067507963219,0.059201138374327465,-1.5683379676131421,0.0
3,1.3783393397432748,-0.5502746962817829,2.056562404671881,0.06388848253665345,-1.5704686438824926,0.0
4,1.4343231008898614,-0.5498053113290545,2.048625348232252,0.07104401105013743,-1.5707343409434844,0.0
5,1.4900611869317768,-0.5490832716346202,2.0383447171950158,0.0803277054534757,-1.5707899247578887,0.0
6,1.5452246578861386,-0.5480624390877147,2.025783557913467,0.0916041441815656,-1.5708250850007799,0.0
7,1.5995137330396427,-0.5466844199362186,2.0110095218379014,0.10474554302257699,-1.5708613522256067,0.0
8,1.6526650393602544,-0.544887565288199,1.9940952194479789,0.1196178495906322,-1.5709009196179322,0.0
9,1.7044561676598073,-0.5426101527375247,1.975115773613035,0.13608421394685125,-1.5709437323867033,0.0
10,1.754707470365016,-0.5397925428492341,1.9541462828731395,0.15400952002245907,-1.5709894628596344,0.0
11,1.8032814648522606,-0.5363787104806818,1.9312595337248315,0.17326424693578238,-1.5710377502167334,0.0
12,1.8500803715499732,-0.5323171916410616,1.9065240284008638,0.1937274542521953,-1.5710882386725982,0.0
13,1.8950423612187355,-0.5275614990265651,1.8800023327420823,0.21528891457367882,-1.5711405900486972,0.0
14,1.938139072352348,-0.5220694775216814,1.851748177807369,0.23785270181019105,-1.5711908894937325,0.0
15,1.9794011220731256,-0.5157905837581058,1.8217783410858013,0.2613762508908868,-1.5711751911033658,0.0
16,2.0188539948949513,-0.5086779896591945,1.790111253696617,0.28581593232670205,-1.5710665049798287,0.0
17,2.056526812274513,-0.5006919730795452,1.7567651646135056,0.3111250120870426,-1.5708666817051091,0.0
18,2.0924624830812637,-0.49179574416635263,1.721747831232572,0.3372669663599705,-1.570581084855033,0.0
19,2.126714328650377,-0.4819538676198576,1.685055256563154,0.3642168252408754,-1.570215536446045,0.0
20,2.1593431420891305,-0.47113092462566125,1.6466705015501744,0.3919612854865091,-1.5697758506664357,0.0
21,2.190414721740656,-0.4592900920455941,1.6065622811597042,0.42049880995460254,-1.5692676939367787,0.0
22,2.219973404197422,-0.44641152053450767,1.564723441407577,0.44978046297501234,-1.5687512628371163,0.0
23,2.2476456002342666,-0.4328790943045519,1.5219091628578814,0.47864486592688155,-1.5692647949019296,0.0
24,2.2730498790845455,-0.4193151745667056,1.479205832520617,0.50543171866787,-1.5720886164428387,0.0
25,2.289700854463889,-0.4131592908513064,1.4509395748050578,0.5096639046806513,-1.5934733449035456,0.0
26,2.2961062301426067,-0.4180655041273023,1.4437053869114929,0.48123509977266643,-1.6404347234073673,0.0
27,2.299311754747495,-0.42760380313707486,1.4445079696600533,0.438736150731977,-1.6974384327004262,0.0
28,2.301775782662613,-0.4388565521748782,1.4481442479951323,0.3911643978920448,-1.7567081662266288,0.0
29,2.3032825444215144,-0.4517126991021031,1.4550312903959353,0.3382737397431638,-1.8178764858507055,0.0
30,2.30475306522619,-0.46554528936553613,1.4634173314745165,0.2825639984077809,-1.8782699017226119,0.0
31,2.3065956572936894,-0.4801158387348752,1.4724999080032266,0.2254235376503961,-1.9361574554160248,0.0
32,2.308679468870029,-0.49556368665544304,1.4825996207467502,0.16634983559178304,-1.9913663981977654,0.0
33,2.31085986959378,-0.5120526623971885,1.4941267007571166,0.10449778396923623,-2.0439609928052462,0.0
34,2.312996293895685,-0.5297141557482571,1.5075180318720434,0.03887666278689496,-2.0940419165781776,0.0
35,2.314964856892415,-0.5486348286996103,1.5232158713699582,-0.03162525687231537,-2.141674028857398,0.0
36,2.3166677537307607,-0.5688475800936499,1.5416527269876152,-0.10823344698531889,-2.186828151487709,0.0
37,2.3180414762579566,-0.5903173984442229,1.5632294275807543,-0.1922580729195002,-2.229318935718518,0.0
38,2.3191893636511787,-0.6129459951630202,1.5878918385514906,-0.28386849791937446,-2.2682654904765975,0.0
39,2.3201251141553363,-0.6364822736096531,1.615679050851235,-0.38354748466493677,-2.303006472167643,0.0
40,2.320786249029566,-0.6605045757075924,1.6468385243805348,-0.492721713698761,-2.3331593871241747,0.0
41,2.3211643838796627,-0.6844094940509978,1.6814875925773183,-0.6129452083543717,-2.3580993878090655,0.0
42,2.3213878810379702,-0.7075842143905003,1.7189194479286374,-0.7431474336892222,-2.376554144794074,0.0
43,2.3215293584656873,-0.7292450752140383,1.7580239867176828,-0.8809864326530048,-2.3875901770632577,0.0
44,2.321878301819388,-0.7577804858868038,1.787450119265298,-0.9673804083168894,-2.390201367481779,0.0
45,2.3222163842611803,-0.793059835544467,1.8020199955428806,-0.9827324931945762,-2.3901129566479327,0.0
46,2.322412227039329,-0.8260967028937798,1.8095818061958482,-0.9750373831244731,-2.389974421218744,0.0
47,2.3224870608132604,-0.8583118643148855,1.8137152172028574,-0.9577874721692502,-2.389913121670955,0.0
48,2.322466249787602,-0.890035875749783,1.8154057401313488,-0.9350332833488585,-2.3899263282807746,0.0
49,2.3223785543251996,-0.9212666948232124,1.8148580918493726,-0.9079992076585581,-2.390002399277314,0.0
50,2.322254927752127,-0.9518918323132174,1.8120418065544195,-0.8770696272796901,-2.39012182185697,0.0
51,2.3221281422413838,-0.9817552119843814,1.8068548097873673,-0.8423849171810809,-2.3902566248352075,0.0
52,2.322032695130568,-1.010678565657083,1.7991729116090915,-0.8040196127808878,-2.390370405114783,0.0
53,2.32200037158141,-1.0383853513358483,1.789163755666439,-0.7631078151375971,-2.3904205878486424,0.0
54,2.3220295051719932,-1.0646595902483613,1.7774669349254837,-0.7220810022055225,-2.3903988623186985,0.0
55,2.3221024345042687,-1.0895945754346343,1.7643570201323724,-0.6817225056415344,-2.390326849415775,0.0
56,2.3222019911697673,-1.113235373164154,1.749968246830001,-0.6423020884459526,-2.3902261379835594,0.0
57,2.3223115010992936,-1.1356122437835574,1.734391313834858,-0.6039338626471388,-2.390115833199502,0.0
58,2.3224147237614035,-1.156754321308987,1.7177018804547064,-0.566680046625381,-2.390012815949899,0.0
59,2.3224958450649296,-1.1766931720141696,1.6999687254400462,-0.5305814974274491,-2.3899319347849337,0.0
60,2.322536300771463,-1.1954710924727157,1.6815938946675795,-0.49661149748021394,-2.389887700915638,0.0
61,2.3224841058486194,-1.213298504839874,1.6639129899025162,-0.46810440914611956,-2.3899059446231092,0.0
62,2.322272354079876,-1.2305931363253453,1.6475512853863776,-0.44622403991633286,-2.38999412889821,0.0
63,2.321843474219345,-1.2476469229453215,1.632881485745237,-0.43134671359649857,-2.390109668170817,0.0
64,2.321149326431982,-1.2646859645216364,1.6202055664728685,-0.423652549255408,-2.3901570498191766,0.0
65,2.3201511161768926,-1.2818981974692962,1.6097958295839423,-0.4232726132671907,-2.389987288694822,0.0
66,2.3188194216912574,-1.2994368561255132,1.6018967542348168,-0.43030777449759716,-2.3893979241497085,0.0
67,2.317134072124857,-1.3174157931175763,1.5967124550516805,-0.4448054598103392,-2.3881354989639023,0.0
68,2.3150561457058227,-1.3358636285889738,1.5939280785115397,-0.46555395027600954,-2.3860361803357883,0.0
69,2.3124751138376793,-1.3545783186939813,1.5917401846431223,-0.4877060907778904,-2.3834504066688296,0.0
70,2.309377301825865,-1.373272432390537,1.589577040208218,-0.5095261728448206,-2.3805046098283573,0.0
71,2.305758527422805,-1.39184429793492,1.5872918795155424,-0.5305762690599706,-2.377249461864706,0.0
72,2.30161372000571,-1.410264099885764,1.584849307903424,-0.5507854809668395,-2.373718976176421,0.0
73,2.296937096388994,-1.4285223450316802,1.5822486090105428,-0.5701918476010811,-2.3699378218665603,0.0
74,2.2917222089746283,-1.4466155393200368,1.579501842460101,-0.5888690631071125,-2.3659224013207565,0.0
75,2.285967436147604,-1.4645425507191283,1.5766602699643522,-0.6069875601177005,-2.361657387700268,0.0
76,2.2796832428034803,-1.4823094033537039,1.5738662092677003,-0.6249346970276959,-2.3570530144296993,0.0
77,2.272859992362911,-1.4999319851548056,1.571170898417565,-0.6428631311290384,-2.3520792278953557,0.0
78,2.2654853878596963,-1.5174140357453016,1.568595652709871,-0.6608324913552235,-2.3467173891295747,0.0
79,2.257546241458951,-1.5347543164665591,1.5661539651098908,-0.6788748745787693,-2.3409474749653785,0.0
80,2.2490284478425826,-1.551949827852236,1.5638569233420159,-0.697012667610438,-2.334746661122517,0.0
81,2.2399169778888632,-1.5689966414002197,1.5617145538703336,-0.7152630357801947,-2.3280892576985037,0.0
82,2.2301958861569857,-1.5858900769989994,1.5597360225386312,-0.7336386841523579,-2.3209468317039335,0.0
83,2.2198483280792205,-1.6026247083298648,1.5579295208054265,-0.7521475947232379,-2.3132883840151663,0.0
84,2.20885658623854,-1.619194330848687,1.5563020738595312,-0.7707925043707672,-2.3050805684204825,0.0
85,2.197202106468614,-1.635591931106028,1.554859341223047,-0.7895703481047446,-2.296287954971619,0.0
86,2.184865544959769,-1.6518096688099073,1.5536054326368147,-0.808471736981232,-2.286873341541285,0.0
87,2.171826827801451,-1.6678388757608373,1.5525427498214859,-0.8274805013012276,-2.276798117313787,0.0
88,2.158065224521336,-1.6836700731717187,1.5516718609609719,-0.8465733185112324,-2.26602268137654,0.0
89,2.1435594371492876,-1.6992930076382244,1.550991413019415,-0.8657194418063481,-2.254506919122744,0.0
90,2.128267350296705,-1.7147039021303294,1.5504672597478502,-0.884805403647103,-2.242274015083699,0.0
91,2.112104921423689,-1.7299085385851172,1.5499980225804026,-0.9035624724735395,-2.229483565136758,0.0
92,2.0950425817836664,-1.7448860343332373,1.549556512795019,-0.9219071813820404,-2.2161391720056356,0.0
93,2.077054852053074,-1.7596194787837505,1.5491360194935477,-0.9398158656511175,-2.202211922913537,0.0
94,2.0581166920503238,-1.7740929068998945,1.5487341311468847,-0.9572760309957641,-2.1876672720644974,0.0
95,2.0382039238216136,-1.7882896484505588,1.5483487872352923,-0.9742732660016884,-2.1724686552552464,0.0
96,2.017293707785919,-1.8021919373548183,1.547977193090008,-0.990787524172959,-2.1565785008714604,0.0
97,1.9953650846711246,-1.8157808513317009,1.5476155013951747,-1.0067919256291646,-2.139959022342298,0.0
98,1.9723995941746517,-1.8290363441183042,1.5472587168024194,-1.0222523105686125,-2.1225730695068403,0.0
99,1.9483819742598485,-1.841937310532344,1.5469006850438032,-1.0371271025234434,-2.1043850731025664,0.0
100,1.9233009403609074,-1.8544616691989608,1.5465341308085634,-1.0513673778960775,-2.085362084132627,0.0
101,1.8971500392283185,-1.8665864589408345,1.5461507345295693,-1.0649171247445075,-2.0654749034639335,0.0
102,1.8699285667581667,-1.8782879479132046,1.545741244847653,-1.0777136961783045,-2.0446992902029595,0.0
103,1.8416425327416441,-1.8895417552559546,1.545295623901457,-1.0896884643387872,-2.0230172308241463,0.0
104,1.812305648042481,-1.9003229853885357,1.5448032222385453,-1.100767678690773,-2.000418242248052,0.0
105,1.781901088230714,-1.9106161389867409,1.54424254245084,-1.1108538847140796,-1.9769736547985743,0.0
106,1.7503573107120407,-1.920416011635506,1.543574010456981,-1.119827310302065,-1.9528836368171345,0.0
107,1.7177026117440874,-1.9296893465667448,1.542780812816995,-1.1276227945282113,-1.9281971470980204,0.0
108,1.6839828292737096,-1.938401644637777,1.5418506063675588,-1.1341883313401926,-1.9029448064450953,0.0
109,1.6492574697349711,-1.946518062399378,1.540772074789645,-1.1394748231073932,-1.877163776371791,0.0
110,1.6136004233897907,-1.95400362551953,1.5395345553557371,-1.1434351383174397,-1.8509012270537704,0.0
111,1.5771003446199938,-1.9608236732008724,1.5381282466984845,-1.1460252373395916,-1.8242150530175358,0.0
112,1.5398605987093466,-1.9669443987554411,1.5365445572447194,-1.1472058027601673,-1.7971739153796649,0.0
113,1.5019986999650916,-1.9723334518247042,1.5347764909786588,-1.1469439838653213,-1.769856797911678,0.0
114,1.463645185870646,-1.97696058553924,1.53281903735376,-1.1452151042336423,-1.7423520669008261,0.0
115,1.4249419033655548,-1.9807983303487824,1.5306695436172921,-1.1420042202558964,-1.7147560324274982,0.0
116,1.3860397236136057,-1.9838226711225506,1.5283280490291058,-1.1373074264349725,-1.6871710420832031,0.0
117,1.347095747555474,-1.9860136991459159,1.5257975613037715,-1.1311328143374473,-1.659703180967231,0.0
118,1.3082701109954202,-1.9873562066410482,1.523084256216104,-1.12350100656035,-1.6324596897201347,0.0
119,1.2697225389700233,-1.9878401901949723,1.5201975851284757,-1.114445215761983,-1.6055462470468818,0.0
120,1.2315524430821285,-1.9874637708910017,1.5171576849354411,-1.1040419173254308,-1.5791427562006022,0.0
121,1.1937941499074736,-1.986227892024102,1.5139959719158034,-1.0924307280287284,-1.553513880573378,0.0
122,1.1565923082768281,-1.9841300638838062,1.51073302361672,-1.079716517906961,-1.5287614577662405,0.0
123,1.1200859928579294,-1.9811732981541221,1.507389290584437,-1.0660014098636166,-1.504951638377446,0.0
124,1.0844017479291455,-1.977366989509071,1.503987050282662,-1.0513905711562832,-1.482133765387673,0.0
125,1.049651478253549,-1.9727268099474882,1.500550295849769,-1.0359911186766266,-1.460342083482873,0.0
126,1.0159310131908492,-1.9672742945063801,1.4971042078230605,-1.0199097837089104,-1.439596024905772,0.0
127,0.9833193457378542,-1.9610362396554344,1.4936745364276918,-1.003250476195904,-1.41990083528161,0.0
128,0.951878515467324,-1.9540439713693551,1.490286986800302,-0.9861120640777238,-1.401248664926936,0.0
129,0.9216540635301113,-1.9463325312516901,1.4869666515720148,-0.9685865022454642,-1.3836200379965862,0.0
130,0.8926759597754528,-1.9379398278074929,1.483737522543017,-0.9507573888552044,-1.3669855796614978,0.0
131,0.8649598873431835,-1.928905795104184,1.4806221010172051,-0.9326989781212803,-1.3513078785749113,0.0
132,0.838508768004974,-1.9192715947483205,1.4776411180975346,-0.9144756484253349,-1.3365433738568768,0.0
133,0.8133144190501014,-1.9090788883738181,1.4748133665468934,-0.8961417931645065,-1.3226441751444862,0.0
134,0.7893592473009665,-1.8983691987372016,1.4721556384587304,-0.877742082725887,-1.3095597471121851,0.0
135,0.7665802255438003,-1.887179392436731,1.469714349374033,-0.8594028430324715,-1.2973105016742723,0.0
136,0.7448863816121463,-1.8755411727021687,1.4675611818525658,-0.8413372805618843,-1.2859723372127052,0.0
137,0.7242520966969512,-1.8634921574869912,1.4657145310665827,-0.8236159062764382,-1.2754969168466292,0.0
138,0.7046490359983759,-1.8510656865193202,1.4641809756783104,-0.8062706526359655,-1.265819747244915,0.0
139,0.686045669225491,-1.8382929088580315,1.462962624444923,-0.7893179107735067,-1.256875932103749,0.0
140,0.6684081756695691,-1.825203161036737,1.4620586972760714,-0.7727636641030797,-1.248602658941155,0.0
141,0.6517012315325438,-1.8118239824294877,1.4614660786432676,-0.7566053160638665,-1.240939999840723,0.0
142,0.6358886814360051,-1.7981811053986223,1.4611796908944361,-0.7408329046867164,-1.2338313740654232,0.0
143,0.6209341008659016,-1.7842984763857446,1.4611928384066686,-0.7254301894778642,-1.2272238493440437,0.0
144,0.6068012581309149,-1.7701983096730145,1.4614975421540468,-0.7103756830413461,-1.2210683233372104,0.0
145,0.5934544857335499,-1.755901166633871,1.4620848628028227,-0.6956436310524751,-1.2153196104743083,0.0
146,0.5808589717224005,-1.7414260523828609,1.4629452077549436,-0.6812049353598274,-1.2099364549056006,0.0
147,0.568980981618539,-1.726790522864488,1.4640686190096825,-0.6670280180857691,-1.2048814875673615,0.0
148,0.5577880211604418,-1.712010796572676,1.465445039916838,-0.6530796268547047,-1.2001211425922893,0.0
149,0.5472489492848828,-1.697101866596803,1.4670645606955717,-0.6393255856070498,-1.1956255448464626,0.0
150,0.53731323317443,-1.682075771576341,1.468977683250468,-0.6258880058737203,-1.1914252456127186,0.0
151,0.5279240191021687,-1.6669442381753445,1.4712688290833704,-0.6129994103484695,-1.1875802922355465,0.0
152,0.51905778783536,-1.6517220218954418,1.473936914151974,-0.6006844105641584,-1.1840678878971296,0.0
153,0.5106925568002781,-1.6364163123119855,1.4769661801530185,-0.5889230656507978,-1.1808571438134978,0.0
154,0.5028075333516036,-1.6210319712050645,1.4803375012974418,-0.5776846458231629,-1.1779184504849236,0.0
155,0.49538310245049244,-1.605572742621484,1.4840307414413267,-0.5669345229472135,-1.1752245159707613,0.0
156,0.48840080450127615,-1.5900416012177492,1.488025409002326,-0.556635886453664,-1.172750438194193,0.0
157,0.4818433074435812,-1.57444092645319,1.4923009678599932,-0.5467504381062377,-1.17047365643927,0.0
158,0.47569437526464425,-1.5587726347759547,1.4968370640923452,-0.5372388627849795,-1.1683738814745217,0.0
159,0.46993883411043275,-1.5430382949491552,1.5016137191810874,-0.5280612317211012,-1.1664330188074887,0.0
160,0.4645625367965788,-1.527239230589129,1.5066114995522915,-0.5191773690508591,-1.164635088705245,0.0
161,0.45955232639939886,-1.5113766110255606,1.5118116662760197,-0.510547193209294,-1.1629661454694422,0.0
162,0.45489599952162807,-1.4954515306894298,1.517196306857419,-0.5021310384264158,-1.1614141976099832,0.0
163,0.45058226972445276,-1.4794650772237807,1.5227484507452689,-0.49388996013262376,-1.1599691296628456,0.0
164,0.44660073158994174,-1.4634183891015564,1.528452170967925,-0.4857860303130751,-1.1586226261922643,0.0
165,0.4429421498525487,-1.4473126477434055,1.5342898560849303,-0.4777754051052825,-1.1573670405069307,0.0
166,0.43959868359613186,-1.4311490188408746,1.5402396666881928,-0.46980072788211386,-1.1561946281696212,0.0
167,0.43656312347924753,-1.4149286827258327,1.54628147173092,-0.4618054637136688,-1.1551000071125126,0.0
168,0.4338289477261799,-1.3986533025057557,1.5523969904723764,-0.45373500676156847,-1.1540800881122815,0.0
169,0.43139030114182486,-1.3823250647403023,1.5585698936761432,-0.4455371473343981,-1.1531340112917967,0.0
170,0.4292419731251748,-1.3659466885904858,1.5647858726853334,-0.43716246347171284,-1.152263090385986,0.0
171,0.4273793761250741,-1.3495214241519864,1.5710327061893081,-0.42856473144143387,-1.1514707589364428,0.0
172,0.42579852545963387,-1.333053045618857,1.577300332174834,-0.41970137757603526,-1.1507625133726036,0.0
173,0.42447046931535215,-1.316566864858584,1.5841560798168377,-0.41201443290102896,-1.1502256361650427,0.0
174,0.4233621760255028,-1.3001037936046256,1.5922579386512272,-0.4073914891598438,-1.149919281153034,0.0
175,0.4224673283624923,-1.283667927084819,1.6016042871892835,-0.40614127210901885,-1.1497896870649829,0.0
176,0.4217787689776012,-1.2671980278596633,1.6120923066195274,-0.4082704284602317,-1.1497764207754495,0.0
177,0.42128818740040364,-1.2506139891906198,1.6235926345419016,-0.4137194824779408,-1.1498252525534705,0.0
178,0.4209860778495093,-1.2338266495494425,1.6359657839043165,-0.4224111574100845,-1.14988976260793,0.0
179,0.4208617541716589,-1.2167407444924248,1.649068468718014,-0.43426657823738934,-1.1499313486639728,0.0
180,0.4208960472165258,-1.1992178355345047,1.6640182941903487,-0.45272417659738845,-1.1499149406630413,0.0
181,0.42103639096377526,-1.181019178089199,1.6817425363492813,-0.4814978079691622,-1.1498061223656364,0.0
182,0.4212056390855837,-1.1617758176415667,1.7018639745070978,-0.5211717274039612,-1.1496299704987325,0.0
183,0.4213063872624944,-1.1409358541127053,1.7237013652045754,-0.5715936557663038,-1.1494930432530543,0.0
184,0.4212698338853053,-1.1185930625718212,1.7435082432825815,-0.6225846748941587,-1.1495164411946932,0.0
185,0.4211565551477894,-1.0950730589693476,1.7592534398029303,-0.6666259673432945,-1.1496327998522524,0.0
186,0.4210407346939514,-1.0706294077588476,1.771027757856457,-0.7023973029874575,-1.1497461731995549,0.0
187,0.4209839420715401,-1.0456076374878702,1.7793058262568657,-0.7300749056741319,-1.149801487571117,0.0
188,0.42101132470437025,-1.0194849486041304,1.7863759047298975,-0.7571680986799468,-1.1497883612043787,0.0
189,0.42109496992372425,-0.9920886587676049,1.793193968521884,-0.7877125058760005,-1.149718781492532,0.0
190,0.42119909712160375,-0.9633777010389805,1.7997090516014738,-0.8223414320591428,-1.1496169256340474,0.0
191,0.4212848644290987,-0.9332145618947739,1.8056791371147798,-0.8610686711783174,-1.1495205609377204,0.0
192,0.42130985863493164,-0.9014490582091822,1.8108106661496384,-0.9037709844355132,-1.1494822063926369,0.0
193,0.42122812414102506,-0.8679379448581132,1.8147836015736654,-0.9502695113188228,-1.149569243823179,0.0
194,0.421004574193078,-0.8332994725545841,1.816586451639722,-0.9964778484889852,-1.1498291597849475,0.0
195,0.4207976318133654,-0.8023203041434513,1.8125385021337865,-1.0186529133849842,-1.1500000607206893,0.0
196,0.4207994185060274,-0.7761131129339008,1.8021967294192751,-1.0089578857825188,-1.1500617620719717,0.0
197,0.4210222378615101,-0.7546240446700294,1.7857809301508019,-0.9661727254298602,-1.1507005917303552,0.0
198,0.42134692954720165,-0.7363976918347097,1.7638304417430848,-0.8946094380367597,-1.1531451659403742,0.0
199,0.42178727567307345,-0.7180285737592342,1.739355363159569,-0.8116716653017053,-1.1578973923893991,0.0
200,0.42225402182197935,-0.6994389602718818,1.7132733360215107,-0.7216636715125113,-1.1654431422446005,0.0
201,0.4226147512274904,-0.6805626962151539,1.6855022735325744,-0.624865565938125,-1.176405455481605,0.0
202,0.42280031252691663,-0.661054603460604,1.6563222661983856,-0.5229013087239173,-1.1911613145182447,0.0
203,0.4231564040088519,-0.6404976786632463,1.6285027300890962,-0.42474576215746196,-1.2084688353302628,0.0
204,0.4237595308112788,-0.6195508872295766,1.6030344723679897,-0.3326079292510532,-1.2277076178623871,0.0
205,0.4246013343214207,-0.5986726966807187,1.580007066991907,-0.24600053475943565,-1.2486468728775988,0.0
206,0.4256454776247722,-0.578114738406883,1.559243243263202,-0.1638908291938266,-1.2712149930476446,0.0
207,0.4268303333004835,-0.558001301629654,1.5404492854596685,-0.08514226503849634,-1.2954484701122981,0.0
208,0.4280727636325959,-0.53835982889742,1.5232697152364334,-0.008633306246953187,-1.3214591878114064,0.0
209,0.4292853970154836,-0.5191545594453172,1.5073736717351074,0.0665813937613199,-1.3493647065226708,0.0
210,0.43047672926390435,-0.5004324969294107,1.492868617051576,0.1404527346534796,-1.3789792214403904,0.0
211,0.43159759713546825,-0.4821859236705743,1.4796436459919096,0.21331965323757895,-1.4102342401744543,0.0
212,0.432579950615549,-0.4643397320643538,1.4675006157606427,0.285704019585955,-1.4431080791878592,0.0
213,0.43342811255764147,-0.44691190178045925,1.4565317665531308,0.35760423892775167,-1.4773694769255665,0.0
214,0.4347201544579155,-0.43100061323842254,1.4490618959868922,0.42498568507243195,-1.511297049841089,0.0
215,0.43680775282653383,-0.41755296162470146,1.4464625622326184,0.4853355638055428,-1.5437205580797433,0.0
216,0.443866389235327,-0.41515830161717554,1.4639313946946448,0.5116831411421594,-1.5645568088333925,0.0
217,0.4573036611223531,-0.42586454249780453,1.5034988045308395,0.4962347543375446,-1.5702856209751412,0.0
218,0.47302525469472984,-0.43959197869322225,1.547206590923002,0.46784418394517246,-1.5709353551218925,0.0
219,0.48970788740809273,-0.45263063570067064,1.5893743084772234,0.43871724233716836,-1.571000589958136,0.0
220,0.5074321690257768,-0.46470064394629174,1.629861818448519,0.4101427709303038,-1.5709968185622991,0.0
221,0.5262798744084886,-0.4758050189277528,1.6686961107777347,0.38224113432688334,-1.5709829940149258,0.0
222,0.5463379368212632,-0.48597196671836157,1.7059050527312585,0.35502562069292626,-1.570965671356634,0.0
223,0.5676987676048033,-0.4952303788450835,1.7415035552938467,0.3285100324524598,-1.5709453745574942,0.0
224,0.5904598498682617,-0.5036084505810076,1.7754931748248668,0.30271987449756294,-1.5709220858839787,0.0
225,0.6147218934553953,-0.5111337435332883,1.8078613225375642,0.27769733664601637,-1.5708980359411302,0.0
226,0.6405896636568854,-0.5178363232159936,1.8385856621264502,0.25349488832426437,-1.5708743133791185,0.0
227,0.668170148119931,-0.523749335553858,1.867634019662452,0.23017649764534379,-1.5708511450313682,0.0
228,0.697570020506112,-0.5289094807899519,1.8949644665748058,0.2078192904725847,-1.5708286783517251,0.0
229,0.7288927800080741,-0.5333577163913853,1.9205261942076783,0.18651357413484013,-1.5708070736246424,0.0
230,0.7622350940345645,-0.5371397475507766,1.9442605554558936,0.16636233350686647,-1.5707865169333506,0.0
231,0.7976822919691798,-0.5403061876863463,1.9661023187362023,0.14748018003531546,-1.5707672235552383,0.0
232,0.8353030244108833,-0.5429122955972054,1.9859811877063553,0.1299916212223261,-1.570749439440337,0.0
233,0.8751432018700461,-0.5450172055020982,2.0038236255723634,0.11402852745657906,-1.5707334412025558,0.0
234,0.9172194601727771,-0.5466825905945342,2.019554997265127,0.09972671975208248,-1.5707195342022298,0.0
235,0.9615125582874661,-0.5479707472696166,2.0331020077550366,0.08722167903771234,-1.5707080480029567,0.0
236,1.007961276615615,-0.548942153425799,2.0443953701949624,0.07664348960536753,-1.5706993288537157,0.0
237,1.0564575173524928,-0.5496526375279203,2.0533725888202317,0.06811125856136561,-1.5706937291137897,0.0
238,1.1068433688325479,-0.550150380752005,2.059980695214332,0.06172738471285567,-1.5706915934183505,0.0
239,1.158910840818152,-0.5504730437388096,2.0641787422421074,0.05757215658076817,-1.5706932425604059,0.0
240,1.2124047793151282,-0.5506453417269073,2.0659398480225124,0.055699208064159164,-1.570698956147994,0.0
241,1.2670291331529626,-0.5506773706753986,2.065252600076537,0.05613232766119645,-1.5707089557064762,0.0
242,1.3224563156085452,-0.5505639080674946,2.0621216792616566,0.0588639946137543,-1.5707233902051259,0.0
243,1.3783389659326115,-0.5502847857625782,2.056567637838187,0.06385582089638178,-1.5707423257364124,0.0
244,1.4343230654954093,-0.5498062848788584,2.048625853674616,0.07104084430424518,-1.5707657407247477,0.0
245,1.4900611836003272,-0.5490833655491038,2.0383447660108884,0.08032739808589984,-1.5707935272862417,0.0
246,1.5452246575771207,-0.5480624481383959,2.025783562624201,0.09160411433703723,-1.5708254983404866,0.0
247,1.5995137330107423,-0.5466844208103492,2.011009522293689,0.10474554011493227,-1.5708613996485743,0.0
248,1.652665039358322,-0.5448875653806057,1.9940952194958141,0.11961784928715219,-1.570900925058795,0.0
249,1.7044561676595704,-0.5426101527486593,1.9751157736188194,0.1360842139118521,-1.5709437330109097,0.0
250,1.754707470362121,-0.5397925428389692,1.9541462828684826,0.15400952005183013,-1.5709894629312584,0.0
251,1.8032814648515303,-0.536378710493631,1.9312595337320257,0.17326424687480488,-1.5710377502249069,0.0
252,1.850080371550947,-0.5323171916431718,1.9065240284019542,0.1937274542481393,-1.571088238673587,0.0
253,1.895042361217364,-0.5275614989976071,1.8800023327281772,0.21528891466174646,-1.5711405900303426,0.0
254,1.9381390723524285,-0.5220694775355198,1.851748177814765,0.23785270175576237,-1.5711908894915163,0.0
255,1.9794011220752024,-0.5157905837830156,1.82177834109788,0.2613762508052615,-1.5711751911030776,0.0
256,2.0188539948952227,-0.5086779896749698,1.7901112537051267,0.2858159322539316,-1.5710665049797248,0.0
257,2.0565268122737046,-0.5006919730874186,1.756765164618072,0.31112501204882814,-1.5708666817268948,0.0
258,2.0924624830810914,-0.4917957441738862,1.7217478312361254,0.33726696632891523,-1.5705810848575992,0.0
259,2.126714328650746,-0.4819538676251002,1.6850552565665575,0.364216825227021,-1.5702155364218666,0.0
260,2.159343142090094,-0.47113092463121314,1.646670501553806,0.3919612854709948,-1.5697758506641155,0.0
261,2.190414721741348,-0.4592900920525536,1.6065622811661098,0.4204988099318623,-1.5692676939365633,0.0
262,2.219973404198782,-0.44641152049414495,1.5647234413829172,0.44978046312846814,-1.5687512628370848,0.0
263,2.2476456002340988,-0.43287909431274957,1.521909162863028,0.4786448658861374,-1.5692647949012835,0.0
264,2.2730498790868676,-0.41931517454966716,1.47920583250938,0.5054317187358133,-1.572088616442973,0.0
265,2.2897008544629425,-0.413159290846141,1.4509395748022025,0.5096639047068928,-1.593473344915275,0.0
266,2.296106230136533,-0.41806550412794796,1.443705386912158,0.48123509978494927,-1.6404347233883492,0.0
267,2.299311754747602,-0.4276038031201405,1.4445079696485776,0.4387361508047532,-1.6974384326898633,0.0
268,2.301775782662601,-0.4388565521663091,1.448144247989734,0.3911643979287901,-1.7567081661525532,0.0
269,2.303282544422822,-0.4517126991027327,1.455031290397245,0.3382737397517555,-1.817876485764214,0.0
270,2.3047530652270383,-0.4655452893577234,1.4634173314696417,0.28256399846513985,-1.8782699015999895,0.0
271,2.3065956572915844,-0.48011583871732155,1.4724999079893708,0.22542353772526394,-1.9361574554190801,0.0
272,2.3086794688695798,-0.49556368661986816,1.482599620712959,0.16634983575515408,-1.9913663982156011,0.0
273,2.3108598695936506,-0.512052662350578,1.4941267007104615,0.10449778415260268,-2.0439609927765607,0.0
274,2.3129962938949036,-0.5297141557478096,1.5075180318707937,0.038876662816143326,-2.0940419165984783,0.0
275,2.314964856892698,-0.5486348287550058,1.5232158714308306,-0.0316252571018515,-2.141674028802195,0.0
276,2.3166677537314895,-0.5688475801185154,1.5416527270188696,-0.10823344709272108,-2.1868281514464387,0.0
277,2.31804147625835,-0.590317398380452,1.563229427500787,-0.1922580726529318,-2.2293189357150998,0.0
278,2.3191893636488423,-0.6129459950936799,1.58789183846361,-0.2838684976243483,-2.268265490505471,0.0
279,2.3201251141557115,-0.6364822736067478,1.6156790508508216,-0.3835474846761849,-2.3030064721468575,0.0
280,2.320786249029638,-0.6605045757679897,1.6468385244723853,-0.49272171399847325,-2.333159387134484,0.0
281,2.3211643838782483,-0.6844094939767722,1.6814875924522792,-0.6129452079250552,-2.3580993877641707,0.0
282,2.321387881036263,-0.7075842143199179,1.7189194477912422,-0.7431474331950229,-2.376554144788976,0.0
283,2.3215293584643786,-0.7292450751400112,1.7580239865648453,-0.8809864321241112,-2.387590177052009,0.0
284,2.321878301819171,-0.7577804859218106,1.7874501193321002,-0.9673804085259358,-2.3902013674984333,0.0
285,2.3222163842625254,-0.793059835536603,1.8020199955301648,-0.982732493160601,-2.3901129566563366,0.0
286,2.322412227038702,-0.8260967028898065,1.809581806184783,-0.9750373830820208,-2.389974421219865,0.0
287,2.3224870608130574,-0.858311864321818,1.8137152172181297,-0.9577874722248144,-2.3899131216621203,0.0
288,2.3224662497878854,-0.8900358757675039,1.815405740174737,-0.9350332835180416,-2.3899263282787224,0.0
289,2.3223785543259994,-0.9212666948379831,1.8148580918819535,-0.9079992077838306,-2.3900023992772,0.0
290,2.3222549277516817,-0.9518918323324339,1.8120418065938424,-0.8770696274188237,-2.390121821879599,0.0
291,2.3221281422417057,-0.9817552119687498,1.806854809759453,-0.8423849170853676,-2.3902566248375994,0.0
292,2.3220326951302845,-1.0106785656831279,1.7991729116583581,-0.8040196129590073,-2.390370405116095,0.0
293,2.3220003715810633,-1.0383853513702517,1.7891637557264581,-0.7631078153433865,-2.3904205878487192,0.0
294,2.322029505171992,-1.0646595902705254,1.7774669349623435,-0.7220810023310088,-2.3903988623200916,0.0
295,2.3221024345042673,-1.089594575456146,1.764357020168516,-0.6817225057632589,-2.390326849391137,0.0
296,2.32220199116929,-1.1132353731733273,1.7499682468450044,-0.6423020884918411,-2.3902261379812315,0.0
297,2.3223115010995152,-1.1356122438096363,1.7343913138745044,-0.6039338627893299,-2.3901158331741086,0.0
298,2.322414723761843,-1.1567543213426428,1.7177018805032043,-0.5666800467766037,-2.3900128159464202,0.0
299,2.3224958450643056,-1.1766931720045608,1.6999687254273124,-0.5305814973950302,-2.389931934784945,0.0
300,2.322536300771741,-1.195471092487389,1.6815938946914177,-0.4966114975684139,-2.38988770091561,0.0
301,2.3224841058495644,-1.2132985048675005,1.6639129899437208,-0.46810440928763924,-2.3899059446224427,0.0
302,2.322272354080278,-1.230593136329628,1.6475512853932588,-0.4462240399449243,-2.3899941289143363,0.0
303,2.321843474219237,-1.2476469229498144,1.632881485751139,-0.4313467136175101,-2.3901096681736953,0.0
304,2.3211493264319567,-1.2646859645092448,1.6202055664556283,-0.42365254920232487,-2.390157049819693,0.0
305,2.320151116176738,-1.2818981974656924,1.609795829578557,-0.4232726132488121,-2.389987288695114,0.0
306,2.318819421691238,-1.2994368561284833,1.601896754239935,-0.43030777451639785,-2.389397924150066,0.0
307,2.3171340721249076,-1.3174157931196484,1.5967124550546152,-0.44480545982000474,-2.3881354989635537,0.0
308,2.3150561457056753,-1.3358636285870737,1.5939280785085628,-0.4655539502650472,-2.386036180338186,0.0
309,2.3124751138366295,-1.3545783187116347,1.59174018467044,-0.48770609086310257,-2.383450406668611,0.0
310,2.3093773018249757,-1.3732724324249006,1.5895770402626246,-0.5095261730201112,-2.3805046098369056,0.0
311,2.305758527423748,-1.391844297930736,1.5872918795090083,-0.530576269038468,-2.3772494618627635,0.0
312,2.3016137200054043,-1.4102640998800133,1.5848493078941663,-0.5507854809331181,-2.37371897617649,0.0
313,2.2969370963894136,-1.428522345040564,1.5822486090251517,-0.5701918476456307,-2.3699378218618303,0.0
314,2.2917222089749,-1.446615539300521,1.5795018424259861,-0.5888690629979004,-2.365922401318644,0.0
315,2.285967436148168,-1.4645425507040426,1.5766602699388632,-0.6069875600369179,-2.3616573876959954,0.0
316,2.279683242803675,-1.4823094033309843,1.5738662092265123,-0.6249346968941438,-2.3570530144255737,0.0
317,2.272859992363107,-1.4999319851249342,1.5711708983629151,-0.6428631309495956,-2.352079227904519,0.0
318,2.265485387859604,-1.5174140357498551,1.56859565271689,-0.6608324913727901,-2.3467173891316992,0.0
319,2.2575462414585976,-1.5347543164651147,1.5661539651066256,-0.6788748745650216,-2.3409474749698154,0.0
320,2.2490284478429965,-1.5519498278414674,1.5638569233217592,-0.6970126675443554,-2.334746661126914,0.0
321,2.2399169778886803,-1.5689966414008452,1.5617145538723454,-0.7152630357855103,-2.3280892576987005,0.0
322,2.2301958861567965,-1.585890077025805,1.5597360225921864,-0.7336386843230157,-2.3209468317146777,0.0
323,2.2198483280789088,-1.6026247083448133,1.5579295208364188,-0.7521475948266543,-2.313288384022694,0.0
324,2.2088565862383955,-1.6191943308557282,1.5563020738746316,-0.7707925044223822,-2.3050805684150286,0.0
325,2.197202106467793,-1.6355919311224552,1.5548593412572347,-0.789570348212304,-2.296287954965631,0.0
326,2.184865544959941,-1.6518096688009318,1.553605432617782,-0.8084717369194251,-2.286873341557731,0.0
327,2.171826827802261,-1.6678388757321867,1.552542749758503,-0.8274805010981117,-2.2767981173232212,0.0
328,2.1580652245221144,-1.683670073142175,1.5516718608944615,-0.8465733182968479,-2.266022681360887,0.0
329,2.1435594371490994,-1.699293007658529,1.5509914130673474,-0.8657194419677192,-2.254506919122043,0.0
330,2.128267350295399,-1.7147039021480786,1.550467259788152,-0.8848054037753199,-2.242274015071144,0.0
331,2.112104921424659,-1.7299085385750288,1.5499980225570607,-0.9035624723981253,-2.229483565113065,0.0
332,2.09504258178465,-1.7448860343162502,1.5495565127554591,-0.9219071812577908,-2.216139171986551,0.0
333,2.0770548520544274,-1.759619478759545,1.549136019433469,-0.9398158654524367,-2.2022119229028796,0.0
334,2.058116692051381,-1.7740929068898088,1.5487341311216543,-0.9572760309110777,-2.1876672720498713,0.0
335,2.0382039238213796,-1.7882896484574182,1.5483487872516757,-0.974273266053948,-2.172468655257422,0.0
336,2.0172937077856945,-1.802191937365907,1.5479771931197381,-0.990787524271357,-2.1565785008934797,0.0
337,1.995365084670091,-1.8157808513507152,1.5476155014460748,-1.0067919257980116,-2.1399590223322162,0.0
338,1.9723995941753705,-1.8290363441193724,1.5472587168059406,-1.0222523105810541,-2.122573069505721,0.0
339,1.948381974259805,-1.8419373105411154,1.5469006850689573,-1.0371271026072737,-2.1043850731089564,0.0
340,1.92330094036003,-1.8544616691966265,1.5465341307999163,-1.0513673778637445,-2.0853620841469924,0.0
341,1.8971500392283238,-1.8665864589415233,1.5461507345334295,-1.0649171247616316,-2.065474903475225,0.0
342,1.8699285667581398,-1.8782879479111123,1.5457412448420895,-1.0777136961599247,-2.044699290187828,0.0
343,1.8416425327409014,-1.8895417552635618,1.545295623926263,-1.089688464430257,-2.0230172308222203,0.0
344,1.8123056480396535,-1.9003229853909966,1.544803222243192,-1.10076767870322,-2.0004182422659675,0.0
345,1.7819010882315416,-1.9106161389772294,1.5442425424226005,-1.1108538846212963,-1.976973654809974,0.0
346,1.7503573107128376,-1.9204160116334095,1.5435740104503628,-1.1198273102778156,-1.952883636808437,0.0
347,1.7177026117445517,-1.9296893465629195,1.542780812805862,-1.1276227944929418,-1.9281971470979131,0.0
348,1.6839828292748926,-1.9384016446355148,1.541850606360093,-1.1341883313141294,-1.902944806424861,0.0
349,1.6492574697350073,-1.9465180623989302,1.5407720747876477,-1.1394748230996938,-1.8771637763891662,0.0
350,1.6136004233898655,-1.954003625519553,1.5395345553551938,-1.143435138314553,-1.850901227076616,0.0
351,1.5771003446195984,-1.9608236732037132,1.5381282467078712,-1.1460252373733506,-1.8242150529959054,0.0
352,1.5398605987096494,-1.966944398754745,1.5365445572417662,-1.147205802748371,-1.7971739153657313,0.0
353,1.5019986999649,-1.9723334518273878,1.5347764909877826,-1.146943983897433,-1.7698567978950421,0.0
354,1.4636451858728008,-1.976960585539815,1.5328190373563304,-1.14521510424215,-1.7423520668968286,0.0
355,1.424941903366296,-1.9807983303485543,1.530669543617172,-1.1420042202567453,-1.7147560324005304,0.0
356,1.3860397236134419,-1.9838226711203029,1.5283280490219755,-1.1373074264119414,-1.6871710420865818,0.0
357,1.3470957475543497,-1.9860136991424489,1.5257975612921926,-1.131132814298181,-1.6597031809536595,0.0
358,1.3082701109980743,-1.9873562066376664,1.5230842562075884,-1.123501006532711,-1.6324596897241948,0.0
359,1.2697225389725841,-1.9878401901949754,1.520197585129206,-1.1144452157634086,-1.6055462470500077,0.0
360,1.2315524430834754,-1.9874637708861942,1.5171576849217665,-1.1040419172800469,-1.5791427562363645,0.0
361,1.1937941499105338,-1.9862278920183924,1.5139959718983804,-1.0924307279708683,-1.5535138805771516,0.0
362,1.1565923082755545,-1.9841300638758783,1.510733023593081,-1.0797165178287298,-1.5287614577471715,0.0
363,1.1200859928565667,-1.981173298159512,1.507389290597697,-1.066001409901747,-1.5049516383642447,0.0
364,1.0844017479252597,-1.9773669895118091,1.5039870502902666,-1.0513905711857403,-1.4821337653830762,0.0
365,1.0496514782556539,-1.9727268099509265,1.5005502958578267,-1.03599111869619,-1.4603420835110645,0.0
366,1.0159310131912944,-1.9672742945030015,1.4971042078144086,-1.0199097836794564,-1.439596024898779,0.0
367,0.9833193457347637,-1.961036239650644,1.4936745364135209,-1.0032504761491614,-1.4199008352852485,0.0
368,0.9518785154673686,-1.9540439713645896,1.490286986786314,-0.9861120640298726,-1.401248664924613,0.0
369,0.9216540635288138,-1.9463325312462363,1.486966651558944,-0.9685865022117635,-1.3836200379838008,0.0
370,0.8926759597747164,-1.9379398277903979,1.483737522499114,-0.9507573887164612,-1.3669855796387635,0.0
371,0.8649598873424291,-1.9289057950932573,1.4806221009885319,-0.9326989780316832,-1.3513078785724884,0.0
372,0.8385087680045181,-1.919271594738697,1.4776411180719293,-0.9144756483419902,-1.336543373853356,0.0
373,0.8133144190517206,-1.9090788883725425,1.4748133665460967,-0.8961417931677436,-1.3226441751439413,0.0
374,0.7893592473058366,-1.8983691987481985,1.4721556384861012,-0.8777420828107335,-1.309559747137786,0.0
375,0.7665802255414514,-1.8871793924241282,1.469714349342138,-0.8594028429292645,-1.2973105016579236,0.0
376,0.7448863816112272,-1.8755411726960276,1.4675611818374874,-0.8413372805123244,-1.2859723372339826,0.0
377,0.7242520966975292,-1.8634921574816032,1.46571453105433,-0.8236159062408546,-1.2754969168567205,0.0
378,0.704649035997536,-1.851065686533318,1.464180975709537,-0.8062706527269885,-1.2658197472306965,0.0
379,0.6860456692262539,-1.8382929088570668,1.4629626244429184,-0.789317910768547,-1.2568759321142655,0.0
380,0.6684081756692717,-1.8252031610423467,1.4620586972872076,-0.772763664133082,-1.2486026589414507,0.0
381,0.6517012315318572,-1.8118239824336824,1.461466078653244,-0.7566053161003677,-1.2409399998520327,0.0
382,0.6358886814368238,-1.7981811053915646,1.4611796908789234,-0.7408329046341202,-1.2338313740721498,0.0
383,0.6209341008646262,-1.7842984763787582,1.461192838391827,-0.7254301894334588,-1.2272238493213987,0.0
384,0.6068012581308925,-1.7701983096615344,1.4614975421306782,-0.7103756829755763,-1.2210683233145512,0.0
385,0.5934544857331404,-1.7559011666193234,1.462084862773911,-0.6956436309651308,-1.215319610484494,0.0
386,0.5808589717221176,-1.7414260523872687,1.4629452077640988,-0.6812049353901091,-1.2099364549059886,0.0
387,0.5689809816186135,-1.7267905228673694,1.4640686190167806,-0.6670280181121617,-1.2048814875646052,0.0
388,0.5577880211616851,-1.7120107965705684,1.465445039912915,-0.6530796268437662,-1.200121142563753,0.0
389,0.5472489492846568,-1.6971018665833772,1.4670645606693298,-0.6393255855271037,-1.1956255448266209,0.0
390,0.5373132331751336,-1.682075771576221,1.468977683250985,-0.6258880058776317,-1.1914252456104908,0.0
391,0.5279240191029169,-1.6669442381824966,1.4712688290967235,-0.6129994103882701,-1.1875802922250005,0.0
392,0.519057787834687,-1.65172202187868,1.4739369141211858,-0.6006844104723416,-1.1840678878929922,0.0
393,0.5106925567995587,-1.636416312310166,1.4769661801502663,-0.5889230656445604,-1.1808571438135653,0.0
394,0.5028075333517812,-1.621031971214652,1.4803375013144902,-0.5776846458708832,-1.177918450483692,0.0
395,0.49538310245051465,-1.605572742621063,1.4840307414411027,-0.5669345229489475,-1.1752245159784451,0.0
396,0.48840080450157886,-1.5900416012177485,1.4880254090021447,-0.5566358864517588,-1.1727504382057032,0.0
397,0.4818433074433766,-1.5744409264389194,1.4923009678350765,-0.5467504380316287,-1.1704736564356977,0.0
398,0.47569437526427816,-1.5587726347742619,1.4968370640892945,-0.5372388627755816,-1.1683738814668738,0.0
399,0.46993883411061915,-1.5430382949567651,1.5016137191948191,-0.5280612317650963,-1.1664330188017864,0.0
400,0.4645625367967764,-1.5272392305934277,1.5066114995593625,-0.5191773690734593,-1.1646350887048091,0.0
401,0.45955232639890586,-1.511376611031713,1.511811666286579,-0.5105471932406475,-1.1629661454820819,0.0
402,0.4548959995209446,-1.495451530688543,1.5171963068557215,-0.5021310384194912,-1.1614141976163601,0.0
403,0.45058226972501303,-1.479465077226658,1.5227484507501923,-0.4938899601510575,-1.1599691296474768,0.0
404,0.4466007315905732,-1.4634183891022934,1.5284521709693937,-0.48578603031814815,-1.1586226261907757,0.0
405,0.4429421498520336,-1.4473126477445675,1.5342898560867066,-0.4777754051102922,-1.1573670405103542,0.0
406,0.43959868359578985,-1.431149018845409,1.5402396666951756,-0.46980072790364263,-1.156194628168676,0.0
407,0.4365631234792218,-1.4149286827211964,1.5462814717234603,-0.46180546369116315,-1.1551000071151079,0.0
408,0.43382894772538544,-1.3986533025020218,1.5523969904662998,-0.4537350067428986,-1.1540800881111526,0.0
409,0.4313903011418342,-1.3823250647387084,1.5585698936736505,-0.4455371473264908,-1.1531340112858217,0.0
410,0.42924197312500667,-1.3659466885927498,1.5647858726887038,-0.43716246348282495,-1.152263090384096,0.0
411,0.4273793761249681,-1.3495214241524955,1.571032706190059,-0.4285647314432854,-1.1514707589380941,0.0
412,0.42579852545936575,-1.3330530456196306,1.577300332175824,-0.41970137757866244,-1.1507625133743444,0.0
413,0.4244704693152368,-1.3165668648571869,1.5841560798145364,-0.4120144328943687,-1.1502256361682521,0.0
414,0.42336217602593856,-1.3001037936017756,1.592257938647152,-0.40739148914689344,-1.1499192811524843,0.0
415,0.42246732836268464,-1.2836679270763445,1.6016042871766352,-0.40614127206813294,-1.1497896870644866,0.0
416,0.42177876897746636,-1.2671980278604236,1.6120923066204482,-0.4082704284614663,-1.1497764207756132,0.0
417,0.4212881874002408,-1.2506139892063841,1.623592634564615,-0.4137194825518411,-1.1498252525534443,0.0
418,0.42098607784978426,-1.2338266495494012,1.6359657839052817,-0.4224111574164807,-1.1498897626072646,0.0
419,0.4208617541712552,-1.2167407444931235,1.6490684687193702,-0.43426657824359727,-1.1499313486641962,0.0
420,0.4208960472162642,-1.19921783553776,1.6640182941938202,-0.4527241765998689,-1.1499149406634854,0.0
421,0.42103639096298373,-1.1810191780787596,1.681742536334598,-0.4814978079254301,-1.1498061223663145,0.0
422,0.4212056390854078,-1.1617758176239232,1.7018639744776585,-0.5211717272965806,-1.1496299705000739,0.0
423,0.42130638726123226,-1.1409358541575583,1.7237013652707074,-0.5715936559833311,-1.1494930432557267,0.0
424,0.4212698338856773,-1.1185930625976264,1.7435082433228015,-0.6225846750331228,-1.1495164411956003,0.0
425,0.4211565551477336,-1.095073058952963,1.759253439773942,-0.666625967239285,-1.1496327998519742,0.0
426,0.42104073469513387,-1.0706294077450964,1.7710277578336922,-0.7023973029131741,-1.1497461731975993,0.0
427,0.4209839420722204,-1.0456076374837806,1.7793058262479802,-0.7300749056403254,-1.1498014875701241,0.0
428,0.42101132470418473,-1.0194849486117021,1.7863759047437573,-0.7571680987275239,-1.1497883612044546,0.0
429,0.4210949699240041,-0.9920886587631852,1.7931939685132872,-0.7877125058455718,-1.1497187814924756,0.0
430,0.42119909712280307,-0.963377701056004,1.799709051634064,-0.8223414321748467,-1.149616925633038,0.0
431,0.42128486442883367,-0.9332145619007721,1.8056791371259047,-0.861068671215215,-1.1495205609376948,0.0
432,0.4213098586339177,-0.9014490581917486,1.8108106661143,-0.9037709843132207,-1.1494822063936652,0.0
433,0.4212281241414631,-0.8679379448405997,1.814783601540384,-0.9502695112070128,-1.1495692438230256,0.0
434,0.4210045741933571,-0.8332994725776657,1.8165864516902048,-0.9964778486623201,-1.149829159786207,0.0
435,0.4207976318137498,-0.8023203041418604,1.812538502129933,-1.0186529133754834,-1.150000060720543,0.0
436,0.42079941850641694,-0.7761131129262144,1.802196729407978,-1.0089578857500463,-1.1500617620720495,0.0
437,0.42102223785884774,-0.7546240446975897,1.7857809302044156,-0.9661727255994226,-1.1507005917414097,0.0
438,0.4213469295490966,-0.7363976918448432,1.7638304417691462,-0.8946094381354526,-1.1531451659278216,0.0
439,0.4217872756725267,-0.7180285737800925,1.7393553631904592,-0.8116716653846172,-1.1578973924097895,0.0
440,0.4222540218209009,-0.6994389603406829,1.7132733361500037,-0.7216636719370385,-1.1654431422766585,0.0
441,0.42261475123063486,-0.6805626963290151,1.6855022737249208,-0.6248655665892924,-1.1764054554985501,0.0
442,0.4228003125252302,-0.6610546035052426,1.656322266268792,-0.5229013089465224,-1.191161314512002,0.0
443,0.423156404009091,-0.6404976786354926,1.628502730050433,-0.4247457620489523,-1.2084688353935773,0.0
444,0.42375953081544837,-0.619550887250628,1.603034472395741,-0.3326079293460699,-1.2277076178096855,0.0
445,0.42460133432374486,-0.598672696632528,1.5800070669311594,-0.24600053457096768,-1.2486468728548188,0.0
446,0.42564547762696814,-0.5781147383437344,1.5592432431848593,-0.1638908289221281,-1.2712149929461258,0.0
447,0.4268303333033918,-0.5580013016586703,1.5404492854910274,-0.08514226514203384,-1.2954484701241171,0.0
448,0.4280727636339137,-0.5383598288770778,1.523269715216264,-0.00863330617230936,-1.3214591878942998,0.0
449,0.42928539701711643,-0.5191545594510241,1.5073736717430344,0.06658139373292396,-1.3493647065152037,0.0
450,0.430476729262856,-0.5004324968952415,1.4928686170192493,0.14045273480282883,-1.3789792214856795,0.0
451,0.4315975971390701,-0.48218592368352486,1.4796436460062377,0.21331965320515095,-1.410234240128948,0.0
452,0.43257995061972465,-0.4643397320488797,1.4675006157448964,0.2857040196600286,-1.443108079311286,0.0
453,0.4334281125579668,-0.4469119018050219,1.4565317665725777,0.357604238832171,-1.4773694769277355,0.0
454,0.43472015445943046,-0.4310006132338014,1.4490618959849466,0.4249856850899791,-1.5112970498381697,0.0
455,0.43680775282659967,-0.41755296163199335,1.446462562238296,0.4853355637639022,-1.5437205580458968,0.0
456,0.44386638923503846,-0.41515830161492606,1.4639313946925558,0.5116831411485518,-1.5645568088067285,0.0
457,0.45730366112181026,-0.4258645424910745,1.5034988045270858,0.49623475435651315,-1.5702856209719331,0.0
458,0.4730252546952406,-0.43959197867864214,1.547206590915809,0.4678441840196002,-1.570935355120818,0.0
459,0.48970788740958326,-0.45263063570007755,1.5893743084761462,0.43871724233118137,-1.5710005899577812,0.0
460,0.5074321690223131,-0.46470064393589633,1.6298618184432923,0.41014277096490226,-1.5709968185623817,0.0
461,0.5262798744081041,-0.4758050189028297,1.668696110762653,0.38224113440480467,-1.5709829940148294,0.0
462,0.5463379368244942,-0.4859719666953602,1.7059050527187807,0.35502562078046723,-1.570965671382192,0.0
463,0.5676987676006522,-0.4952303788493099,1.741503555296393,0.3285100324279913,-1.570945374519321,0.0
464,0.5904598498655961,-0.5036084505836691,1.775493174826959,0.30271987449011106,-1.5709220858792334,0.0
465,0.6147218934516965,-0.5111337435363312,1.8078613225398061,0.2776973366246378,-1.5708980359596547,0.0
466,0.6405896636541054,-0.5178363232087368,1.8385856621232926,0.25349488833764744,-1.570874313381138,0.0
467,0.6681701481251004,-0.5237493355540379,1.8676340196611887,0.23017649765103007,-1.5708511450317801,0.0
468,0.6975700205071718,-0.528909480794359,1.8949644665781964,0.20781929045602557,-1.5708286783517413,0.0
469,0.7288927800120519,-0.5333577163946664,1.9205261942069636,0.18651357412101666,-1.570807073624738,0.0
470,0.762235094032632,-0.5371397475576395,1.9442605554605912,0.16636233348381368,-1.5707865169333266,0.0
471,0.797682291968455,-0.5403061876866018,1.966102318736164,0.1474801800344607,-1.5707672235553414,0.0
472,0.8353030244094205,-0.542912295610831,1.9859811877131595,0.12999162118186053,-1.5707494394434023,0.0
473,0.8751432018697332,-0.5450172055143916,2.003823625578563,0.11402852741266836,-1.5707334412027694,0.0
474,0.9172194601717613,-0.5466825905896062,2.0195549972628664,0.0997267197629608,-1.5707195342024063,0.0
475,0.9615125582864048,-0.5479707472716787,2.0331020077559123,0.08722167903333997,-1.57070804799336,0.0
476,1.0079612766168329,-0.5489421534365121,2.044395370200378,0.07664348957225832,-1.5706993288525812,0.0
477,1.056457517351013,-0.5496526375229592,2.0533725888185956,0.06811125857358949,-1.5706937291137208,0.0
478,1.106843368833458,-0.5501503807590712,2.059980695216967,0.06172738468781561,-1.5706915934238326,0.0
479,1.158910840819932,-0.5504730437372063,2.064178742241118,0.057572156585232015,-1.5706932425518418,0.0
480,1.2124047793146038,-0.5506453417376852,2.065939848028006,0.05569920803226764,-1.5706989561470093,0.0
481,1.2670291331553094,-0.5506773706805527,2.065252600078615,0.05613232764342257,-1.570708955719768,0.0
482,1.3224563156074294,-0.5505639080739615,2.0621216792652963,0.058863994592873434,-1.570723390206637,0.0
483,1.3783389659329648,-0.5502847857774601,2.0565676378458644,0.06385582084595874,-1.5707423257365993,0.0
484,1.4343230654941703,-0.5498062848634279,2.048625853667552,0.07104084435123212,-1.5707657407203541,0.0
485,1.4900611836006514,-0.549083365550398,2.038344766011212,0.08032739808424882,-1.5707935272857412,0.0
486,1.545224657576194,-0.5480624481464182,2.0257835626285394,0.09160411431746869,-1.5708254983404553,0.0
487,1.5995137330134293,-0.5466844208180506,2.0110095222968916,0.10474554009738735,-1.570861399648567,0.0
488,1.6526650393552724,-0.5448875653824403,1.9940952194974189,0.11961784928221053,-1.5709009250587822,0.0
489,1.7044561676580605,-0.5426101527441889,1.9751157736172216,0.136084213916746,-1.5709437330109859,0.0
490,1.7547074703639791,-0.5397925428533765,1.9541462828747795,0.1540095200144809,-1.5709894629312882,0.0
491,1.8032814648520237,-0.5363787104843999,1.9312595337267198,0.17326424692682665,-1.571037750224971,0.0
492,1.850080371547576,-0.5323171916362243,1.9065240283993863,0.1937274542674108,-1.5710882386735423,0.0
493,1.8950423612188385,-0.5275614989973313,1.880002332727059,0.2152889146722053,-1.5711405900303321,0.0
494,1.9381390723527891,-0.522069477525635,1.851748177808834,0.23785270179047993,-1.5711908894915798,0.0
495,1.9794011220725263,-0.5157905837950655,1.8217783411056574,0.26137625076918003,-1.5711751910831961,0.0
496,2.01885399489504,-0.508677989644107,1.7901112536890051,0.2858159323651939,-1.5710665049774657,0.0
497,2.0565268122727667,-0.5006919730971897,1.7567651646221285,0.3111250120148573,-1.5708666817049848,0.0
498,2.0924624830816962,-0.4917957441703451,1.7217478312356091,0.33726696635082193,-1.570581084855204,0.0
499,2.126714328650453,-0.48195386761134024,1.685055256559777,0.36421682528467686,-1.5702155364459434,0.0
500,2.159343142090359,-0.47113092463738415,1.6466705015579013,0.3919612854528014,-1.569775850666869,0.0
501,2.190414721740146,-0.45929009208541044,1.6065622811850178,0.42049880981140136,-1.5692676939365697,0.0
502,2.2199734041979986,-0.44641152051446237,1.5647234413959763,0.4497804630562718,-1.5687512628370643,0.0
503,2.247645600235808,-0.43287909431049415,1.521909162857228,0.4786448658780174,-1.5692647948715535,0.0
504,2.273049879087013,-0.4193151745252976,1.4792058324947626,0.5054317188449868,-1.5720886164409287,0.0
505,2.2897008544635598,-0.4131592908439147,1.4509395748023222,0.5096639047231116,-1.593473344883058,0.0
506,2.296106230135287,-0.4180655041320538,1.4437053869160719,0.4812350997758965,-1.6404347233895318,0.0
507,2.2993117547478827,-0.42760380314622426,1.4445079696679424,0.43873615069648264,-1.6974384326737195,0.0
508,2.3017757826641128,-0.4388565521579819,1.4481442479818063,0.3911643979534588,-1.7567081661982609,0.0
509,2.3032825444222365,-0.4517126991072314,1.4550312904005824,0.33827373973393876,-1.8178764857470873,0.0
510,2.3047530652249453,-0.4655452893417833,1.463417331454451,0.2825639985086147,-1.8782699016819548,0.0
511,2.3065956572935757,-0.48011583872720764,1.4724999079957835,0.22542353767516166,-1.9361574553756744,0.0
512,2.3086794688701606,-0.49556368667245515,1.4825996207641212,0.16634983553525345,-1.9913663982129852,0.0
513,2.3108598695948346,-0.5120526624167803,1.4941267007766887,0.10449778387022472,-2.043960992742946,0.0
514,2.312996293894548,-0.529714155759931,1.5075180318864736,0.03887666273175842,-2.0940419165180586,0.0
515,2.3149648568906653,-0.5486348286846778,1.5232158713525368,-0.03162525680195339,-2.1416740287940437,0.0
516,2.316667753731618,-0.5688475801925322,1.5416527271069331,-0.10823344740670196,-2.186828151525475,0.0
517,2.3180414762579176,-0.590317398388026,1.5632294275111214,-0.19225807268357664,-2.2293189357139545,0.0
518,2.3191893636495196,-0.6129459951014026,1.5878918384738356,-0.2838684976526838,-2.2682654904545543,0.0
519,2.320125114154608,-0.6364822736470664,1.6156790509073773,-0.38354748486763995,-2.303006472182042,0.0
520,2.320786249030696,-0.660504575805601,1.6468385245280355,-0.49272171419936933,-2.333159387139985,0.0
521,2.321164383879423,-0.6844094940952178,1.6814875926533608,-0.6129452086301705,-2.3580993877895047,0.0
522,2.321387881036334,-0.7075842143699163,1.7189194478813414,-0.7431474335013475,-2.3765541447881966,0.0
523,2.3215293584625667,-0.7292450753214587,1.7580239869421295,-0.8809864334477219,-2.387590177098334,0.0
524,2.321878301818841,-0.7577804859824216,1.7874501194751207,-0.9673804090569942,-2.390201367506374,0.0
525,2.3222163842616705,-0.7930598355480301,1.8020199955534133,-0.9827324932336892,-2.390112956649224,0.0
526,2.322412227039159,-0.8260967029008074,1.8095818062072127,-0.9750373831566088,-2.3899744212187994,0.0
527,2.3224870608133017,-0.8583118643315706,1.8137152172384932,-0.9577874722973624,-2.389913121661873,0.0
528,2.322466249787406,-0.89003587576795,1.8154057401733916,-0.9350332835070462,-2.3899263282800725,0.0
529,2.3223785543259012,-0.9212666948582898,1.8148580919211696,-0.9079992079173277,-2.3900023992770887,0.0
530,2.3222549277519238,-0.9518918323345648,1.8120418066004151,-0.8770696274466993,-2.390121821879693,0.0
531,2.322128142241823,-0.9817552119648751,1.8068548097516635,-0.8423849170614229,-2.3902566248366774,0.0
532,2.3220326951302366,-1.0106785656939798,1.7991729116744701,-0.8040196130091629,-2.390370405116557,0.0
533,2.3220003715808155,-1.038385351405649,1.7891637557916291,-0.7631078155714006,-2.390420587850611,0.0
534,2.3220295051710766,-1.0646595902856881,1.7774669349890662,-0.7220810024262437,-2.3903988623473125,0.0
535,2.322102434504441,-1.0895945754320016,1.7643570201294694,-0.681722505633163,-2.3903268494192176,0.0
536,2.322201991169276,-1.1132353732071634,1.749968246899485,-0.6423020886825507,-2.39022613800934,0.0
537,2.322311501099044,-1.1356122437586817,1.7343913137958713,-0.6039338625255272,-2.39011583320331,0.0
538,2.322414723762432,-1.1567543213296752,1.7177018804842212,-0.5666800467168804,-2.39001281594878,0.0
539,2.3224958450641764,-1.1766931720285352,1.6999687254610816,-0.5305814974951695,-2.3899319347625005,0.0
540,2.322536300771252,-1.1954710924992404,1.6815938947094689,-0.49661149763098145,-2.389887700913919,0.0
541,2.3224841058483965,-1.21329850485475,1.66391298992565,-0.4681044092243001,-2.3899059446228663,0.0
542,2.32227235408085,-1.230593136299514,1.6475512853493266,-0.44622403979535286,-2.3899941288974262,0.0
543,2.3218434742195573,-1.2476469229381313,1.6328814857351064,-0.43134671356441934,-2.3901096681710197,0.0
544,2.321149326432437,-1.2646859644887412,1.6202055664251422,-0.4236525490993431,-2.390157049818716,0.0
545,2.3201511161766475,-1.2818981974624937,1.6097958295736423,-0.4232726132316095,-2.389987288694996,0.0
546,2.3188194216912197,-1.2994368561262803,1.6018967542360991,-0.43030777450337643,-2.3893979241502445,0.0
547,2.317134072125065,-1.317415793119128,1.5967124550541827,-0.4448054598190968,-2.3881354989640635,0.0
548,2.315056145705736,-1.3358636285968473,1.5939280785228793,-0.4655539503115949,-2.386036180335138,0.0
549,2.312475113837416,-1.354578318679046,1.591740184619716,-0.4877060906983016,-2.3834504066602764,0.0
550,2.3093773018249966,-1.373272432402847,1.5895770402276581,-0.5095261729097217,-2.3805046098428955,0.0
551,2.3057585274233348,-1.391844297926586,1.5872918795024933,-0.5305762690219399,-2.3772494618693987,0.0
552,2.3016137200058058,-1.4102640998855032,1.58484930790323,-0.5507854809643661,-2.3737189761770505,0.0
553,2.296937096388954,-1.4285223450254718,1.5822486089994896,-0.5701918475615915,-2.3699378218599176,0.0
554,2.2917222089745937,-1.4466155393031301,1.5795018424311047,-0.5888690630140819,-2.3659224013207476,0.0
555,2.2859674361483524,-1.4645425506908343,1.576660269915052,-0.6069875599597937,-2.3616573876923526,0.0
556,2.2796832428040523,-1.482309403324621,1.5738662092161073,-0.6249346968626971,-2.3570530144302704,0.0
557,2.2728599923632875,-1.499931985128458,1.5711708983688997,-0.6428631309654346,-2.3520792279007194,0.0
558,2.265485387859742,-1.517414035729538,1.5685956526790987,-0.6608324912501636,-2.346717389131294,0.0
559,2.2575462414587655,-1.5347543164621995,1.5661539651007512,-0.6788748745481331,-2.3409474749513395,0.0
560,2.249028447843266,-1.551949827846254,1.5638569233309727,-0.6970126675746228,-2.334746661126208,0.0
561,2.2399169778893713,-1.5689966413980316,1.5617145538672632,-0.7152630357748055,-2.3280892577036156,0.0
562,2.2301958861567703,-1.5858900770340891,1.559736022609288,-0.7336386843810752,-2.320946831708195,0.0
563,2.219848328078274,-1.602624708327709,1.5579295208017616,-0.7521475947153261,-2.313288384029764,0.0
564,2.208856586238869,-1.619194330827834,1.5563020738165794,-0.7707925042312349,-2.3050805684145104,0.0
565,2.1972021064674534,-1.6355919311138012,1.554859341239048,-0.7895703481542686,-2.2962879549775503,0.0
566,2.1848655449594987,-1.6518096688099246,1.5536054326359803,-0.8084717369754384,-2.2868733415638793,0.0
567,2.1718268278010844,-1.6678388757673808,1.552542749836498,-0.8274805013566607,-2.2767981173279392,0.0
568,2.158065224521601,-1.683670073141644,1.5516718608947027,-0.8465733183020573,-2.2660226813648667,0.0
569,2.143559437149065,-1.6992930076556925,1.550991413060713,-0.8657194419457394,-2.254506919116842,0.0
570,2.128267350296491,-1.7147039021201633,1.5504672597230793,-0.8848054035620734,-2.242274015074545,0.0
571,2.112104921423008,-1.7299085385881696,1.5499980225862262,-0.903562472485036,-2.229483565117632,0.0
572,2.095042581784757,-1.744886034315628,1.549556512752988,-0.9219071812474617,-2.2161391719930097,0.0
573,2.07705485205335,-1.7596194787847812,1.5491360194973944,-0.9398158656667541,-2.202211922905946,0.0
574,2.0581166920508656,-1.774092906895112,1.5487341311372804,-0.9572760309695805,-2.187667272051623,0.0
575,2.038203923822164,-1.788289648437566,1.5483487871998012,-0.9742732658794079,-2.1724686552489203,0.0
576,2.0172937077853277,-1.8021919373719661,1.54797719313568,-0.99078752432513,-2.156578500884536,0.0
577,1.995365084670759,-1.815780851346732,1.547615501434453,-1.0067919257575693,-2.1399590223274605,0.0
578,1.9723995941747816,-1.8290363441106825,1.5472587167814844,-1.0222523105013304,-2.122573069509807,0.0
579,1.9483819742594726,-1.841937310532937,1.5469006850445786,-1.0371271025261624,-2.1043850730849125,0.0
580,1.9233009403598318,-1.854461669203689,1.5465341308195248,-1.051367377925163,-2.0853620841480733,0.0
581,1.897150039228005,-1.8665864589474344,1.5461507345499554,-1.0649171248162195,-2.065474903456418,0.0
582,1.8699285667583134,-1.8782879479111996,1.5457412448411771,-1.077713696154864,-2.0446992901845698,0.0
583,1.8416425327404236,-1.8895417552670406,1.5452956239351616,-1.0896884644564835,-2.0230172308053436,0.0
584,1.8123056480405346,-1.90032298539671,1.5448032222632169,-1.1007676787752279,-2.0004182422460723,0.0
585,1.7819010882313726,-1.9106161389859753,1.5442425424491764,-1.1108538847115956,-1.976973654803627,0.0
586,1.7503573107121433,-1.9204160116292563,1.5435740104354665,-1.1198273102241934,-1.952883636805992,0.0
587,1.7177026117436756,-1.9296893465686487,1.5427808128239202,-1.1276227945540347,-1.9281971471082566,0.0
588,1.6839828292745704,-1.9384016446336534,1.5418506063555046,-1.1341883313018257,-1.90294480644806,0.0
589,1.64925746973411,-1.9465180624017622,1.5407720747967182,-1.1394748231305785,-1.877163776392571,0.0
590,1.6136004233892358,-1.9540036255167081,1.5395345553451498,-1.1434351382786243,-1.8509012270595309,0.0
591,1.577100344619987,-1.960823673202587,1.5381282467038238,-1.1460252373572977,-1.8242150529909158,0.0
592,1.5398605987112437,-1.9669443987531803,1.536544557236485,-1.147205802728263,-1.7971739153612616,0.0
593,1.5019986999657537,-1.9723334518231144,1.534776490973127,-1.1469439838453879,-1.7698567979023323,0.0
594,1.463645185872445,-1.9769605855399486,1.5328190373571402,-1.1452151042465757,-1.7423520669064514,0.0
595,1.424941903365814,-1.980798330349212,1.5306695436173783,-1.142004220254005,-1.714756032424272,0.0
596,1.3860397236123791,-1.9838226711204405,1.5283280490226159,-1.1373074264158696,-1.6871710420751467,0.0
597,1.347095747555297,-1.9860136991432187,1.5257975612960084,-1.1311328143138022,-1.65970318095781,0.0
598,1.3082701109974815,-1.9873562066383816,1.5230842562093128,-1.1235010065383593,-1.6324596897349084,0.0
599,1.2697225389702165,-1.9878401901933804,1.520197585123675,-1.1144452157455222,-1.6055462470662696,0.0
600,1.2315524430844051,-1.9874637708894183,1.5171576849328992,-1.1040419173217375,-1.579142756238471,0.0
601,1.1937941499065774,-1.9862278920202971,1.5139959719039031,-1.0924307279911467,-1.553513880577981,0.0
602,1.156592308273083,-1.9841300638839083,1.5107330236162966,-1.0797165179066897,-1.528761457787923,0.0
603,1.120085992856666,-1.981173298159236,1.50738929059691,-1.0660014098994453,-1.5049516383635164,0.0
604,1.0844017479252157,-1.9773669895066366,1.5039870502757546,-1.0513905711359164,-1.482133765369224,0.0
605,1.0496514782586788,-1.9727268099523327,1.5005502958630823,-1.0359911187150779,-1.460342083499735,0.0
606,1.0159310131897425,-1.9672742945079458,1.4971042078286683,-1.0199097837327378,-1.439596024887306,0.0
607,0.9833193457369281,-1.9610362396654897,1.4936745364543136,-1.0032504762785688,-1.4199008353131422,0.0
608,0.9518785154673837,-1.954043971363497,1.490286986785532,-0.9861120640323425,-1.4012486649173534,0.0
609,0.921654063529753,-1.94633253123721,1.486966651534866,-0.968586502132429,-1.3836200379853265,0.0
610,0.8926759597754073,-1.937939827796652,1.4837375225151463,-0.9507573887658641,-1.3669855796528267,0.0
611,0.864959887342121,-1.9289057951009734,1.4806221010077747,-0.9326989780888562,-1.351307878574118,0.0
612,0.8385087680048916,-1.9192715947531418,1.477641118107429,-0.9144756484487958,-1.3365433738440822,0.0
613,0.8133144190504816,-1.9090788883696757,1.4748133665381014,-0.8961417931426366,-1.3226441751594664,0.0
614,0.7893592473074439,-1.898369198739197,1.472155638465781,-0.8777420827487831,-1.3095597471269596,0.0
615,0.7665802255411412,-1.8871793924280522,1.469714349352663,-0.8594028429672264,-1.2973105016811166,0.0
616,0.7448863816141309,-1.875541172708591,1.4675611818675391,-0.8413372806046334,-1.2859723372116316,0.0
617,0.7242520966971498,-1.863492157466534,1.4657145310198971,-0.8236159061343046,-1.275496916850741,0.0
618,0.704649035996186,-1.8510656865159145,1.4641809756702653,-0.8062706526103197,-1.2658197472599722,0.0
619,0.6860456692265045,-1.8382929088388322,1.4629626244019698,-0.7893179106426912,-1.2568759320809093,0.0
620,0.6684081756687377,-1.8252031610420456,1.4620586972852354,-0.7727636641231906,-1.2486026589127441,0.0
621,0.6517012315336413,-1.8118239824256666,1.461466078636041,-0.7566053160471713,-1.2409399998341375,0.0
622,0.6358886814359358,-1.7981811053959542,1.4611796908879018,-0.7408329046601795,-1.2338313740651814,0.0
623,0.6209341008653331,-1.784298476382202,1.4611928383987218,-0.7254301894537591,-1.2272238493405867,0.0
624,0.6068012581312504,-1.7701983096744238,1.4614975421568015,-0.7103756830525423,-1.2210683233176827,0.0
625,0.5934544857334871,-1.7559011666226714,1.46208486278129,-0.6956436309866849,-1.215319610465916,0.0
626,0.5808589717222933,-1.7414260523729537,1.4629452077357807,-0.6812049353029773,-1.2099364548916811,0.0
627,0.5689809816193035,-1.7267905228554699,1.4640686189925112,-0.6670280180352928,-1.2048814875667624,0.0
628,0.557788021160204,-1.7120107965676394,1.4654450399061476,-0.6530796268220315,-1.2001211425779728,0.0
629,0.5472489492851316,-1.6971018665808162,1.4670645606646227,-0.6393255855155678,-1.195625544844169,0.0
630,0.5373132331747407,-1.6820757715708359,1.4689776832397623,-0.6258880058402384,-1.1914252456132772,0.0
631,0.5279240191017359,-1.6669442381928534,1.471268829116323,-0.612999410448896,-1.1875802922574468,0.0
632,0.5190577878349567,-1.651722021898526,1.473936914157437,-0.6006844105777983,-1.1840678878981254,0.0
633,0.5106925568001033,-1.6364163123190123,1.4769661801663125,-0.5889230656927629,-1.1808571438060393,0.0
634,0.5028075333508794,-1.6210319712080705,1.4803375013028282,-0.5776846458373736,-1.1779184504667681,0.0
635,0.4953831024502312,-1.605572742619676,1.48403074143763,-0.566934522934963,-1.1752245159722663,0.0
636,0.4884008045019885,-1.5900416012194538,1.488025409005279,-0.5566358864624587,-1.172750438200487,0.0
637,0.48184330744360354,-1.5744409264484494,1.4923009678516341,-0.5467504380806079,-1.170473656428485,0.0
638,0.47569437526399544,-1.5587726347792725,1.496837064097957,-0.5372388628019197,-1.168373881459539,0.0
639,0.4699388341108272,-1.5430382949560395,1.5016137191933125,-0.5280612317598119,-1.166433018804119,0.0
640,0.4645625367961822,-1.5272392305877611,1.5066114995498068,-0.5191773690435754,-1.1646350887055439,0.0
641,0.4595523263994263,-1.5113766110331284,1.5118116662888124,-0.5105471932464088,-1.162966145471733,0.0
642,0.4548959995214477,-1.4954515306920888,1.5171963068615744,-0.5021310384369592,-1.161414197610066,0.0
643,0.4505822697245556,-1.4794650772220408,1.5227484507420153,-0.4938899601228033,-1.1599691296444756,0.0
644,0.4466007315899853,-1.4634183890975931,1.5284521709619074,-0.4857860302964794,-1.1586226261936505,0.0
645,0.4429421498519743,-1.4473126477401521,1.5342898560794929,-0.47777540508731786,-1.1573670405067573,0.0
646,0.4395986835960741,-1.4311490188405958,1.5402396666875424,-0.469800727879459,-1.1561946281679927,0.0
647,0.436563123479067,-1.4149286827296161,1.5462814717369944,-0.4618054637342253,-1.1551000071126267,0.0
648,0.43382894772545977,-1.398653302501537,1.5523969904652979,-0.45373500673866957,-1.1540800881162194,0.0
649,0.4313903011418582,-1.3823250647399372,1.5585698936756776,-0.44553714733249644,-1.153134011291745,0.0
650,0.4292419731253599,-1.365946688592054,1.5647858726874269,-0.4371624634763511,-1.1522630903829032,0.0
651,0.4273793761249149,-1.3495214241534654,1.5710327061913714,-0.4285647314475783,-1.1514707589340742,0.0
652,0.4257985254595812,-1.3330530456228802,1.5773003321808667,-0.4197013775958451,-1.150762513374719,0.0
653,0.4244704693151662,-1.316566864853514,1.5841560798091097,-0.41201443287602024,-1.1502256361694525,0.0
654,0.4233621760255786,-1.300103793607553,1.5922579386557723,-0.4073914891734087,-1.1499192811538876,0.0
655,0.4224673283626065,-1.2836679270865212,1.601604287191706,-0.4061412721180856,-1.1497896870646274,0.0
656,0.4217787689777396,-1.2671980278651411,1.6120923066275126,-0.4082704284839286,-1.149776420775339,0.0
657,0.42128818740076046,-1.2506139891974066,1.6235926345520473,-0.41371948250878604,-1.1498252525531283,0.0
658,0.42098607784962555,-1.2338266495534622,1.6359657839109423,-0.42241115743274116,-1.1498897626077336,0.0
659,0.4208617541712953,-1.2167407444961957,1.6490684687237738,-0.43426657825764176,-1.1499313486643028,0.0
660,0.4208960472160581,-1.1992178355381244,1.6640182941945356,-0.4527241766040275,-1.1499149406637077,0.0
661,0.4210363909633804,-1.1810191780936037,1.681742536356209,-0.4814978079893957,-1.1498061223657219,0.0
662,0.42120563908470804,-1.1617758176618003,1.7018639745358954,-0.5211717274949125,-1.1496299704507267,0.0
663,0.4213063872615512,-1.1409358541494021,1.7237013652595756,-0.5715936559522797,-1.1494930432484367,0.0
664,0.4212698338840401,-1.1185930626096239,1.7435082433459406,-0.6225846751150463,-1.1495164411948624,0.0
665,0.4211565551469721,-1.095073058949072,1.7592534397686577,-0.6666259672243722,-1.1496327998520357,0.0
666,0.42104073469354236,-1.070629407738952,1.771027757824598,-0.7023973028854242,-1.1497461731998098,0.0
667,0.4209839420722712,-1.045607637488998,1.7793058262602204,-0.7300749056896293,-1.1498014876102636,0.0
668,0.4210113247034745,-1.0194849486021187,1.7863759047276517,-0.7571680986733683,-1.149788361209826,0.0
669,0.42109496992392376,-0.9920886587496334,1.7931939684870921,-0.7877125057524192,-1.1497187814929501,0.0
670,0.42119909712363185,-0.9633777010260144,1.7997090515787584,-0.8223414319891709,-1.149616925632791,0.0
671,0.4212848644292059,-0.9332145618802979,1.8056791370862069,-0.8610686710791658,-1.1495205609362757,0.0
672,0.4213098586360994,-0.901449058194839,1.8108106661190053,-0.9037709843285856,-1.1494822063915828,0.0
673,0.4212281241434177,-0.8679379448480554,1.8147836015516723,-0.9502695112378984,-1.1495692438213758,0.0
674,0.4210045741932628,-0.8332994725845927,1.81658645170749,-0.996477848724135,-1.14982915978545,0.0
675,0.4207976318125681,-0.8023203041516143,1.8125385021533194,-1.0186529134525282,-1.1500000607213487,0.0
676,0.4207994185063806,-0.7761131129380869,1.80219672943402,-1.0089578858408952,-1.1500617620718636,0.0
677,0.42102223785855036,-0.7546240446732161,1.7857809301520662,-0.9661727254233354,-1.1507005917381892,0.0
678,0.4213469295467776,-0.7363976917924047,1.7638304416544457,-0.8946094377320014,-1.1531451659350207,0.0
679,0.4217872756712147,-0.7180285737722776,1.739355363179442,-0.8116716653583113,-1.157897392413046,0.0
680,0.42225402182357413,-0.6994389603127507,1.7132733360960186,-0.7216636717575058,-1.1654431421926146,0.0
681,0.42261475122747444,-0.680562696292528,1.6855022736621206,-0.6248655663829186,-1.176405455446616,0.0
682,0.4228003125294644,-0.6610546034981384,1.6563222662578416,-0.5229013089142707,-1.1911613145107884,0.0
683,0.42315640400785315,-0.6404976786990036,1.6285027301417334,-0.4247457623292193,-1.2084688353659758,0.0
684,0.42375953081533896,-0.6195508872383462,1.6030344723811003,-0.3326079292974315,-1.2277076177816684,0.0
685,0.4246013343181206,-0.5986726966578261,1.5800070669645652,-0.24600053467804128,-1.2486468728294664,0.0
686,0.425645477628279,-0.5781147383641251,1.5592432432083227,-0.1638908290084266,-1.271214993038182,0.0
687,0.4268303333010601,-0.5580013016462394,1.5404492854777503,-0.08514226508886238,-1.2954484702117275,0.0
688,0.42807276363255,-0.538359828880457,1.523269715219804,-0.008633306182007762,-1.3214591878710618,0.0
689,0.4292853970117804,-0.519154559468687,1.5073736717618864,0.06658139366592077,-1.3493647065449532,0.0
690,0.43047672926292685,-0.5004324969373798,1.4928686170596355,0.1404527346324636,-1.378979221486695,0.0
691,0.4315975971365167,-0.48218592366416185,1.4796436459868216,0.21331965325910268,-1.4102342401492802,0.0
692,0.4325799506155921,-0.4643397320818757,1.4675006157726496,0.2857040195259049,-1.443108079194092,0.0
693,0.43342811255341196,-0.4469119018316234,1.4565317665976214,0.35760423872742825,-1.4773694769498418,0.0
694,0.4347201544572489,-0.43100061322325267,1.4490618959789734,0.42498568514331475,-1.5112970498544702,0.0
695,0.43680775282895,-0.4175529616453757,1.4464625622489684,0.4853355637361935,-1.5437205580395434,0.0
696,0.44386638923479055,-0.415158301617859,1.4639313946941812,0.5116831411351414,-1.5645568088114983,0.0
697,0.457303661122605,-0.42586454251586336,1.5034988045397868,0.496234754258298,-1.5702856209726517,0.0
698,0.4730252546964853,-0.43959197867302297,1.5472065909111488,0.46784418403766237,-1.5709353551214664,0.0
699,0.48970788740832394,-0.45263063567475403,1.5893743084652354,0.4387172424300578,-1.5710005900391621,0.0
700,0.5074321690198077,-0.46470064392565774,1.6298618184381672,0.4101427709940952,-1.5709968185718093,0.0
701,0.5262798744071205,-0.4758050189105035,1.668696110766531,0.3822411343674746,-1.5709829940159994,0.0
702,0.5463379368206011,-0.4859719667179805,1.705905052730787,0.35502562069743826,-1.570965671356639,0.0
703,0.5676987675999963,-0.49523037884739884,1.741503555296465,0.3285100324452851,-1.5709453745163546,0.0
704,0.5904598498665645,-0.5036084505866399,1.7754931748283,0.3027198744816025,-1.5709220858791546,0.0
705,0.614721893456223,-0.5111337435249366,1.8078613225332305,0.27769733667029645,-1.5708980359596365,0.0
706,0.6405896636551706,-0.5178363232076136,1.838585662122774,0.2534948883508575,-1.5708743133814702,0.0
707,0.668170148125282,-0.5237493355684069,1.867634019668881,0.23017649760092176,-1.5708511450318858,0.0
708,0.6975700205059311,-0.5289094808092597,1.8949644665847543,0.20781929041836805,-1.5708286783516725,0.0
709,0.7288927800065835,-0.5333577163894605,1.9205261942063119,0.18651357414173875,-1.5708070736247823,0.0
710,0.7622350940347375,-0.5371397475422187,1.9442605554517722,0.16636233352499016,-1.5707865169334174,0.0
711,0.7976822919653288,-0.5403061876767763,1.9661023187323392,0.1474801800592777,-1.5707672235610393,0.0
712,0.8353030244111619,-0.5429122956070042,1.9859811877115612,0.129991621198405,-1.5707494394440822,0.0
713,0.875143201868641,-0.5450172055132382,2.003823625578159,0.1140285274186932,-1.5707334412029388,0.0
714,0.9172194601740139,-0.5466825905895913,2.019554997262125,0.0997267197672116,-1.5707195342024045,0.0
715,0.96151255828621,-0.5479707472829151,2.033102007761522,0.08722167899302836,-1.570708047993351,0.0
716,1.007961276613705,-0.5489421534283199,2.0443953701967272,0.0766434895919948,-1.570699328832448,0.0
717,1.0564575173507722,-0.5496526375246998,2.0533725888192755,0.06811125857156873,-1.5706937291113463,0.0
718,1.106843368831452,-0.5501503807437492,2.0599806952102515,0.06172738473494982,-1.5706915934235497,0.0
719,1.1589108408190545,-0.5504730437454733,2.0641787422453794,0.05757215655696302,-1.5706932425633748,0.0
