"Variant","Solver","TaskFormulation","Buffer_rad","SecondaryObjective","SecondaryGain","MinAllJointMargin_rad","MinJ6UpperSlack_rad","P2A_J6PositiveMargin_rad","ImprovementRatio_vs_A0","FirstFailureWaypoint","FirstFailureMagnitude_rad","FirstFailureMode","MaxTCPPathError_mm","MaxSprayNormalError_deg","Collision","SampledCollisionCount","MaxVelocityRatio","MaxAccelerationRatio","MaxJerkRatio","StrictAudit","PostRuckig","J6ClipActivations_WP80_95","MaxRawJ6HardBoundExcess_rad","AcceptedSecondarySteps_WP80_95","MaxSecondaryContributionNorm_rad"
"A0","A0","D41 full-angular DLS","0.0001","none",,"0.00010000000000021103","0.00010000000000021103","0.00010034375000020361","1","86","0.00010075000000020444","JOINT_LIMIT_FAILURE","0.14126918172561212","1.0068129181254613","ADAPTIVE_DISCRETE_COLLISION_CHECK=PASS","0.0","0.016421107188169345","0.009579396534353324","0.000230429428058495","PASS","PASS","420","0.021626378517181077","0","0"
"A1_buffer_0.0001","A1","D41 full-angular DLS","0.0001","none",,"0.00010000000000021103","0.00010000000000021103","0.00010034375000020361","1","86","0.00010075000000020444","JOINT_LIMIT_FAILURE","0.14126918172561212","1.0068129181254613","ADAPTIVE_DISCRETE_COLLISION_CHECK=PASS","0.0","0.016421107188169345","0.009579396534353324","0.000230429428058495","PASS","PASS","420","0.021626378517181077","0","0"
"A1_buffer_0.001","A1","D41 full-angular DLS","0.001","none",,"0.0009999999999998899","0.0009999999999998899","0.0010002517700194212","9.968251834492847","86","0.0010007476806639525","JOINT_LIMIT_FAILURE","0.14126918172561212","1.0068129181261851","ADAPTIVE_DISCRETE_COLLISION_CHECK=PASS","0.0","0.016421107188169345","0.009579396534353787","0.000230429428058495","PASS","PASS","421","0.02072637960008228","0","0"
"A1_buffer_0.005","A1","D41 full-angular DLS","0.005","none",,"0.004999999999999893","0.004999999999999893","0.00499970912933339","49.82581505398438","86","0.005000019073486222","JOINT_LIMIT_FAILURE","0.14126918172561212","1.0068129181254613","ADAPTIVE_DISCRETE_COLLISION_CHECK=PASS","0.0","0.016421107188169345","0.009579396534353423","0.000230429428058495","PASS","PASS","420","0.016726381370369303","0","0"
"A1_buffer_0.01","A1","D41 full-angular DLS","0.01","none",,"0.009999999999999787","0.009999999999999787","0.009999728202819611","99.6547189316656","86","0.010000038146972444","JOINT_LIMIT_FAILURE","0.14126918172561212","1.0068129181261851","ADAPTIVE_DISCRETE_COLLISION_CHECK=PASS","0.0","0.016421107188169345","0.009579396534353291","0.000230429428058495","PASS","PASS","420","0.011726381370369854","0","0"
"B0_process_5d","B0","5-DOF process-task DLS","0.0001","none",,"0.21980500643299639","2.811699233033364","2.811699405860896","28020.672995131143","0","2.8116997462787623","JOINT_LIMIT_FAILURE","0.14126918172561212","1.0067608255387768","ADAPTIVE_DISCRETE_COLLISION_CHECK=PASS","0.0","0.016421107188169345","0.009579409244078704","0.00023676112337913448","PASS","PASS","0","0","0","0"
"B1_gain_0.00025","B1","5-DOF process-task DLS","0.0001","projected joint-centering","0.00025","0.21979470409816537","2.811699233033364","2.811699405860896","28020.672995131143","0","2.8116997462787623","JOINT_LIMIT_FAILURE","0.14126918172561212","1.006328071257072","ADAPTIVE_DISCRETE_COLLISION_CHECK=PASS","0.0","0.016421107188169345","0.009575083382263374","0.0002321746891041544","PASS","PASS","0","0","789","5.66784985355531E-06"
"B1_gain_0.0005","B1","5-DOF process-task DLS","0.0001","projected joint-centering","0.0005","0.21979470409816537","2.811699233033364","2.811699405860896","28020.672995131143","0","2.8116997462787623","JOINT_LIMIT_FAILURE","0.14126918172561212","1.006328071257072","ADAPTIVE_DISCRETE_COLLISION_CHECK=PASS","0.0","0.016421107188169345","0.009575083382263374","0.0002321746891041544","PASS","PASS","0","0","789","9.88226005995523E-06"
"B1_gain_0.001","B1","5-DOF process-task DLS","0.0001","projected joint-centering","0.001","0.21979470409816537","2.811699233033364","2.811699405860896","28020.672995131143","0","2.8116997462787623","JOINT_LIMIT_FAILURE","0.14126918172561212","1.006328071257072","ADAPTIVE_DISCRETE_COLLISION_CHECK=PASS","0.0","0.016421107188169345","0.009575083382263374","0.0002321746891041544","PASS","PASS","0","0","789","1.5020949109936045E-05"
