axis_id,critical_segment,critical_waypoint,direction,failure_mode,failure_region_count,family,first_fail,last_pass,margin,non_monotonic_failure_region_observed,rank_within_family_and_unit,search_completeness,unit_family,units
joint:j1:positive,,180,POSITIVE,TERMINAL_POSITION_ERROR,1,JOINT_STATE,0.012496918696787597,0.012496149134702692,0.012496533915745144,False,5,ALL_OBSERVED_TRANSITIONS_REFINED,rad,rad
joint:j1:negative,,180,NEGATIVE,TERMINAL_POSITION_ERROR,1,JOINT_STATE,0.012497023976439139,0.012496329195543134,0.012496676585991136,False,6,ALL_OBSERVED_TRANSITIONS_REFINED,rad,rad
joint:j2:positive,,90,POSITIVE,TCP_PATH_DEVIATION,1,JOINT_STATE,0.012296121837859946,0.012295431160904497,0.012295776499382221,False,3,ALL_OBSERVED_TRANSITIONS_REFINED,rad,rad
joint:j2:negative,,90,NEGATIVE,TCP_PATH_DEVIATION,1,JOINT_STATE,0.012296201960083233,0.012295381447474125,0.012295791703778678,False,4,ALL_OBSERVED_TRANSITIONS_REFINED,rad,rad
joint:j3:positive,,180,POSITIVE,TERMINAL_POSITION_ERROR,1,JOINT_STATE,0.007212975400190721,0.007212123809234382,0.007212549604712551,False,1,ALL_OBSERVED_TRANSITIONS_REFINED,rad,rad
joint:j3:negative,,180,NEGATIVE,TERMINAL_POSITION_ERROR,1,JOINT_STATE,0.007213003181174694,0.007212391391252626,0.00721269728621366,False,2,ALL_OBSERVED_TRANSITIONS_REFINED,rad,rad
joint:j4:positive,,180,POSITIVE,TERMINAL_POSITION_ERROR,1,JOINT_STATE,0.02205264016613119,0.022052000959169853,0.022052320562650524,False,8,ALL_OBSERVED_TRANSITIONS_REFINED,rad,rad
joint:j4:negative,,180,NEGATIVE,TERMINAL_POSITION_ERROR,1,JOINT_STATE,0.022052333200166637,0.022051530771915413,0.022051931986041023,False,7,ALL_OBSERVED_TRANSITIONS_REFINED,rad,rad
joint:j5:positive,,180,POSITIVE,TERMINAL_POSITION_ERROR,1,JOINT_STATE,0.0266680144048481,0.026667302669429356,0.026667658537138726,False,10,ALL_OBSERVED_TRANSITIONS_REFINED,rad,rad
joint:j5:negative,,180,NEGATIVE,TERMINAL_POSITION_ERROR,1,JOINT_STATE,0.026668032172488268,0.026667149855460228,0.02666759101397425,False,9,ALL_OBSERVED_TRANSITIONS_REFINED,rad,rad
joint:j6:positive,,0,POSITIVE,JOINT_LIMIT_FAILURE,1,JOINT_STATE,2.811699746291067,2.811699065455335,2.8116994058732008,False,11,ALL_OBSERVED_TRANSITIONS_REFINED,rad,rad
joint:j6:negative,,0,NEGATIVE,JOINT_LIMIT_FAILURE,1,JOINT_STATE,3.2969013687680393,3.296900570443731,3.2969009696058853,False,12,ALL_OBSERVED_TRANSITIONS_REFINED,rad,rad
tcp_tcp_rotation:x:positive,,172,POSITIVE,SPRAY_AXIS_NORMAL_ERROR,1,TCP_ROTATION,0.15748869422292583,0.1574318801196708,0.1574602871712983,False,1,ALL_OBSERVED_TRANSITIONS_REFINED,rad,rad
tcp_tcp_rotation:x:negative,,171,NEGATIVE,SPRAY_AXIS_NORMAL_ERROR,1,TCP_ROTATION,0.15748869422292583,0.1574318801196708,0.1574602871712983,False,2,ALL_OBSERVED_TRANSITIONS_REFINED,rad,rad
tcp_tcp_rotation:y:positive,,1,POSITIVE,SPRAY_AXIS_NORMAL_ERROR,1,TCP_ROTATION,0.16004532886940187,0.15998851476614687,0.16001692181777438,False,4,ALL_OBSERVED_TRANSITIONS_REFINED,rad,rad
tcp_tcp_rotation:y:negative,,0,NEGATIVE,SPRAY_AXIS_NORMAL_ERROR,1,TCP_ROTATION,0.15993170066289186,0.15987488655963683,0.15990329361126435,False,3,ALL_OBSERVED_TRANSITIONS_REFINED,rad,rad
tcp_tcp_rotation:z:positive,,,POSITIVE,,0,TCP_ROTATION,,,,False,,FULL_COARSE_DOMAIN_SAMPLED,rad,rad
tcp_tcp_rotation:z:negative,,,NEGATIVE,,0,TCP_ROTATION,,,,False,,FULL_COARSE_DOMAIN_SAMPLED,rad,rad
tcp_tcp_translation:x:positive,,180,POSITIVE,TERMINAL_POSITION_ERROR,1,TCP_TRANSLATION,0.004,0.0039921875,0.0039960937500000005,False,1,ALL_OBSERVED_TRANSITIONS_REFINED,m,m
tcp_tcp_translation:x:negative,,180,NEGATIVE,TERMINAL_POSITION_ERROR,1,TCP_TRANSLATION,0.004,0.0039921875,0.0039960937500000005,False,2,ALL_OBSERVED_TRANSITIONS_REFINED,m,m
tcp_tcp_translation:y:positive,,180,POSITIVE,TERMINAL_POSITION_ERROR,1,TCP_TRANSLATION,0.004,0.0039921875,0.0039960937500000005,False,3,ALL_OBSERVED_TRANSITIONS_REFINED,m,m
tcp_tcp_translation:y:negative,,180,NEGATIVE,TERMINAL_POSITION_ERROR,1,TCP_TRANSLATION,0.004,0.0039921875,0.0039960937500000005,False,4,ALL_OBSERVED_TRANSITIONS_REFINED,m,m
tcp_tcp_translation:z:positive,,180,POSITIVE,TERMINAL_POSITION_ERROR,1,TCP_TRANSLATION,0.004,0.0039921875,0.0039960937500000005,False,5,ALL_OBSERVED_TRANSITIONS_REFINED,m,m
tcp_tcp_translation:z:negative,,180,NEGATIVE,TERMINAL_POSITION_ERROR,1,TCP_TRANSLATION,0.004,0.0039921875,0.0039960937500000005,False,6,ALL_OBSERVED_TRANSITIONS_REFINED,m,m
