absolute_delta,axis_id,c1_critical_segment,c1_critical_waypoint,c1_failure_mode,c1_margin,c1_search_completeness,comparison_tolerance_from_refinement_resolution,direction,family,nominal_trajectory_sha256,old_critical_segment,old_critical_waypoint,old_failure_mode,old_margin,old_search_completeness,relative_delta,search_domains,transfer_classifications,units
-2.6823614461546352e-08,joint:j1:positive,,180,TERMINAL_POSITION_ERROR,0.012496533915745144,ALL_OBSERVED_TRANSITIONS_REFINED,1e-06,POSITIVE,JOINT_STATE,be697bcb976cb69d349ee6c549364ba39041d9f0bda1b57d7f215129f8d5cbb3,,180,TERMINAL_POSITION_ERROR,0.012496560739359605,LOCAL_BRACKET_REFINED,-2.1464797411868498e-06,"{""c1"": {""coarse_intervals"": 64, ""coarse_step"": 0.012608505199098959, ""refinement_tolerance"": 1e-06, ""search_domain"": {""maximum_magnitude"": 0.8069443327423333, ""minimum_magnitude"": 0.0, ""units"": ""rad""}}, ""definition_comparison"": ""SAME_POLICY; joint domain endpoint is recomputed from the respective nominal one-sided margin"", ""old"": {""coarse_intervals"": 64, ""coarse_step"": 0.012610862070996754, ""refinement_tolerance"": 1e-06, ""search_domain"": {""maximum_magnitude"": 0.8070951725437923, ""minimum_magnitude"": 0.0, ""units"": ""rad""}}}","[""CONSISTENT_WITHIN_TOLERANCE""]",rad
0.0,joint:j1:negative,,180,TERMINAL_POSITION_ERROR,0.012496676585991136,ALL_OBSERVED_TRANSITIONS_REFINED,1e-06,NEGATIVE,JOINT_STATE,be697bcb976cb69d349ee6c549364ba39041d9f0bda1b57d7f215129f8d5cbb3,,180,TERMINAL_POSITION_ERROR,0.012496676585991136,LOCAL_BRACKET_REFINED,0.0,"{""c1"": {""coarse_intervals"": 64, ""coarse_step"": 0.0455331608005735, ""refinement_tolerance"": 1e-06, ""search_domain"": {""maximum_magnitude"": 2.914122291236704, ""minimum_magnitude"": 0.0, ""units"": ""rad""}}, ""definition_comparison"": ""SAME_POLICY; joint domain endpoint is recomputed from the respective nominal one-sided margin"", ""old"": {""coarse_intervals"": 64, ""coarse_step"": 0.0455331608005735, ""refinement_tolerance"": 1e-06, ""search_domain"": {""maximum_magnitude"": 2.914122291236704, ""minimum_magnitude"": 0.0, ""units"": ""rad""}}}","[""CONSISTENT_WITHIN_TOLERANCE""]",rad
-2.3994971109359e-07,joint:j2:positive,,90,TCP_PATH_DEVIATION,0.012295776499382221,ALL_OBSERVED_TRANSITIONS_REFINED,1e-06,POSITIVE,JOINT_STATE,be697bcb976cb69d349ee6c549364ba39041d9f0bda1b57d7f215129f8d5cbb3,,90,TCP_PATH_DEVIATION,0.012296016449093315,LOCAL_BRACKET_REFINED,-1.9514426650859224e-05,"{""c1"": {""coarse_intervals"": 64, ""coarse_step"": 0.04526420495231082, ""refinement_tolerance"": 1e-06, ""search_domain"": {""maximum_magnitude"": 2.8969091169478927, ""minimum_magnitude"": 0.0, ""units"": ""rad""}}, ""definition_comparison"": ""SAME_POLICY; joint domain endpoint is recomputed from the respective nominal one-sided margin"", ""old"": {""coarse_intervals"": 64, ""coarse_step"": 0.04526254579199481, ""refinement_tolerance"": 1e-06, ""search_domain"": {""maximum_magnitude"": 2.896802930687668, ""minimum_magnitude"": 0.0, ""units"": ""rad""}}}","[""CONSISTENT_WITHIN_TOLERANCE""]",rad
0.0,joint:j2:negative,,90,TCP_PATH_DEVIATION,0.012295791703778678,ALL_OBSERVED_TRANSITIONS_REFINED,1e-06,NEGATIVE,JOINT_STATE,be697bcb976cb69d349ee6c549364ba39041d9f0bda1b57d7f215129f8d5cbb3,,90,TCP_PATH_DEVIATION,0.012295791703778678,LOCAL_BRACKET_REFINED,0.0,"{""c1"": {""coarse_intervals"": 64, ""coarse_step"": 0.026886557175230703, ""refinement_tolerance"": 1e-06, ""search_domain"": {""maximum_magnitude"": 1.720739659214765, ""minimum_magnitude"": 0.0, ""units"": ""rad""}}, ""definition_comparison"": ""SAME_POLICY; joint domain endpoint is recomputed from the respective nominal one-sided margin"", ""old"": {""coarse_intervals"": 64, ""coarse_step"": 0.026886557175230703, ""refinement_tolerance"": 1e-06, ""search_domain"": {""maximum_magnitude"": 1.720739659214765, ""minimum_magnitude"": 0.0, ""units"": ""rad""}}}","[""CONSISTENT_WITHIN_TOLERANCE""]",rad
0.0,joint:j3:positive,,180,TERMINAL_POSITION_ERROR,0.007212549604712551,ALL_OBSERVED_TRANSITIONS_REFINED,1e-06,POSITIVE,JOINT_STATE,be697bcb976cb69d349ee6c549364ba39041d9f0bda1b57d7f215129f8d5cbb3,,180,TERMINAL_POSITION_ERROR,0.007212549604712551,LOCAL_BRACKET_REFINED,0.0,"{""c1"": {""coarse_intervals"": 64, ""coarse_step"": 0.003488116557164249, ""refinement_tolerance"": 1e-06, ""search_domain"": {""maximum_magnitude"": 0.22323945965851194, ""minimum_magnitude"": 0.0, ""units"": ""rad""}}, ""definition_comparison"": ""SAME_POLICY; joint domain endpoint is recomputed from the respective nominal one-sided margin"", ""old"": {""coarse_intervals"": 64, ""coarse_step"": 0.003488116557164249, ""refinement_tolerance"": 1e-06, ""search_domain"": {""maximum_magnitude"": 0.22323945965851194, ""minimum_magnitude"": 0.0, ""units"": ""rad""}}}","[""CONSISTENT_WITHIN_TOLERANCE""]",rad
0.0,joint:j3:negative,,180,TERMINAL_POSITION_ERROR,0.00721269728621366,ALL_OBSERVED_TRANSITIONS_REFINED,1e-06,NEGATIVE,JOINT_STATE,be697bcb976cb69d349ee6c549364ba39041d9f0bda1b57d7f215129f8d5cbb3,,180,TERMINAL_POSITION_ERROR,0.00721269728621366,LOCAL_BRACKET_REFINED,0.0,"{""c1"": {""coarse_intervals"": 64, ""coarse_step"": 0.08018852866521878, ""refinement_tolerance"": 1e-06, ""search_domain"": {""maximum_magnitude"": 5.132065834574002, ""minimum_magnitude"": 0.0, ""units"": ""rad""}}, ""definition_comparison"": ""SAME_POLICY; joint domain endpoint is recomputed from the respective nominal one-sided margin"", ""old"": {""coarse_intervals"": 64, ""coarse_step"": 0.08018852866521878, ""refinement_tolerance"": 1e-06, ""search_domain"": {""maximum_magnitude"": 5.132065834574002, ""minimum_magnitude"": 0.0, ""units"": ""rad""}}}","[""CONSISTENT_WITHIN_TOLERANCE""]",rad
2.677023553318558e-07,joint:j4:positive,,180,TERMINAL_POSITION_ERROR,0.022052320562650524,ALL_OBSERVED_TRANSITIONS_REFINED,1e-06,POSITIVE,JOINT_STATE,be697bcb976cb69d349ee6c549364ba39041d9f0bda1b57d7f215129f8d5cbb3,,180,TERMINAL_POSITION_ERROR,0.022052052860295192,LOCAL_BRACKET_REFINED,1.2139566190404657e-05,"{""c1"": {""coarse_intervals"": 64, ""coarse_step"": 0.02094553370909527, ""refinement_tolerance"": 1e-06, ""search_domain"": {""maximum_magnitude"": 1.3405141573820973, ""minimum_magnitude"": 0.0, ""units"": ""rad""}}, ""definition_comparison"": ""SAME_POLICY; joint domain endpoint is recomputed from the respective nominal one-sided margin"", ""old"": {""coarse_intervals"": 64, ""coarse_step"": 0.020941637365815682, ""refinement_tolerance"": 1e-06, ""search_domain"": {""maximum_magnitude"": 1.3402647914122037, ""minimum_magnitude"": 0.0, ""units"": ""rad""}}}","[""CONSISTENT_WITHIN_TOLERANCE""]",rad
0.0,joint:j4:negative,,180,TERMINAL_POSITION_ERROR,0.022051931986041023,ALL_OBSERVED_TRANSITIONS_REFINED,1e-06,NEGATIVE,JOINT_STATE,be697bcb976cb69d349ee6c549364ba39041d9f0bda1b57d7f215129f8d5cbb3,,180,TERMINAL_POSITION_ERROR,0.022051931986041023,LOCAL_BRACKET_REFINED,0.0,"{""c1"": {""coarse_intervals"": 64, ""coarse_step"": 0.05258793787228443, ""refinement_tolerance"": 1e-06, ""search_domain"": {""maximum_magnitude"": 3.3656280238262037, ""minimum_magnitude"": 0.0, ""units"": ""rad""}}, ""definition_comparison"": ""SAME_POLICY; joint domain endpoint is recomputed from the respective nominal one-sided margin"", ""old"": {""coarse_intervals"": 64, ""coarse_step"": 0.05258793787228443, ""refinement_tolerance"": 1e-06, ""search_domain"": {""maximum_magnitude"": 3.3656280238262037, ""minimum_magnitude"": 0.0, ""units"": ""rad""}}}","[""CONSISTENT_WITHIN_TOLERANCE""]",rad
0.0,joint:j5:positive,,180,TERMINAL_POSITION_ERROR,0.026667658537138726,ALL_OBSERVED_TRANSITIONS_REFINED,1e-06,POSITIVE,JOINT_STATE,be697bcb976cb69d349ee6c549364ba39041d9f0bda1b57d7f215129f8d5cbb3,,180,TERMINAL_POSITION_ERROR,0.026667658537138726,LOCAL_BRACKET_REFINED,0.0,"{""c1"": {""coarse_intervals"": 64, ""coarse_step"": 0.023322146201341442, ""refinement_tolerance"": 1e-06, ""search_domain"": {""maximum_magnitude"": 1.4926173568858523, ""minimum_magnitude"": 0.0, ""units"": ""rad""}}, ""definition_comparison"": ""SAME_POLICY; joint domain endpoint is recomputed from the respective nominal one-sided margin"", ""old"": {""coarse_intervals"": 64, ""coarse_step"": 0.023322146201341442, ""refinement_tolerance"": 1e-06, ""search_domain"": {""maximum_magnitude"": 1.4926173568858523, ""minimum_magnitude"": 0.0, ""units"": ""rad""}}}","[""CONSISTENT_WITHIN_TOLERANCE""]",rad
0.0,joint:j5:negative,,180,TERMINAL_POSITION_ERROR,0.02666759101397425,ALL_OBSERVED_TRANSITIONS_REFINED,1e-06,NEGATIVE,JOINT_STATE,be697bcb976cb69d349ee6c549364ba39041d9f0bda1b57d7f215129f8d5cbb3,,180,TERMINAL_POSITION_ERROR,0.02666759101397425,LOCAL_BRACKET_REFINED,0.0,"{""c1"": {""coarse_intervals"": 64, ""coarse_step"": 0.057823528749584484, ""refinement_tolerance"": 1e-06, ""search_domain"": {""maximum_magnitude"": 3.700705839973407, ""minimum_magnitude"": 0.0, ""units"": ""rad""}}, ""definition_comparison"": ""SAME_POLICY; joint domain endpoint is recomputed from the respective nominal one-sided margin"", ""old"": {""coarse_intervals"": 64, ""coarse_step"": 0.057823528749584484, ""refinement_tolerance"": 1e-06, ""search_domain"": {""maximum_magnitude"": 3.700705839973407, ""minimum_magnitude"": 0.0, ""units"": ""rad""}}}","[""CONSISTENT_WITHIN_TOLERANCE""]",rad
1.2304823826525535e-11,joint:j6:positive,,0,JOINT_LIMIT_FAILURE,2.8116994058732008,ALL_OBSERVED_TRANSITIONS_REFINED,1e-06,POSITIVE,JOINT_STATE,be697bcb976cb69d349ee6c549364ba39041d9f0bda1b57d7f215129f8d5cbb3,,0,JOINT_LIMIT_FAILURE,2.811699405860896,LOCAL_BRACKET_REFINED,4.3762942087182326e-12,"{""c1"": {""coarse_intervals"": 64, ""coarse_step"": 0.04461925052440637, ""refinement_tolerance"": 1e-06, ""search_domain"": {""maximum_magnitude"": 2.855632033562008, ""minimum_magnitude"": 0.0, ""units"": ""rad""}}, ""definition_comparison"": ""SAME_POLICY; joint domain endpoint is recomputed from the respective nominal one-sided margin"", ""old"": {""coarse_intervals"": 64, ""coarse_step"": 0.0446192505242111, ""refinement_tolerance"": 1e-06, ""search_domain"": {""maximum_magnitude"": 2.8556320335495102, ""minimum_magnitude"": 0.0, ""units"": ""rad""}}}","[""CONSISTENT_WITHIN_TOLERANCE""]",rad
-8.881784197001252e-16,joint:j6:negative,,0,JOINT_LIMIT_FAILURE,3.2969009696058853,ALL_OBSERVED_TRANSITIONS_REFINED,1e-06,NEGATIVE,JOINT_STATE,be697bcb976cb69d349ee6c549364ba39041d9f0bda1b57d7f215129f8d5cbb3,,0,JOINT_LIMIT_FAILURE,3.296900969605886,LOCAL_BRACKET_REFINED,-2.69397967329998e-16,"{""c1"": {""coarse_intervals"": 64, ""coarse_step"": 0.05231898189746862, ""refinement_tolerance"": 1e-06, ""search_domain"": {""maximum_magnitude"": 3.3484148414379917, ""minimum_magnitude"": 0.0, ""units"": ""rad""}}, ""definition_comparison"": ""SAME_POLICY; joint domain endpoint is recomputed from the respective nominal one-sided margin"", ""old"": {""coarse_intervals"": 64, ""coarse_step"": 0.05231898189746863, ""refinement_tolerance"": 1e-06, ""search_domain"": {""maximum_magnitude"": 3.348414841437992, ""minimum_magnitude"": 0.0, ""units"": ""rad""}}}","[""CONSISTENT_WITHIN_TOLERANCE""]",rad
0.0,tcp_tcp_translation:x:positive,,180,TERMINAL_POSITION_ERROR,0.0039960937500000005,ALL_OBSERVED_TRANSITIONS_REFINED,1e-05,POSITIVE,TCP_TRANSLATION,be697bcb976cb69d349ee6c549364ba39041d9f0bda1b57d7f215129f8d5cbb3,,180,TERMINAL_POSITION_ERROR,0.0039960937500000005,LOCAL_BRACKET_REFINED,0.0,"{""c1"": {""coarse_intervals"": 48, ""coarse_step"": 0.00025, ""refinement_tolerance"": 1e-05, ""search_domain"": {""maximum_magnitude"": 0.012, ""minimum_magnitude"": 0.0, ""units"": ""m""}}, ""definition_comparison"": ""SAME_POLICY; joint domain endpoint is recomputed from the respective nominal one-sided margin"", ""old"": {""coarse_intervals"": 48, ""coarse_step"": 0.00025, ""refinement_tolerance"": 1e-05, ""search_domain"": {""maximum_magnitude"": 0.012, ""minimum_magnitude"": 0.0, ""units"": ""m""}}}","[""CONSISTENT_WITHIN_TOLERANCE""]",m
0.0,tcp_tcp_translation:x:negative,,180,TERMINAL_POSITION_ERROR,0.0039960937500000005,ALL_OBSERVED_TRANSITIONS_REFINED,1e-05,NEGATIVE,TCP_TRANSLATION,be697bcb976cb69d349ee6c549364ba39041d9f0bda1b57d7f215129f8d5cbb3,,180,TERMINAL_POSITION_ERROR,0.0039960937500000005,LOCAL_BRACKET_REFINED,0.0,"{""c1"": {""coarse_intervals"": 48, ""coarse_step"": 0.00025, ""refinement_tolerance"": 1e-05, ""search_domain"": {""maximum_magnitude"": 0.012, ""minimum_magnitude"": 0.0, ""units"": ""m""}}, ""definition_comparison"": ""SAME_POLICY; joint domain endpoint is recomputed from the respective nominal one-sided margin"", ""old"": {""coarse_intervals"": 48, ""coarse_step"": 0.00025, ""refinement_tolerance"": 1e-05, ""search_domain"": {""maximum_magnitude"": 0.012, ""minimum_magnitude"": 0.0, ""units"": ""m""}}}","[""CONSISTENT_WITHIN_TOLERANCE""]",m
0.0,tcp_tcp_translation:y:positive,,180,TERMINAL_POSITION_ERROR,0.0039960937500000005,ALL_OBSERVED_TRANSITIONS_REFINED,1e-05,POSITIVE,TCP_TRANSLATION,be697bcb976cb69d349ee6c549364ba39041d9f0bda1b57d7f215129f8d5cbb3,,180,TERMINAL_POSITION_ERROR,0.0039960937500000005,LOCAL_BRACKET_REFINED,0.0,"{""c1"": {""coarse_intervals"": 48, ""coarse_step"": 0.00025, ""refinement_tolerance"": 1e-05, ""search_domain"": {""maximum_magnitude"": 0.012, ""minimum_magnitude"": 0.0, ""units"": ""m""}}, ""definition_comparison"": ""SAME_POLICY; joint domain endpoint is recomputed from the respective nominal one-sided margin"", ""old"": {""coarse_intervals"": 48, ""coarse_step"": 0.00025, ""refinement_tolerance"": 1e-05, ""search_domain"": {""maximum_magnitude"": 0.012, ""minimum_magnitude"": 0.0, ""units"": ""m""}}}","[""CONSISTENT_WITHIN_TOLERANCE""]",m
0.0,tcp_tcp_translation:y:negative,,180,TERMINAL_POSITION_ERROR,0.0039960937500000005,ALL_OBSERVED_TRANSITIONS_REFINED,1e-05,NEGATIVE,TCP_TRANSLATION,be697bcb976cb69d349ee6c549364ba39041d9f0bda1b57d7f215129f8d5cbb3,,180,TERMINAL_POSITION_ERROR,0.0039960937500000005,LOCAL_BRACKET_REFINED,0.0,"{""c1"": {""coarse_intervals"": 48, ""coarse_step"": 0.00025, ""refinement_tolerance"": 1e-05, ""search_domain"": {""maximum_magnitude"": 0.012, ""minimum_magnitude"": 0.0, ""units"": ""m""}}, ""definition_comparison"": ""SAME_POLICY; joint domain endpoint is recomputed from the respective nominal one-sided margin"", ""old"": {""coarse_intervals"": 48, ""coarse_step"": 0.00025, ""refinement_tolerance"": 1e-05, ""search_domain"": {""maximum_magnitude"": 0.012, ""minimum_magnitude"": 0.0, ""units"": ""m""}}}","[""CONSISTENT_WITHIN_TOLERANCE""]",m
0.0,tcp_tcp_translation:z:positive,,180,TERMINAL_POSITION_ERROR,0.0039960937500000005,ALL_OBSERVED_TRANSITIONS_REFINED,1e-05,POSITIVE,TCP_TRANSLATION,be697bcb976cb69d349ee6c549364ba39041d9f0bda1b57d7f215129f8d5cbb3,,180,TERMINAL_POSITION_ERROR,0.0039960937500000005,LOCAL_BRACKET_REFINED,0.0,"{""c1"": {""coarse_intervals"": 48, ""coarse_step"": 0.00025, ""refinement_tolerance"": 1e-05, ""search_domain"": {""maximum_magnitude"": 0.012, ""minimum_magnitude"": 0.0, ""units"": ""m""}}, ""definition_comparison"": ""SAME_POLICY; joint domain endpoint is recomputed from the respective nominal one-sided margin"", ""old"": {""coarse_intervals"": 48, ""coarse_step"": 0.00025, ""refinement_tolerance"": 1e-05, ""search_domain"": {""maximum_magnitude"": 0.012, ""minimum_magnitude"": 0.0, ""units"": ""m""}}}","[""CONSISTENT_WITHIN_TOLERANCE""]",m
0.0,tcp_tcp_translation:z:negative,,180,TERMINAL_POSITION_ERROR,0.0039960937500000005,ALL_OBSERVED_TRANSITIONS_REFINED,1e-05,NEGATIVE,TCP_TRANSLATION,be697bcb976cb69d349ee6c549364ba39041d9f0bda1b57d7f215129f8d5cbb3,,180,TERMINAL_POSITION_ERROR,0.0039960937500000005,LOCAL_BRACKET_REFINED,0.0,"{""c1"": {""coarse_intervals"": 48, ""coarse_step"": 0.00025, ""refinement_tolerance"": 1e-05, ""search_domain"": {""maximum_magnitude"": 0.012, ""minimum_magnitude"": 0.0, ""units"": ""m""}}, ""definition_comparison"": ""SAME_POLICY; joint domain endpoint is recomputed from the respective nominal one-sided margin"", ""old"": {""coarse_intervals"": 48, ""coarse_step"": 0.00025, ""refinement_tolerance"": 1e-05, ""search_domain"": {""maximum_magnitude"": 0.012, ""minimum_magnitude"": 0.0, ""units"": ""m""}}}","[""CONSISTENT_WITHIN_TOLERANCE""]",m
0.0,tcp_tcp_rotation:x:positive,,172,SPRAY_AXIS_NORMAL_ERROR,0.1574602871712983,ALL_OBSERVED_TRANSITIONS_REFINED,0.0001,POSITIVE,TCP_ROTATION,be697bcb976cb69d349ee6c549364ba39041d9f0bda1b57d7f215129f8d5cbb3,,172,SPRAY_AXIS_NORMAL_ERROR,0.1574602871712983,LOCAL_BRACKET_REFINED,0.0,"{""c1"": {""coarse_intervals"": 48, ""coarse_step"": 0.00363610260832152, ""refinement_tolerance"": 0.0001, ""search_domain"": {""maximum_magnitude"": 0.17453292519943295, ""minimum_magnitude"": 0.0, ""units"": ""rad""}}, ""definition_comparison"": ""SAME_POLICY; joint domain endpoint is recomputed from the respective nominal one-sided margin"", ""old"": {""coarse_intervals"": 48, ""coarse_step"": 0.00363610260832152, ""refinement_tolerance"": 0.0001, ""search_domain"": {""maximum_magnitude"": 0.17453292519943295, ""minimum_magnitude"": 0.0, ""units"": ""rad""}}}","[""CONSISTENT_WITHIN_TOLERANCE""]",rad
0.0,tcp_tcp_rotation:x:negative,,171,SPRAY_AXIS_NORMAL_ERROR,0.1574602871712983,ALL_OBSERVED_TRANSITIONS_REFINED,0.0001,NEGATIVE,TCP_ROTATION,be697bcb976cb69d349ee6c549364ba39041d9f0bda1b57d7f215129f8d5cbb3,,171,SPRAY_AXIS_NORMAL_ERROR,0.1574602871712983,LOCAL_BRACKET_REFINED,0.0,"{""c1"": {""coarse_intervals"": 48, ""coarse_step"": 0.00363610260832152, ""refinement_tolerance"": 0.0001, ""search_domain"": {""maximum_magnitude"": 0.17453292519943295, ""minimum_magnitude"": 0.0, ""units"": ""rad""}}, ""definition_comparison"": ""SAME_POLICY; joint domain endpoint is recomputed from the respective nominal one-sided margin"", ""old"": {""coarse_intervals"": 48, ""coarse_step"": 0.00363610260832152, ""refinement_tolerance"": 0.0001, ""search_domain"": {""maximum_magnitude"": 0.17453292519943295, ""minimum_magnitude"": 0.0, ""units"": ""rad""}}}","[""CONSISTENT_WITHIN_TOLERANCE""]",rad
-0.005113269292952166,tcp_tcp_rotation:y:positive,,1,SPRAY_AXIS_NORMAL_ERROR,0.16001692181777438,ALL_OBSERVED_TRANSITIONS_REFINED,0.0001,POSITIVE,TCP_ROTATION,be697bcb976cb69d349ee6c549364ba39041d9f0bda1b57d7f215129f8d5cbb3,,16,SPRAY_AXIS_NORMAL_ERROR,0.16513019111072655,LOCAL_BRACKET_REFINED,-0.030965078272836916,"{""c1"": {""coarse_intervals"": 48, ""coarse_step"": 0.00363610260832152, ""refinement_tolerance"": 0.0001, ""search_domain"": {""maximum_magnitude"": 0.17453292519943295, ""minimum_magnitude"": 0.0, ""units"": ""rad""}}, ""definition_comparison"": ""SAME_POLICY; joint domain endpoint is recomputed from the respective nominal one-sided margin"", ""old"": {""coarse_intervals"": 48, ""coarse_step"": 0.00363610260832152, ""refinement_tolerance"": 0.0001, ""search_domain"": {""maximum_magnitude"": 0.17453292519943295, ""minimum_magnitude"": 0.0, ""units"": ""rad""}}}","[""MARGIN_SHIFTED"", ""CRITICAL_LOCATION_CHANGED""]",rad
5.681410325503178e-05,tcp_tcp_rotation:y:negative,,0,SPRAY_AXIS_NORMAL_ERROR,0.15990329361126435,ALL_OBSERVED_TRANSITIONS_REFINED,0.0001,NEGATIVE,TCP_ROTATION,be697bcb976cb69d349ee6c549364ba39041d9f0bda1b57d7f215129f8d5cbb3,,0,SPRAY_AXIS_NORMAL_ERROR,0.15984647950800931,LOCAL_BRACKET_REFINED,0.00035542918073578863,"{""c1"": {""coarse_intervals"": 48, ""coarse_step"": 0.00363610260832152, ""refinement_tolerance"": 0.0001, ""search_domain"": {""maximum_magnitude"": 0.17453292519943295, ""minimum_magnitude"": 0.0, ""units"": ""rad""}}, ""definition_comparison"": ""SAME_POLICY; joint domain endpoint is recomputed from the respective nominal one-sided margin"", ""old"": {""coarse_intervals"": 48, ""coarse_step"": 0.00363610260832152, ""refinement_tolerance"": 0.0001, ""search_domain"": {""maximum_magnitude"": 0.17453292519943295, ""minimum_magnitude"": 0.0, ""units"": ""rad""}}}","[""CONSISTENT_WITHIN_TOLERANCE""]",rad
,tcp_tcp_rotation:z:positive,,,,,FULL_COARSE_DOMAIN_SAMPLED,0.0001,POSITIVE,TCP_ROTATION,be697bcb976cb69d349ee6c549364ba39041d9f0bda1b57d7f215129f8d5cbb3,,,,,FULL_COARSE_DOMAIN_SAMPLED,,"{""c1"": {""coarse_intervals"": 48, ""coarse_step"": 0.00363610260832152, ""refinement_tolerance"": 0.0001, ""search_domain"": {""maximum_magnitude"": 0.17453292519943295, ""minimum_magnitude"": 0.0, ""units"": ""rad""}}, ""definition_comparison"": ""SAME_POLICY; joint domain endpoint is recomputed from the respective nominal one-sided margin"", ""old"": {""coarse_intervals"": 48, ""coarse_step"": 0.00363610260832152, ""refinement_tolerance"": 0.0001, ""search_domain"": {""maximum_magnitude"": 0.17453292519943295, ""minimum_magnitude"": 0.0, ""units"": ""rad""}}}","[""CONSISTENT_WITHIN_TOLERANCE""]",rad
,tcp_tcp_rotation:z:negative,,,,,FULL_COARSE_DOMAIN_SAMPLED,0.0001,NEGATIVE,TCP_ROTATION,be697bcb976cb69d349ee6c549364ba39041d9f0bda1b57d7f215129f8d5cbb3,,,,,FULL_COARSE_DOMAIN_SAMPLED,,"{""c1"": {""coarse_intervals"": 48, ""coarse_step"": 0.00363610260832152, ""refinement_tolerance"": 0.0001, ""search_domain"": {""maximum_magnitude"": 0.17453292519943295, ""minimum_magnitude"": 0.0, ""units"": ""rad""}}, ""definition_comparison"": ""SAME_POLICY; joint domain endpoint is recomputed from the respective nominal one-sided margin"", ""old"": {""coarse_intervals"": 48, ""coarse_step"": 0.00363610260832152, ""refinement_tolerance"": 0.0001, ""search_domain"": {""maximum_magnitude"": 0.17453292519943295, ""minimum_magnitude"": 0.0, ""units"": ""rad""}}}","[""CONSISTENT_WITHIN_TOLERANCE""]",rad
