t,actual_tcp_x,actual_tcp_y,actual_tcp_z,tool_z_x,tool_z_y,tool_z_z,wall_normal_x,wall_normal_y,wall_normal_z,normal_angle_error_deg,standoff_error_mm,path_deviation_mm,tcp_speed_m_s
0.0,0.30245501343868575,-0.1000000039123026,0.07685818071040357,0.5854819872495203,4.066676723628711e-06,-0.810685415305971,0.599107948563184,7.336714004359652e-17,-0.800668262121344,0.9689883731761094,-0.07102276372100702,8.323869276438293e-06,0.0030000000011764544
1.332954402,0.3056427438123273,-0.09999997696865273,0.07927257132028412,0.6215572242952669,4.50057537901834e-06,-0.7833687617630083,0.6082618410974544,7.448813153956399e-17,-0.7937364377831819,0.9660120664815941,-0.07065573191705754,7.473006706317661e-05,0.003000000000249739
2.688852479,0.30877131394724155,-0.099999976411108,0.08187222230846801,0.6561692745316211,6.2737441935134835e-06,-0.7546137310712593,0.6435026989088947,7.880374937856806e-17,-0.7654438428108026,0.9548645937247153,-0.06999777132299378,7.778615423726134e-05,0.0029999999995045136
4.063347084,0.31182137241865027,-0.09999997624345745,0.0846471569185076,0.689297132334683,8.26156685924447e-06,-0.7244787528195215,0.6772431252931653,8.293562343165347e-17,-0.7357593011597924,0.9459117011149705,-0.06947224397724217,8.212947872834069e-05,0.0029999999998438563
5.451729795,0.3147739489175345,-0.09999997656100873,0.0875849708997,0.7209313704359371,1.049800174647925e-05,-0.693006463902866,0.7094740991579112,8.688264897011853e-17,-0.7047315110196722,0.9392872421018287,-0.06908665577054496,8.800584656302105e-05,0.0030000000003943756
6.849078762,0.3176109371736964,-0.09999997748024768,0.09067119105772553,0.751061595462989,1.3024623290880122e-05,-0.6602321407285086,0.7401871394680383,9.064378740101699e-17,-0.6724009210033274,0.9350613069681626,-0.06884472232687733,9.569131967516715e-05,0.0030000000005778694
8.25039679,0.3203155360368295,-0.09999997909844699,0.09388963399403195,0.7796743436570939,1.5889070326321484e-05,-0.6261852102935827,0.7693719550344598,9.421777845879437e-17,-0.6388010604299691,0.9332443151257157,-0.0687465331334347,0.00010557860816031636,0.0030000000004120923
9.653205466,0.3228771084008126,-0.09999998159999397,0.0972286752729918,0.8067345959946571,1.91359595868289e-05,-0.5909139457308086,0.8162915527310463,9.996358220459734e-17,-0.5776401136866599,0.9371606554909478,-0.06879360578571081,0.0001179403442070105,0.002999999999484962
11.050487052,0.3252782881786859,-0.09999998464714364,0.10066464647952023,0.8322355353406747,2.2817921259359237e-05,-0.5544222336771532,0.8412735854748343,1.0302289780754148e-16,-0.5406096136606492,0.945782266729941,-0.06924122998241966,0.0001339158871681995,0.0029999999991925613
12.429305568,0.3274942611852002,-0.0999999875439823,0.10415745740104126,0.856196703391965,2.7040211814515108e-05,-0.5166499824538462,0.8647388687452949,1.0589647130626629e-16,-0.5022217526960651,0.9607081188619302,-0.07006073194770757,0.000155338687157761,0.0030000000004776215
13.777026271,0.32950493068274744,-0.09999998950686832,0.1076652156628236,0.8786156359310329,3.1916166657590984e-05,-0.47752964649209556,0.8866697275805487,1.0858213821370963e-16,-0.4624032809055699,0.9818890828692097,-0.07124653545026449,0.00018399570786952946,0.003000000000652172
15.081449355,0.3312952605346027,-0.09999998885274985,0.11114492761389771,0.8994661746747081,3.754517703569671e-05,-0.4369903880023085,0.9070237318942018,1.110747025145324e-16,-0.4210795052964641,1.0092555071724463,-0.07279129350051816,0.00022244597392524805,0.0030000000009979787
16.330963281,0.3328555917488845,-0.0999999820939177,0.11455328968089443,0.9186971904595641,4.397890455830879e-05,-0.39496261887368533,0.925732293648075,1.1336576487399952e-16,-0.37817948185626676,1.0426847076265813,-0.0746840054876019,0.0002744760271854816,0.002999999999762552
17.514740903,0.33418193307657673,-0.09999996230698481,0.11784764603506576,0.9362317082441323,5.116243754460704e-05,-0.35138324641433777,0.9426997972023793,1.1544361614011e-16,-0.33364216213571246,1.0819583363092051,-0.07690746595390152,0.0003460410488098926,0.0029999999984587503
18.622987005,0.33527618374997614,-0.09999991641148444,0.12098715240692029,0.9519666449920987,5.8842724674284634e-05,-0.3062017363765627,0.9460195439680215,1.1585015443833872e-16,-0.3241095839843934,1.0811655061537677,-0.07775165641371595,0.0004465512437112163,0.003000000000055696
19.778001042,0.33625568840923326,-0.09999985292829786,0.12431086831791713,0.9653823415482704,6.252090070329395e-05,-0.26083889801545374,0.9604674579985446,1.1761945517046449e-16,-0.2783922810097542,1.0444353416909977,-0.07452769331106612,0.0005247251912821936,0.00300000000061202
21.126313824,0.33721922228429785,-0.09999979838088345,0.12823937041090833,0.9761571927893482,5.950520335035759e-05,-0.21706480927306276,0.9724363157630422,1.190851690971045e-16,-0.23316863379365776,0.9470072910001905,-0.06869912299783953,0.0005309533235394715,0.0029999999997764176
22.667765246000002,0.3381227606963204,-0.0999997452132298,0.13277459595130445,0.984560952229061,5.378124370846223e-05,-0.17504207623706716,0.9818401490897535,1.202367685013222e-16,-0.18971009892836704,0.8547652380119454,-0.06320875094339984,0.0005240478436896745,0.00299999999987088
24.398054353,0.33892398794477313,-0.09999970736046766,0.13790325449400107,0.9908653904134394,4.6353935600411775e-05,-0.1348546474250543,0.9889651874015218,1.2110930522010416e-16,-0.1481480951881353,0.76941082068236,-0.05811547431633368,0.0005020467260677452,0.0030000000002255926
26.309889177,0.3395844909225456,-0.09999969266284328,0.14360060013596926,0.9953304023373535,3.826086164973212e-05,-0.09652662181527502,0.9940923571333344,1.2173718168317451e-16,-0.10853748425816415,0.6918256185929883,-0.05344207141699808,0.00046395149104888557,0.0029999999998802287
28.393835557,0.3400709430122939,-0.09999970146010659,0.14983348526173487,0.9981962761832486,3.0372546019502127e-05,-0.060034933925216194,0.9974853761419809,1.221526929468374e-16,-0.07087259260737558,0.6222920611405497,-0.04918849848573048,0.00041196277745170613,0.0030000000001982998
30.63901788,0.3403555879803064,-0.09999972863237819,0.156563014980201,0.9996793774785718,2.3290388775155568e-05,-0.0253207760863165,0.999383739077801,1.22385167678144e-16,-0.035101881244083005,0.5606758031703609,-0.04534233930614251,0.00035170770314459543,0.003000000000028045
33.50378885,0.34043768916701034,-0.09999992253701591,0.16515693572249937,0.99999733754987,1.2647829845829776e-05,0.002307538343002213,0.9999940287918713,1.2245990414429629e-16,-0.003455774964037532,0.330214835093831,-0.027357743566824855,9.18599613764259e-05,0.0029999999996315144
37.457870289,0.340304324117485,-0.0999999785730236,0.17701843031551442,0.9998487574651539,3.99090910046279e-06,0.017391439832885068,0.9998757234895411,1.2244541640180384e-16,0.015765074572187315,0.09319696408890339,-0.008517101187544007,2.4555092354581642e-05,0.003000000000165705
42.501170662,0.3400064454895483,-0.0999999070097493,0.19214539882430795,0.999802286030988,-1.4715066867180801e-08,0.019884387021242365,0.9998037069591865,1.2243659721173858e-16,0.019812812790439314,0.004101709425015486,3.947653864910805e-05,0.00010447060376212928,0.003000000000210334
48.633564027,0.3397183510264318,-0.09999986843481924,0.21054032304288395,0.9999521593709384,-2.308784791093119e-06,0.009781562455298114,0.9999529299835535,1.2245487115811623e-16,0.009702464496546461,0.004534124411393704,1.4796844749476179e-05,0.00013572207535862167,0.002999999999977892
55.314860011,0.3396962866784695,-0.0999998610518243,0.2305841988509252,0.9999777302293658,-3.4226279399074356e-06,-0.006673757083695163,0.9999772359218356,1.2245784767876184e-16,-0.006747417144779513,0.004225058715562802,-0.0001566664799557138,0.0001833578280060273,0.0029999999998793804
61.310737113,0.3399054033066159,-0.10000001627371068,0.24857061456254348,0.999884255916023,-4.733758732049453e-06,-0.015214294227912917,0.9998833913856354,1.224463554172316e-16,-0.01527100622618648,0.003261033790674647,-0.00012441325969447803,0.00011823839840572984,0.0030000000000449077
66.571101634,0.34015782075356626,-0.10000004087775671,0.2643496892989795,0.9998833356987582,-3.728718918443418e-06,-0.0152746514860934,0.9998900794287235,1.224471744392376e-16,-0.01482663346889481,0.0256733384756041,-0.0028557344676216623,8.154154547285108e-05,0.003000000000085435
71.09687092,0.3403196189949046,-0.10000002592641777,0.2779260330621172,0.9999764414650866,-9.222897686436938e-07,-0.006864146995244794,0.9999879415487661,1.224591586966379e-16,-0.004910881495360727,0.11191583934855948,-0.011496402702204644,4.937081549348599e-05,0.0029999999999321134
74.97921755,0.3403133769581657,-0.10000000107276201,0.28957307127969223,0.999959771619329,2.5850869326657294e-06,0.00896967871986128,0.9999324873053764,1.2245236773475775e-16,0.011619846439743313,0.15185158901697163,-0.015413991563906215,2.1886972574472367e-05,0.0029999999998546944
78.670181824,0.3401160495704178,-0.09999999057834247,0.300644205698541,0.9996348768618513,3.531697473451925e-06,0.027020602304891516,0.9995456728905299,1.2240499819574062e-16,0.03014046790973722,0.1788283715928334,-0.017700446974244777,1.5614376879293995e-05,0.00299999999975827
82.230306354,0.33972494669295566,-0.09999998115006777,0.31131741601931784,0.9989149141028455,3.891571102128914e-06,0.046572463621339724,0.9987389409870474,1.2230620529425705e-16,0.050204857893146715,0.2083651785159551,-0.020133593069571187,1.9413076359103646e-05,0.0030000000003496292
85.657347532,0.33913970733125975,-0.0999999687892418,0.3215818690524265,0.9977098966601496,4.019854339196407e-06,0.06763846605471818,0.9974170373405802,1.2214432413379657e-16,0.07182794458105814,0.24062548697200348,-0.022704387526439884,3.150170702966491e-05,0.0030000000001026562
88.94930975,0.33836201178381464,-0.0999999530769177,0.33142708752626343,0.9959212591273106,3.88764639017875e-06,0.09022663466604061,0.9954757541903934,1.2190659336576788e-16,0.09501590824208087,0.2755901726720789,-0.02540190652966512,4.8970095463641346e-05,0.0029999999998717897
92.104659814,0.3373956068305024,-0.09999993385996236,0.3408436775526491,0.9934422917770666,3.4801537888720423e-06,0.11433465308741277,0.9928025777326803,1.2157923447826752e-16,0.11976243838259651,0.31314213386864415,-0.02821029231969696,7.068167489282901e-05,0.002999999999940393
95.122562236,0.3362462471727726,-0.09999991148123848,0.34982413342129637,0.9901590963520538,2.8107949735348095e-06,0.13994628935196618,0.9892881183615584,1.2114885155065485e-16,0.14597609005808845,0.34906826241161115,-0.031027646836934153,9.593874502294509e-05,0.002999999999993826
98.023158809,0.33491210468757493,-0.09999989058071886,0.3584230408034116,0.9859906948405418,1.8711772302851636e-06,0.16680032878973927,0.9869872995381841,1.2086709181564503e-16,0.16079822931339435,0.3486039120486621,-0.03152567468839296,0.00011940674643307888,0.00299999999994171
100.922143557,0.33334447067697826,-0.09999989086788473,0.3669775446874162,0.9810898633401957,5.501349912431513e-07,0.19355278362972297,0.9822450059993418,1.2028634753570931e-16,0.18760263374844421,0.34728404068999463,-0.03123278066191615,0.00011889923683673702,0.0029999999997360714
103.836797521,0.3315358503205877,-0.09999989538940388,0.37553241242328406,0.9755029748943893,-7.166888240533973e-07,0.21998624041444806,0.9768015170079697,1.1961973441512963e-16,0.21414667023077696,0.34275568352948266,-0.03090462424587548,0.00011389104395453138,0.003000000000295583
106.765654127,0.32948757740678203,-0.09999990051716437,0.38407690698203445,0.9692443615789786,-1.8736180125460922e-06,0.24610032008075183,0.9706821826308345,1.188703568391893e-16,0.2403665956888337,0.3386904204513751,-0.030608950319088724,0.0001084736253728446,0.0030000000001109747
109.70715616,0.3272014378576946,-0.09999990612169421,0.3926001384019396,0.9623264874054803,-2.924197058897046e-06,0.2718965458207953,0.9639002585906477,1.1803983811211398e-16,0.2662635752198988,0.3351054725040896,-0.03034731456463824,0.00010277894774220844,0.0029999999998187327
112.659670716,0.32467966353444955,-0.09999991211388574,0.40109111797383634,0.9547599736108595,-3.871255023840622e-06,0.2973775256733517,0.9564671622207392,1.1712957640779757e-16,0.2918399691498855,0.3320147508969127,-0.030121013272488284,9.69060270520749e-05,0.0029999999998082854
115.621501901,0.32192492597651123,-0.09999991843591623,0.4095388050351195,0.9465535659762897,-4.715878210315334e-06,0.3225466581989827,0.948392432141793,1.1614073983178972e-16,0.3170990297307365,0.32942929795637477,-0.029931107048797312,9.093286537347431e-05,0.0030000000002255167
118.590902656,0.31894032808672035,-0.09999992505701984,0.41793215020088825,0.937714127450096,-5.456828456824029e-06,0.3474078513084139,0.9396837148110961,1.150742647741083e-16,0.34204461129919683,0.32735770185699564,-0.029778444810224514,8.492248693928777e-05,0.0030000000005737616
121.566085833,0.31572939420640594,-0.09999993196813001,0.4262601354353822,0.9282466537488355,-6.090200313541058e-06,0.3719652534404252,0.9303467751095882,1.13930857205736e-16,0.36668089402529475,0.3258064355629589,-0.029663684297243087,7.882813316071204e-05,0.003000000000221812
124.545234631,0.31229605890411466,-0.09999993917553479,0.4345118114319159,0.9181543099482065,-6.609329424670561e-06,0.39622299665699673,0.9203855286341247,1.1271099663315167e-16,0.3910121208874255,0.3247801183239942,-0.029587308707668125,7.282132079300528e-05,0.003000000000036896
127.526512548,0.3086446546768208,-0.09999994669358804,0.44267633281005814,0.9074384865841539,-7.004965764428526e-06,0.420184950964205,0.90980209388947,1.1141494248979482e-16,0.41504234718199084,0.32428169974666354,-0.029549639138926054,6.699333640930039e-05,0.0029999999999694286
130.508072992,0.30477989864066046,-0.09999995453650665,0.4507429916542698,0.8960988742921954,-7.265722534720489e-06,0.4438544890383225,0.8935527756225876,1.0942504065030417e-16,0.4489581686272895,0.32678844995505146,-0.029569871920043234,6.14826878817665e-05,0.0029999999998248216
133.48806871,0.3007068781694869,-0.0999999627093657,0.45870124991467953,0.884133556499057,-7.378802634058599e-06,0.4672342605352077,0.8814471928267585,1.0794258328945466e-16,0.4722825915252721,0.3276514101333542,-0.029632893045916653,5.649812215916813e-05,0.0030000000001362426
136.464661189,0.2964310353366561,-0.09999997119860207,0.46654077114835835,0.8715391201658851,-7.330988034934968e-06,0.4903259752111165,0.8687089203577453,1.0638264634922723e-16,0.4953229367704272,0.3290384436343738,-0.02973449325327504,5.23347873589624e-05,0.002999999999698468
139.436030201,0.29195814990185864,-0.09999997996259129,0.4742514520569704,0.8583107849752698,-7.109853012732676e-06,0.5131301943411504,0.8553376216990541,1.0474518861959828e-16,0.518070992148958,0.33039016722931197,-0.029860300913342464,4.9361480804179874e-05,0.002999999999667538
142.403183471,0.2872899026626341,-0.09999998887133829,0.48183059808334233,0.8444598533197524,-6.75930622141427e-06,0.5356188533700944,0.8475182152346814,1.0378761913565919e-16,0.5307663090715351,0.3286446140478289,-0.029837133675270078,4.8144988191233064e-05,0.002999999999966423
145.377506978,0.28241160743139654,-0.09999999740210813,0.48930198607521663,0.8300659738308289,-6.509151951284161e-06,0.5576652033665984,0.8332305185336125,1.0203793871949759e-16,0.5529257662509562,0.3265192803799095,-0.02965792144876689,4.9835223661404155e-05,0.002999999999816272
148.359222329,0.27732603635472164,-0.10000000541240378,0.49666083141564865,0.8151460937455581,-6.189970627871818e-06,0.5792554236371398,0.8184136860756747,1.0022346000234637e-16,0.5746294792681865,0.32450179335049884,-0.029503897434723925,5.3621359791089974e-05,0.0030000000000921026
151.346880465,0.2720388654833361,-0.1000000128547763,0.5038982850019681,0.7997059751160108,-5.764185279042794e-06,0.6003918331644136,0.8030768986126725,9.834530726490477e-17,0.5958754021728464,0.32290323227563084,-0.02938042069594582,5.886533321875559e-05,0.0030000000001055905
154.338992725,0.2665561259488345,-0.10000001963310076,0.5110056184820537,0.7837498755207495,-5.222088152843387e-06,0.6210765915681737,0.7872250164355249,9.640407570148692e-17,0.6166658523852993,0.32173166703751543,-0.02928821507247603,6.505191487831563e-05,0.0029999999997799174
157.334040797,0.2608841853858884,-0.10000002561649797,0.5179742558521984,0.7672806381051023,-4.554164890074719e-06,0.6413114862282507,0.7708614505549563,9.440018302663338e-17,0.6370028446155548,0.32099299265843106,-0.02922782775904853,7.175113356982431e-05,0.0029999999997784637
160.330486434,0.2550297281360958,-0.10000003063567088,0.5247958032149358,0.7502997962298082,-3.7518820071588967e-06,0.6610977354093965,0.7465781233598128,9.142643134912132e-17,0.6652977571888696,0.3215264794530687,-0.029201141213852644,7.861737583791366e-05,0.0030000000008948437
163.326780972,0.2489997344177009,-0.10000003448122342,0.531462076871655,0.7328076934661292,-2.808489209049265e-06,0.6804358047523401,0.7289731204714527,8.927051150950663e-17,0.6845423212848954,0.3219162187113057,-0.029224895163326714,8.53702355096916e-05,0.003000000000829073
166.321374745,0.24280145835404163,-0.10000003690512876,0.5379651300493141,0.714803618492559,-1.7196743124152099e-06,0.6993252369155484,0.7108530044534124,8.705151058873755e-17,0.7033406045861116,0.32274675308555006,-0.029281071015629934,9.178181649519464e-05,0.002999999999558597
169.312726501,0.23644240468070798,-0.10000003762621155,0.5442972785220055,0.696285954779936,-4.839671891437223e-07,0.7177644942291025,0.6922157942464264,8.476918598503771e-17,0.7216905806478211,0.324014835810261,-0.02936946737741586,9.741056111230986e-05,0.0029999999992620565
172.299312946,0.22993030388953867,-0.1000000363403742,0.5504511253351937,0.6772523452127637,8.972138985400448e-07,0.7357508144086604,0.6730588273479258,8.242321164665084e-17,0.7395889499776447,0.3257151155347568,-0.029489711990127176,0.00010236674458599257,0.00300000000019053
175.279638515,0.22327308551819908,-0.10000003273595,0.5564195847744613,0.6576998719962848,2.419971699934935e-06,0.7532800796318826,0.6533789471241073,8.001320101019569e-17,0.757031010893869,0.32783988293928407,-0.02964124836157822,0.00010666394946414521,0.003000000000254472
178.252245473,0.21647884925900465,-0.10000002651409565,0.5621959056429211,0.6376252523247623,4.078872525425147e-06,0.7703466995977505,0.6331727069594277,7.753873200094293e-17,0.7740105446062545,0.3303787588717642,-0.029823317430788254,0.0001104564154707881,0.002999999999791896
181.215724425,0.2095558335471011,-0.1000000174135271,0.5677736938193115,0.6170250503333612,5.868469412158378e-06,0.7869435095524171,0.6124365917093462,7.499937415205864e-17,0.790519715842331,0.3333183332682841,-0.030034934408229574,0.00011410685964054689,0.0030000000003622624
184.168725344,0.20251238126961973,-0.10000000523836143,0.5731469339873679,0.5958959057187372,7.78542078610448e-06,0.8030616847335165,0.5911815252058539,7.239646520294925e-17,0.8065385324057868,0.33562815254556383,-0.030245065342715538,0.000118225692988257,0.00300000000012439
187.114886454,0.19534493292353833,-0.09999998887973194,0.5783186331040443,0.5742811096889141,9.706088774273887e-06,0.8186581746738149,0.5790657521480325,7.091275993614144e-17,0.8152808440588025,0.33555647743654254,-0.030194525662941007,0.00012498682415951475,0.002999999999496985
190.07123233,0.1880171923509183,-0.09999996433851485,0.5833150364625945,0.552355600849646,1.1394467330200613e-05,0.8336085952533079,0.5571848695664773,6.823321315248007e-17,0.830388476031663,0.3325684577273453,-0.029937945045743763,0.0001401532008115973,0.0030000000000157904
193.037966784,0.18053355587281425,-0.09999993345349435,0.5881325882240978,0.5301423071678802,1.3424796015334896e-05,0.8479086825658129,0.535013457846473,6.551808798592714e-17,0.8448435357645582,0.3297545362780942,-0.02971129644668835,0.0001617660376836574,0.0029999999998544967
196.013484864,0.1729030039347057,-0.0999998960198522,0.5927648714273679,0.507645837137975,1.5964891738761607e-05,0.861565844135901,0.5125613861514833,6.276859302051113e-17,0.8586505840133517,0.3274477983723717,-0.029518851943521884,0.00019066953083525339,0.0029999999999007713
198.996131822,0.1651348363446346,-0.09999985176046879,0.5972057292507633,0.4848690665439096,1.9178472342924127e-05,0.8745867526672381,0.48983228511412946,5.998517286580972e-17,0.8718166851235816,0.3256662449720685,-0.02936129128339182,0.00022770102083881022,0.0030000000007006315
201.984213521,0.15723864117630423,-0.0999998009146166,0.6014492881419167,0.46181334000503826,2.3291148540975626e-05,0.8869771352469658,0.46682823975077653,5.716808285425171e-17,0.884348005352639,0.32442857539777675,-0.029238888688498665,0.0002730536495244666,0.0030000000003187555
204.976006542,0.14922426332580874,-0.09999974462360746,0.605489978303565,0.43847863694799677,2.862063854203588e-05,0.8987416114329448,0.4435499748824684,5.431741174788266e-17,0.8962496414402416,0.3237555653150941,-0.029151387252068783,0.0003260409829518862,0.0030000000000531732
207.969767834,0.14110177354198783,-0.09999968554650301,0.6093225518232355,0.41486373730693216,3.5623458401303537e-05,0.9098835519992077,0.4097759956620087,5.0181428793158664e-17,0.9121861835059822,0.3199782158151903,-0.02910146990986462,0.00038471055832465904,0.002999999999720152
210.963744027,0.13288143773984498,-0.09999962886095715,0.6129420987908546,0.390966382683083,4.496877854828049e-05,0.9204049573907752,0.3858228013887171,4.724810540301721e-17,0.9225729054814923,0.3198240484212438,-0.02910195399674631,0.0004452409096862947,0.00299999999957445
213.956180493,0.12457368637137864,-0.09999958393007759,0.6163440616395088,0.3667834268640903,5.765775913793023e-05,0.9303063551612545,0.3615820329151058,4.4279565493585054e-17,0.9323402991788885,0.3200103047809081,-0.02913030278789419,0.0005011761806850534,0.003000000000312368
216.945330256,0.11618908364752004,-0.09999956715683617,0.6195242477894976,0.34231096650814263,7.52208156439575e-05,0.9395867158224892,0.337050588418054,4.127542921363199e-17,0.9414865377938463,0.32048086286947075,-0.029180218863888996,0.0005430850421006558,0.0030000000002938223
219.929462763,0.10773829648958314,-0.09999960701433323,0.622478840448422,0.31754443756079165,0.00010005187485795424,0.9482433865647698,0.31222518403393196,3.8235294419131415e-17,0.9500081233626254,0.3211572658622358,-0.029241461090956378,0.0005619112883493959,0.003000000000031658
222.906872471,0.09923206325925892,-0.09999975315728535,0.6252044070574876,0.29247865407694945,0.00013599057299233886,0.9562720420549276,0.28710259662086,3.515876640208082e-17,0.9578998376727912,0.3219303413235375,-0.029297218647250656,0.0005724876345357979,0.003000000000021253
225.875898139,0.0906813253398357,-0.10000002343129615,0.6276985806101724,0.2672437982714955,1.8573575724710405e-05,0.9636289493059281,0.26167989732704444,3.2045486493428594e-17,0.9651547188585401,0.33055942702631946,-0.03001467243329836,2.379718197539365e-05,0.002999999999562223
228.834998771,0.08209629181855782,-0.10000005543568219,0.629957715034851,0.24160235191119936,3.399994235936255e-05,0.9703753409866623,0.2359736473197988,2.889748278424664e-17,0.9717594546854645,0.33211460998892667,-0.030208985196344962,5.6358513412651373e-05,0.0029999999998179825
231.787960493,0.07347220204634276,-0.10000014366396254,0.6319837757446072,0.21571343093965284,6.641499586729795e-05,0.9764567124564677,0.22143864991857745,2.7117517767213897e-17,0.9751743045846921,0.3361813056263588,-0.030144875331372667,0.00014635282218406636,0.002999999999643458
234.749950529,0.06477087247492956,-0.10000041575991679,0.6337858102381613,0.18975626299343942,0.00014094122951475784,0.9818312180768827,0.19550470234208134,2.3941630069026537e-17,0.9807027640228889,0.3357450850331769,-0.029873846308703378,0.00042477619361468226,0.0029999999996618743
237.720938999,0.05599843237938265,-0.10000012616777552,0.6353622768919499,0.16383807990001523,0.00010384875980191515,0.986487239040684,0.1695367787565983,2.0761581647190892e-17,0.9855238610246005,0.331198071178207,-0.029750736166511693,0.0001294815372881571,0.0029999999999976664
240.699273243,0.04716574699046172,-0.10000004337168442,0.6367105879130025,0.13787331363698166,9.032759358157859e-05,0.9904498681042293,0.1435427840319206,1.7578340537084324e-17,0.9896441123718999,0.3281422162564502,-0.029618547610299473,4.4704072229062254e-05,0.002999999999703026
243.683503537,0.038283168228984754,-0.10000002805058016,0.6378288314319976,0.11185068278036987,0.000188015719925311,0.9937250069368562,0.11752471195497319,1.439215089912049e-17,0.9930699583009752,0.32743490101033124,-0.02950340313057076,2.8998989913039424e-05,0.0030000000000250087
246.672115347,0.02936127549764698,-0.10000003296798485,0.6387154176138301,0.08505400898376263,0.0049454710321248,0.9963640689386893,0.09148372841817823,1.1203155509226183e-17,0.9958065712952034,0.4658613518052484,-0.029425286624973346,3.297235866986205e-05,0.0030000000001495436
249.663549831,0.02041080866437997,-0.10000006395909794,0.6393690734259758,0.05870647873898237,0.009594345693672688,0.9982291810425,0.06542034109806538,8.011416537791808e-18,0.9978577949640984,0.6712828761072839,-0.029372305209496297,6.396131415858522e-05,0.0030000000000850583
252.656237811,0.011442566372016943,-0.10000008414502187,0.6397889094634754,0.03290761417656216,0.012621726502211652,0.999378697466236,0.02809398379098455,3.440407105462256e-18,0.9996052861378594,0.774093624188619,-0.029356394713908607,8.414539407329067e-05,0.0030000000001543696
255.648597496,0.0024674037442203407,-0.1000000929698245,0.6399743930968265,0.0074151813747430325,0.013945203836148968,0.9998752654082153,0.0019681692951353255,2.410232624220828e-19,0.9999980631529372,0.857826925259478,-0.02938978942151893,9.29698277311382e-05,0.003000000000050712
258.63904902,-0.006503816827011363,-0.10000009022987963,0.6399253593297769,-0.01803518864117128,0.013533946958418872,0.9997457498036212,-0.02418881744375881,-2.962177953307659e-18,0.999707407750224,0.85184086511522,-0.029456654225601397,9.02299402713154e-05,0.0029999999997781393
261.626023977,-0.015460260777054079,-0.10000007608038654,0.6396420109611367,-0.043709555713594986,0.011412097827288985,0.9989790982610705,-0.050377048853941876,-6.169205411335752e-18,0.9987302703677142,0.7574231210890101,-0.029556593155399824,7.60813542480339e-05,0.0030000000002595004
264.607975094,-0.024391156926544887,-0.10000005103913,0.639124916978522,-0.06985561042844594,0.007656364483151691,0.9975277308298607,-0.0765960892346426,-9.380005755468913e-18,0.9970622042350009,0.585067044539749,-0.029688856042042744,5.104253330134688e-05,0.0030000000008087316
267.583386153,-0.03328583381244386,-0.10000001592157787,0.6383750090724251,-0.09668483975790881,0.0023883216202170367,0.9953121810170045,-0.10284476882229215,-1.2594435735717249e-17,0.9946974180754111,0.38017336963066983,-0.02985235210667403,1.5924964397640233e-05,0.0029999999995108037
270.550792931,-0.0421337866289789,-0.10000006501618032,0.6373935521276977,-0.12340298338746002,-0.00018166324819961877,0.9923566247521801,-0.12912101095645756,-1.581224104292467e-17,0.9916288441395714,0.33042629349927727,-0.030025903627661776,6.819348603117085e-05,0.002999999999258766
273.508773264,-0.05092465856124549,-0.1000001553856174,0.6361821894518995,-0.14966812009511057,-0.0001683451708639364,0.9887362770158173,-0.15539774502588613,-1.9030106592836987e-17,0.9878519832651396,0.33231063953902545,-0.03016465297750459,0.0001646665316652403,0.0030000000003611803
276.462280402,-0.0596670115169479,-0.10000004057012862,0.6347399327014266,-0.17586652075863662,-6.688603071818304e-05,0.9844140198120462,-0.17012865878238825,-2.0834063651219185e-17,0.9854218586275147,0.3338105854078796,-0.03013482224234476,4.3541829092404474e-05,0.0030000000001193863
279.42594907,-0.06839797291644059,-0.10000008729257807,0.6330605575818091,-0.20183961931071606,-8.051352968547452e-05,0.9794185834432985,-0.1961838654253157,-2.402480081172758e-17,0.9805671272007753,0.33069781687631494,-0.029850879934345542,0.00011276054724774679,0.003000000000055356
282.398806864,-0.07710851473329908,-0.10000002789598854,0.6311455086428943,-0.2275632558276007,-3.760505646642618e-05,0.9737632993612988,-0.22199064315649392,-2.7185115209855846e-17,0.9750487958820144,0.3276798506426597,-0.029703357308785705,4.2054259865450035e-05,0.0029999999997313296
285.379338576,-0.08578802925175735,-0.10000001143241324,0.6289965202166963,-0.2530475014120115,-1.9792833135278468e-05,0.9674538550429073,-0.24754934738207546,-3.031505036886725e-17,0.9688752864072385,0.32538072559421805,-0.029564448260854803,1.993613769043647e-05,0.002999999999851049
288.365850536,-0.09442551483589087,-0.10000000591634735,0.6266159475971566,-0.278292620173134,-1.2007966203820545e-05,0.9604963390940023,-0.2728624945522711,-3.341491445485349e-17,0.9620530437905759,0.3236568691757371,-0.029451847300021594,1.1767105845579611e-05,0.0030000000000224318
291.356627205,-0.10301001516607805,-0.10000000359084275,0.6240065300740663,-0.3033005983265981,-8.15334798751203e-06,0.9528949296686654,-0.29793298188460593,-3.648506226291357e-17,0.9545867892996147,0.3224579052725323,-0.029372334868271732,7.986417776686724e-06,0.0029999999999898263
294.34993365,-0.1115306339127762,-0.10000000246127257,0.6211713920772156,-0.32807403594151435,-6.0433155524376195e-06,0.9446520136561001,-0.32276380470430366,-3.9525860602477526e-17,0.946479543557494,0.32176842888243895,-0.029328189572686014,5.952266913041077e-06,0.0029999999999642288
297.34402215,-0.11997656092187056,-0.10000000186456622,0.6181140385744268,-0.3526154995010854,-4.7856261933391605e-06,0.9357682990402584,-0.35787217156922346,-4.38252535159883e-17,0.933770586823299,0.3222018447201084,-0.02933267167198883,4.7362585398909e-06,0.0030000000000775197
300.337140753,-0.12833710325773945,-0.1000000015314122,0.6148383458794985,-0.37692717387530716,-3.976955448528093e-06,0.9262428977209805,-0.38214173542154795,-4.679731972579374e-17,0.9241037247241284,0.3229358740010667,-0.0293832831694818,3.949186140112588e-06,0.003000000000415966
303.327542305,-0.13660171699668905,-0.10000000133595334,0.6113485503649067,-0.4010106018107786,-3.4203357475143085e-06,0.9160734125732823,-0.40618705820114565,-4.974192523135428e-17,0.9137899505629831,0.3241644954309025,-0.029470452495294897,3.4064913973466935e-06,0.002999999999750502
306.313493691,-0.1447600391678931,-0.10000000121373137,0.6076492355050571,-0.4248664555041637,-3.0133539624873174e-06,0.905256038355033,-0.4300084367953039,-5.265910638967573e-17,0.902824869110759,0.3258848341206432,-0.029593896129553876,3.0121532218787223e-06,0.0029999999997421785
309.293285349,-0.15280191994737263,-0.10000000112984091,0.6037453171578917,-0.44849432362627417,-2.6998594229787315e-06,0.8937856799410707,-0.4536050116092862,-5.554875793424052e-17,0.8912028351856491,0.3280918411101446,-0.029753126946641117,2.7123720955869686e-06,0.003000000000320787
312.265241163,-0.16071745533864218,-0.1000000010648089,0.5996420268025805,-0.4718925081573284,-2.447616466051506e-06,0.8816560898326486,-0.4769745653366606,-5.841060833229412e-17,0.8789170973544113,0.33077823413775115,-0.029947456322065857,2.475173561033758e-06,0.0030000000001119556
315.227728845,-0.16849702054825605,-0.10000000100767924,0.5953448923471287,-0.4950578292226943,-2.237357552743661e-06,0.8688600265407014,-0.5001133277275928,-6.124419587664629e-17,0.8659599641029794,0.33393427624324307,-0.030175984391089816,2.280686022422471e-06,0.0029999999995841686
318.179170924,-0.17613130418592338,-0.10000000095237488,0.5908597160493181,-0.5179854378236302,-2.0571540830619447e-06,0.8553894354026305,-0.5229892683232725,-6.404559809695957e-17,0.8523392665005456,0.3357647685202029,-0.030365185799463568,2.1162377487899013e-06,0.002999999999928616
321.126058504,-0.18363174545138927,-0.10000000096748833,0.5861798978341922,-0.5405910315115725,-1.970512793882717e-06,0.841285526230763,-0.5356640710357403,-6.55977624904729e-17,0.8444311712634827,0.33492371971341356,-0.03028465451326845,1.9467628829380085e-06,0.002999999999989497
324.083648739,-0.1910319129793927,-0.10000000111675932,0.5812846368075633,-0.5627108902673907,-2.027583557323557e-06,0.8266537691018956,-0.5579142975645963,-6.832253936859532e-17,0.829898570051186,0.3318020931529825,-0.03005094127250807,1.7664329580672564e-06,0.0030000000000601212
327.051133538,-0.1983242796433763,-0.10000000124887656,0.5761782601315489,-0.584342303646618,-2.072678949681657e-06,0.8115072841106655,-0.5796730204325025,-7.098712639610513e-17,0.8148491819856356,0.3289924558884686,-0.02984677387113388,1.646029487897187e-06,0.0030000000003279365
330.027127803,-0.20550006312626823,-0.10000000136009603,0.5708662917392766,-0.6054880883292086,-2.103269407277176e-06,0.7958543678883827,-0.600941817037004,-7.359171674210796e-17,0.7992927702264446,0.3265924050058098,-0.02967261600073101,1.5786733110055378e-06,0.0029999999998027134
333.010192042,-0.21255057228066426,-0.10000000145173407,0.5653546340101845,-0.6261511679031063,-2.1215234489669837e-06,0.7797016832924474,-0.6217236939011974,-7.61366785873325e-17,0.7832366490670941,0.32461282479240156,-0.029529419336371543,1.5535773733758669e-06,0.0029999999998328924
335.998843157,-0.21946724173613902,-0.10000000152518863,0.5596495482932357,-0.6463343387247477,-2.1293135478474457e-06,0.763054337895218,-0.6420216074335371,-7.862237397543655e-17,0.7666865432420588,0.32306211756643155,-0.029417930611952414,1.5593785827944175e-06,0.0030000000002191373
338.99156477,-0.22624166386960481,-0.10000000158187555,0.5537576344574708,-0.6660400553528957,-2.1282464788805306e-06,0.7459159769444431,-0.6618382420666524,-8.10491316437455e-17,0.7496466776676352,0.32194646045630804,-0.029338705753889638,1.5859358868583164e-06,0.002999999999858313
341.986817163,-0.23286561847384657,-0.10000000162319451,0.5476858095710463,-0.6852702309784041,-2.119703113845977e-06,0.7282888922195038,-0.681175804307449,-8.341722180249703e-17,0.7321198833702716,0.3212700086285128,-0.02929212108471191,1.625321501312045e-06,0.0030000000001348284
344.983046932,-0.23933110046324974,-0.10000000165050882,0.5414412857183806,-0.7040260524622193,-2.104874144058824e-06,0.710174145861446,-0.7079989848601271,-8.670200553595049e-17,0.7062134503370985,0.32142568636104984,-0.029285926980149313,1.6719636741526948e-06,0.0030000000000132386
347.978696474,-0.24563034593834485,-0.10000000166513402,0.535031546877502,-0.7223078096342785,-2.0847914696330765e-06,0.6915717086007677,-0.7261828715774868,-8.892881585707699e-17,0.6875015905635967,0.321990318692737,-0.029324463464208694,1.7223036233493316e-06,0.0029999999999245734
350.972213386,-0.2517558568946244,-0.10000000166833325,0.5284643247036457,-0.7401147386189911,-2.0603554297260464e-06,0.6724806121180729,-0.7438939473311281,-9.109772544717085e-17,0.6682976845120091,0.3229947122173461,-0.029395592960890227,1.7743065525517587e-06,0.0030000000002968477
353.962059929,-0.25770042481061295,-0.10000000166131569,0.5217475730001875,-0.7574448791391534,-2.0323582140122422e-06,0.6528991155314449,-0.761129721433287,-9.320842929502594e-17,0.6485996817381943,0.32443420072343443,-0.029498914637826612,1.827003249202313e-06,0.003000000000070587
356.946722625,-0.2634571532869073,-0.10000000164523833,0.5148894406057016,-0.7742949459994931,-2.0015038509418236e-06,0.6328248862012592,-0.7778863367379103,-9.526045505208582e-17,0.6284050024597788,0.3263021122493278,-0.029633849729204798,1.8801254778858304e-06,0.002999999999972812
359.924722124,-0.26901947983330027,-0.10000000162120815,0.5078982423877412,-0.7906602152537502,-1.9684251456280653e-06,0.6122551951686644,-0.7941584586413724,-9.725314943940103e-17,0.6077107392241474,0.3285895753803087,-0.02979963100457894,1.9338322517227497e-06,0.002999999999652644
362.894623418,-0.27438119681658735,-0.10000000159028559,0.500782428011853,-0.8065344259052168,-1.9336979031941577e-06,0.5911871275882146,-0.8099237959488522,-9.918378266309028e-17,0.5865351180925163,0.32978246638358244,-0.029928352928199065,1.9884226400942225e-06,0.0029999999998599107
365.861675536,-0.2795480824562232,-0.1000000015869696,0.493534402264493,-0.8218661616429838,-1.9225198239063806e-06,0.5696806231060814,-0.8185789741530638,-1.0024370128532455e-16,0.5743939963775019,0.32924681446493526,-0.029868601073346213,2.084855781870688e-06,0.0030000000003741444
368.835517556,-0.28453342979178425,-0.10000000163077681,0.4861357578471943,-0.8365817007170069,-1.947753717050272e-06,0.5478421834996341,-0.8334383226292297,-1.0206338654108189e-16,0.5526124884337812,0.3273225570596103,-0.029727854734484804,2.2430108249376102e-06,0.0029999999999828462
371.814583234,-0.28933089451163546,-0.10000000166414003,0.4785953451891341,-0.8506854116267488,-1.966432878589934e-06,0.5256751187202631,-0.8476818341278296,-1.0380765600927464e-16,0.5305049557635432,0.32587598411946384,-0.029624932476157717,2.38825943416426e-06,0.002999999999900739
374.797094658,-0.29393410288996136,-0.10000000168676869,0.4709227418371883,-0.8641818879612656,-1.9786023184838385e-06,0.5031795549461328,-0.8613143335813949,-1.0547710055420627e-16,0.5080724542496252,0.32494043368794856,-0.029559847349536206,2.52081602734535e-06,0.0030000000001199957
377.781255128,-0.2983369960793474,-0.10000000169940547,0.4631277784023743,-0.8770744829515752,-1.98500264631765e-06,0.4803544018235778,-0.8797825459506254,-1.0773872957531636e-16,0.475376347582245,0.3246943237325745,-0.02953521730836295,2.642510790652802e-06,0.0029999999998365345
380.765258702,-0.30253384923131094,-0.10000000170279356,0.4552205083564384,-0.8893651671850725,-1.986311114682307e-06,0.4571975496368316,-0.8919458458136403,-1.0922825500488585e-16,0.4521422432551393,0.3252065000194274,-0.02956910693646675,2.7552897064339204e-06,0.0030000000000966237
383.747299607,-0.30651928912244897,-0.10000000169767673,0.4472111775151904,-0.9010544051353183,-1.9831492114677185e-06,0.4337060744125043,-0.9035092501624842,-1.1064431684862698e-16,0.4285685882922657,0.3262345373965919,-0.029641123821533277,2.8610605217318753e-06,0.0029999999999453563
386.725581665,-0.3102883105674742,-0.10000000168480062,0.43911019279260194,-0.9121410491265745,-1.976091408087967e-06,0.40987645272004525,-0.9144709164932647,-1.1198668947234245e-16,0.4046516315152682,0.3277755876437262,-0.029750985789778195,2.961597815981045e-06,0.0030000000001222963
389.698327876,-0.3138362917898876,-0.10000000166491471,0.4309280897867858,-0.9226222506371268,-1.9656734924019583e-06,0.3857047868842431,-0.9248272742598254,-1.1325493562468124e-16,0.3803873194326301,0.329825107574423,-0.02989824358767823,3.0584786843717164e-06,0.002999999999938134
392.663790328,-0.3171590088253854,-0.10000000163877365,0.42267549871207394,-0.9324933893154553,-1.952400320246778e-06,0.3611870414053681,-0.934572957272329,-1.1444839815862634e-16,0.35577153839964976,0.3323766337406173,-0.03008226821687998,3.153043170377985e-06,0.0029999999997015877
395.620260547,-0.3202526489206548,-0.10000000160713798,0.41436310817893146,-0.9417480205585524,-1.9367528250201104e-06,0.33631929140371625,-0.943700755082607,-1.1556619407811357e-16,0.33080037009731006,0.3354214833657978,-0.030302234072410172,3.2463685660359376e-06,0.0030000000002959005
398.566080457,-0.3231138227726216,-0.10000000157077468,0.4060016263313722,-0.9503778429998389,-1.9191941293782586e-06,0.3110979838110342,-0.9522015850310974,-1.1660721111488207e-16,0.3054703610242171,0.3389483837348175,-0.03055709814131502,3.3392564973060394e-06,0.003000000000145635
401.499654039,-0.3257395753317729,-0.1000000015304564,0.3976017388831076,-0.958372687759137,-1.9001745996863094e-06,0.2855202118129594,-0.9600644871477609,-1.1757010710403702e-16,0.2797788064126852,0.342943033747198,-0.030845575628379862,3.4322361311420278e-06,0.0030000000000865745
404.419459806,-0.3281273947701454,-0.10000000148695963,0.3891740636523406,-0.9657205318009473,-1.8801356754338972e-06,0.2595840026938507,-0.967276644599781,-1.1845331248808815e-16,0.25372404854839603,0.3473876034635093,-0.031166112491320952,3.525574615665737e-06,0.0029999999997614795
407.324064173,-0.3302752190933663,-0.10000000144106216,0.380729101284205,-0.9724075382083516,-1.85951231248525e-06,0.23328861873678358,-0.9709723346292202,-1.1890588903726904e-16,0.2391918171357073,0.3480815399618104,-0.03130647149951482,3.618290186654662e-06,0.0029999999997673346
410.243143587,-0.3322023558758742,-0.10000000148070369,0.37218653928783996,-0.9783441874362063,-1.8985027836639795e-06,0.20698466345646355,-0.9770909916921244,-1.1965518366887834e-16,0.21282197714075685,0.3420747103219372,-0.03068049047838528,3.7375285927827874e-06,0.0030000000003879233
413.218671643,-0.3339341154643911,-0.10000000164144493,0.36342954701517105,-0.9834517136931559,-2.017544228862292e-06,0.18117043586061235,-0.9824058577454077,-1.203060455427349e-16,0.18675848218356736,0.3257312559034426,-0.029476407724438047,3.816713119036381e-06,0.00300000000008305
416.249930286,-0.3354658867615439,-0.10000000180539109,0.3544657064699262,-0.987778217504526,-2.1343919226332947e-06,0.15586594566814793,-0.986920351080041,-1.2085889326492293e-16,0.16120862453370363,0.31003438401113753,-0.028310026998379367,3.7767894934917656e-06,0.002999999999654614
419.335573094,-0.33679331643271954,-0.10000000197266311,0.34530444813409217,-0.9913716840517068,-2.2493231137461446e-06,0.13108083023624625,-0.9906834090767503,-1.213197197381802e-16,0.13618510557350977,0.2951005919840543,-0.027186970995352056,3.633600843347529e-06,0.0029999999999402926
422.4739481,-0.3379125578753944,-0.10000000214437386,0.3359560858331099,-0.9942785406508221,-2.36328980986822e-06,0.10681846093109201,-0.9937427427296007,-1.216943676811545e-16,0.11169315678344101,0.28098187251401063,-0.026112435048186722,3.411625088129616e-06,0.002999999999964134
425.663144864,-0.3388203077686122,-0.10000000232162254,0.3264316554507048,-0.996543158074247,-2.47722373315422e-06,0.08307667596425942,-0.9961441106413419,-1.2198844072141287e-16,0.08773203995445507,0.26771111064053765,-0.025090415019468626,3.1496638075378746e-06,0.0030000000000385075
428.90103629,-0.3395138224075166,-0.10000000250549984,0.3167427697847602,-0.9982074734179581,-2.592002273493796e-06,0.05984847538424352,-0.9979308843965559,-1.2220725017076067e-16,0.06429580054333135,0.25530553252776095,-0.0241238748257544,2.910777326001374e-06,0.0030000000002316824
432.185314917,-0.3399909177502145,-0.1000000026970816,0.306901491669689,-0.9993107162955737,-2.708418239396814e-06,0.03712266544164657,-0.9991437306581687,-1.2235577609457872e-16,0.04137397112287693,0.2437699345486136,-0.023214912169944313,2.7872880494203466e-06,0.002999999999787362
435.690764403,-0.3402685683987885,-0.10000000365493744,0.2963888090924914,-0.999856719707109,-3.203672910232747e-06,0.016927493797851207,-0.9997968315194823,-1.224357552410239e-16,0.02015677760962872,0.18505631969857933,-0.017598048034472846,5.763711637066818e-06,0.0029999999998754716
439.636023742,-0.3403727689844269,-0.10000000648987357,0.28455348976721906,-0.9999983850851876,-4.395202658831015e-06,0.0017971665752924896,-0.9999935633583107,-1.2245984714700676e-16,0.0035879300367136708,0.10260388311619041,-0.010333476140544917,2.5220087570809547e-05,0.00300000000029969
444.022201966,-0.34032378016383136,-0.10000001136778588,0.271395046286043,-0.9999659852892977,-6.023723946871881e-06,-0.00824792265476746,-0.9999720926433541,-1.2245721782961101e-16,-0.007470872403629781,0.044524413779276344,-0.004591895407357605,6.617361977125121e-05,0.00300000000012829
448.848622247,-0.3401619434409354,-0.10000001968508566,0.25691668990747013,-0.9999126731841793,-8.24525594795787e-06,-0.013215367481993501,-0.9999151996054328,-1.2245025067203835e-16,-0.013022810680781143,0.011043750573800505,-0.0008704623156163827,0.00014426461825711124,0.0030000000000099973
454.114474077,-0.3399476283462717,-0.10000003378745431,0.24112058822020146,-0.9999139791963272,-1.1250166909466074e-05,-0.013116176317868268,-0.999914443027192,-1.224501580209863e-16,-0.013080773127782448,0.002128572081589815,0.0002867004241235982,0.0002895894858360547,0.002999999999997495
459.819350374,-0.3397611222869226,-0.1000000573960154,0.22400697558150198,-0.9999683429446053,-1.5222170764590371e-05,-0.007956938915585613,-0.9999687479206909,-1.2245680823274852e-16,-0.007905895390519354,0.0030519451149491348,0.0005514888560820275,0.0005583096771048025,0.00299999999983866
465.963244664,-0.3397026408680319,-0.1000000958138527,0.20557538549028212,-0.999997446590963,-2.02133631038109e-05,0.002259735155864185,-0.9999972771120978,-1.2246030193565516e-16,0.0023336170187788947,0.004388698758304286,0.0010362889293902278,0.0010507383956039312,0.0030000000000063006
472.246613322,-0.3398674617613816,-0.1000001270824441,0.18672600010613266,-0.9999007499471698,-2.29490056535285e-05,0.014088638274527469,-0.9998994209456182,-1.22448318407332e-16,0.014182665215584728,0.005546009119846858,0.0014592281980529975,0.001466855956665909,0.0030000000000295155
477.47009612,-0.3401056342398613,-0.10000006422171415,0.17105736178923292,-0.9999055188045058,-1.456149830632176e-05,0.013746026780666174,-0.9999225753722369,-1.2245115391312762e-16,0.012443603214223472,0.07463444106370516,-0.0065948647035019015,0.0005783470454456747,0.0030000000000566713
481.506891725,-0.34020621478194624,-0.10000001976595821,0.1589473926567227,-0.9999999592222568,-7.184067733627223e-06,-0.00028548883380482014,-0.9999813174668418,-1.2245834750735662e-16,-0.00611266858902637,0.3338752410193099,-0.027285168942403626,0.00010036562020370738,0.002999999999994616
484.351554586,-0.3401035007936296,-0.10000000443037824,0.15041402222316616,-0.9996057215786998,-3.1425106265504285e-06,-0.028078486021362856,-0.9991597141136468,-1.2235773343869216e-16,-0.0409861646453497,0.7400020399681312,-0.054737247140945744,4.946708890965219e-06,0.003000000000172449
486.117126649,-0.339858978729555,-0.10000000267941728,0.1451229532046065,-0.9976654530157665,-2.4590744548736096e-06,-0.06829087679037701,-0.9965200123857788,-1.2203447388787786e-16,-0.08335385362805624,0.8655449687104734,-0.06447234691514536,2.700151002613339e-05,0.002999999999784105
487.660808299,-0.33944450229999956,-0.10000000293129617,0.14051049327493922,-0.993825921911433,-2.7804676752630084e-06,-0.11095060580798624,-0.9919821672509488,-1.214787664894004e-16,-0.12637792471832526,0.89021945236123,-0.0659168892651052,3.177718739900727e-05,0.002999999999377558
489.151086486,-0.33885288117707574,-0.10000000317912265,0.13607897591442056,-0.9880682236200348,-2.9872538000773514e-06,-0.15401683500002764,-0.9854669047850346,-1.2068090330814252e-16,-0.16986753537213498,0.9203370226630196,-0.06770259983041038,2.7999085254754032e-05,0.00300000000034151
490.577281281,-0.3381016470150172,-0.10000000345985269,0.13186685868152687,-0.9802994324087732,-3.198102420257196e-06,-0.1975171456071832,-0.9768797657074326,-1.1962931680058375e-16,-0.2137894369499845,0.9527100567450243,-0.06976470505248855,2.4255643123975635e-05,0.0030000000005957197
491.939222938,-0.33720537807643886,-0.10000000375552927,0.1278805486475183,-0.9704378182057467,-3.397528864893575e-06,-0.24135128129870592,-0.9743239306391327,-1.193163276141875e-16,-0.22515078988071663,0.9545625155030664,-0.07022864367633996,2.027951361336217e-05,0.0029999999994197576
493.296643828,-0.336133788349145,-0.10000000386757758,0.12395180601237676,-0.9586023199558575,-3.480848462356468e-06,-0.2847482961549234,-0.9632153190474658,-1.1795595998045749e-16,-0.26873081169134433,0.9550469414917738,-0.07010610398044959,1.5437520871027792e-05,0.0029999999998013187
494.654926358,-0.33488595219950157,-0.10000000390955062,0.12007272263641672,-0.9448304908841545,-3.5311771085426577e-06,-0.3275596792695017,-0.9392154811300829,-1.1501692458002407e-16,-0.34332823945254903,0.9590539573314104,-0.07026348358823986,1.1351642007180916e-05,0.003000000000522312
496.005946655,-0.3334725275609036,-0.10000000392743048,0.1162741000733748,-0.9291168177412426,-3.5722914121395083e-06,-0.36978634233517294,-0.9227490815167702,-1.1300043882091996e-16,-0.3854012617519006,0.9662122921580064,-0.07067190776915977,8.158480996344836e-06,0.003000000000158376
497.341686933,-0.33190712513123416,-0.10000000392614806,0.11258528806275264,-0.9114445377677295,-3.605143710350204e-06,-0.41142296309318127,-0.9042949035881283,-1.1074052846632162e-16,-0.426908335997949,0.9772602842497439,-0.07131455461506508,5.806636588868894e-06,0.0029999999996708823
498.654384836,-0.3302060065642063,-0.10000000390692483,0.10903355923427611,-0.8917872814044965,-3.62988178764389e-06,-0.4524549090373552,-0.8838198444955557,-1.0823313972035629e-16,-0.467827406717319,0.9920632092162907,-0.07218403601616519,4.361452579734617e-06,0.003000000000127579
499.936691646,-0.3283876882271419,-0.10000000386779304,0.10564349799108019,-0.8701112490815845,-3.6458476265389925e-06,-0.4928553684483848,-0.8613172696288248,-1.0547746010444007e-16,-0.5080674768563191,1.0067608255387768,-0.07320810121402843,3.868300615434328e-06,0.003000000000355057
501.192817968,-0.3264551757858949,-0.10000000376343006,0.1024083665114827,-0.8464454002792158,-3.6326499887817147e-06,-0.5324755246327874,-0.8556596665800329,-1.047846264403445e-16,-0.5175389212302269,1.0055576518198313,-0.07315494574755554,3.9941753695651325e-06,0.002999999999593346
502.486522274,-0.32431341223264964,-0.10000000339554817,0.0991717191161121,-0.8212241927094569,-3.4922889144263026e-06,-0.5706056653210735,-0.8309120433327836,-1.0175401677328612e-16,-0.5564037888481158,0.9850126653231402,-0.07176697285382616,4.0506332251227e-06,0.002999999999422519
503.823104215,-0.32195105754666575,-0.10000000301685662,0.0959317589477229,-0.7945871062582182,-3.3366946934010962e-06,-0.6071501713390665,-0.8046906912777868,-9.854293334004989e-17,-0.593694274328865,0.9641200960715443,-0.07053575183635363,4.038714873201184e-06,0.0029999999993213324
505.194643843,-0.3193798428376967,-0.1000000026736323,0.09271944771185482,-0.7665841682386961,-3.1896031289973142e-06,-0.6421438413592496,-0.7770962322249331,-9.516369835140825e-17,-0.6293817965764603,0.9473394354461124,-0.06955372825773187,3.912909621142279e-06,0.0030000000003532552
506.59265046,-0.3166155188620186,-0.10000000236141765,0.08956535267818601,-0.7372477686752272,-3.051565362466695e-06,-0.6756224741481643,-0.7481725966058234,-9.162169155592777e-17,-0.6635041564964758,0.9348371431312484,-0.06883037646127077,3.643166302283654e-06,0.0030000000002989905
508.008226406,-0.3136775129509623,-0.10000000207424908,0.08649895110791612,-0.7065940500200053,-2.9226322187791127e-06,-0.7076191408291506,-0.7179463916572223,-8.792017129272834e-17,-0.6960983972876064,0.9267207625752073,-0.06837187825992075,3.2231457470331615e-06,0.003000000000033487
509.432212162,-0.3105885478292517,-0.10000000180549769,0.08354803372787081,-0.6746246383236294,-2.8024200999184126e-06,-0.7381609562682514,-0.6626340885738571,-8.114659151268453e-17,-0.7489432986948302,0.9239339011134593,-0.06819842081084992,2.6594963988647884e-06,0.003000000000424569
510.855318796,-0.3073742281964627,-0.10000000154830146,0.0807381864496673,-0.6413286824819456,-2.6901501007948675e-06,-0.7672662647469489,-0.6288118005385134,-7.700469262979529e-17,-0.7775575345294475,0.9284538794010141,-0.06843853406079958,1.983393820751566e-06,0.0035719187022983543
511.878236884,-0.30406259232475946,-0.10000000129579938,0.07809233192832415,-0.6066851867630986,-2.584686304608506e-06,-0.7949421891908519,-0.6194964503143433,-7.586392892253534e-17,-0.7849994573551808,0.9291675492117777,-0.06861210507891347,3.732425584116738e-05,0.0041438374043542055
