case_id,trajectory_csv,family
nominal_d40,/mnt/d/robotfucker/outputs/stage3_h13_d41_offline_robot_certification/run_20260827T152326Z/inputs/nominal_d40.csv,canonical_nominal
initial_small_plus,/mnt/d/robotfucker/outputs/stage3_h13_d41_offline_robot_certification/run_20260827T152326Z/robustness/trajectories/initial_small_plus.csv,initial_state
initial_small_minus,/mnt/d/robotfucker/outputs/stage3_h13_d41_offline_robot_certification/run_20260827T152326Z/robustness/trajectories/initial_small_minus.csv,initial_state
initial_medium_plus,/mnt/d/robotfucker/outputs/stage3_h13_d41_offline_robot_certification/run_20260827T152326Z/robustness/trajectories/initial_medium_plus.csv,initial_state
initial_medium_minus,/mnt/d/robotfucker/outputs/stage3_h13_d41_offline_robot_certification/run_20260827T152326Z/robustness/trajectories/initial_medium_minus.csv,initial_state
initial_asymmetric,/mnt/d/robotfucker/outputs/stage3_h13_d41_offline_robot_certification/run_20260827T152326Z/robustness/trajectories/initial_asymmetric.csv,initial_state
initial_task_joint,/mnt/d/robotfucker/outputs/stage3_h13_d41_offline_robot_certification/run_20260827T152326Z/robustness/trajectories/initial_task_joint.csv,initial_state
cartesian_x_m1_1mm,/mnt/d/robotfucker/outputs/stage3_h13_d41_offline_robot_certification/run_20260827T152326Z/robustness/trajectories/cartesian_x_m1_1mm.csv,cartesian_translation
cartesian_x_p1_1mm,/mnt/d/robotfucker/outputs/stage3_h13_d41_offline_robot_certification/run_20260827T152326Z/robustness/trajectories/cartesian_x_p1_1mm.csv,cartesian_translation
cartesian_z_m1_1mm,/mnt/d/robotfucker/outputs/stage3_h13_d41_offline_robot_certification/run_20260827T152326Z/robustness/trajectories/cartesian_z_m1_1mm.csv,cartesian_translation
cartesian_z_p1_1mm,/mnt/d/robotfucker/outputs/stage3_h13_d41_offline_robot_certification/run_20260827T152326Z/robustness/trajectories/cartesian_z_p1_1mm.csv,cartesian_translation
cartesian_x_m1_2mm,/mnt/d/robotfucker/outputs/stage3_h13_d41_offline_robot_certification/run_20260827T152326Z/robustness/trajectories/cartesian_x_m1_2mm.csv,cartesian_translation
cartesian_x_p1_2mm,/mnt/d/robotfucker/outputs/stage3_h13_d41_offline_robot_certification/run_20260827T152326Z/robustness/trajectories/cartesian_x_p1_2mm.csv,cartesian_translation
cartesian_z_m1_2mm,/mnt/d/robotfucker/outputs/stage3_h13_d41_offline_robot_certification/run_20260827T152326Z/robustness/trajectories/cartesian_z_m1_2mm.csv,cartesian_translation
cartesian_z_p1_2mm,/mnt/d/robotfucker/outputs/stage3_h13_d41_offline_robot_certification/run_20260827T152326Z/robustness/trajectories/cartesian_z_p1_2mm.csv,cartesian_translation
cartesian_x_m1_5mm,/mnt/d/robotfucker/outputs/stage3_h13_d41_offline_robot_certification/run_20260827T152326Z/robustness/trajectories/cartesian_x_m1_5mm.csv,cartesian_translation
cartesian_x_p1_5mm,/mnt/d/robotfucker/outputs/stage3_h13_d41_offline_robot_certification/run_20260827T152326Z/robustness/trajectories/cartesian_x_p1_5mm.csv,cartesian_translation
cartesian_z_m1_5mm,/mnt/d/robotfucker/outputs/stage3_h13_d41_offline_robot_certification/run_20260827T152326Z/robustness/trajectories/cartesian_z_m1_5mm.csv,cartesian_translation
cartesian_z_p1_5mm,/mnt/d/robotfucker/outputs/stage3_h13_d41_offline_robot_certification/run_20260827T152326Z/robustness/trajectories/cartesian_z_p1_5mm.csv,cartesian_translation
normal_y_m1_0.5deg,/mnt/d/robotfucker/outputs/stage3_h13_d41_offline_robot_certification/run_20260827T152326Z/robustness/trajectories/normal_y_m1_0.5deg.csv,surface_normal
normal_y_p1_0.5deg,/mnt/d/robotfucker/outputs/stage3_h13_d41_offline_robot_certification/run_20260827T152326Z/robustness/trajectories/normal_y_p1_0.5deg.csv,surface_normal
normal_y_m1_1deg,/mnt/d/robotfucker/outputs/stage3_h13_d41_offline_robot_certification/run_20260827T152326Z/robustness/trajectories/normal_y_m1_1deg.csv,surface_normal
normal_y_p1_1deg,/mnt/d/robotfucker/outputs/stage3_h13_d41_offline_robot_certification/run_20260827T152326Z/robustness/trajectories/normal_y_p1_1deg.csv,surface_normal
normal_y_m1_2deg,/mnt/d/robotfucker/outputs/stage3_h13_d41_offline_robot_certification/run_20260827T152326Z/robustness/trajectories/normal_y_m1_2deg.csv,surface_normal
normal_y_p1_2deg,/mnt/d/robotfucker/outputs/stage3_h13_d41_offline_robot_certification/run_20260827T152326Z/robustness/trajectories/normal_y_p1_2deg.csv,surface_normal
density_dense_2x,/mnt/d/robotfucker/outputs/stage3_h13_d41_offline_robot_certification/run_20260827T152326Z/robustness/trajectories/density_dense_2x.csv,waypoint_density
density_sparse_2x,/mnt/d/robotfucker/outputs/stage3_h13_d41_offline_robot_certification/run_20260827T152326Z/robustness/trajectories/density_sparse_2x.csv,waypoint_density
density_nonuniform,/mnt/d/robotfucker/outputs/stage3_h13_d41_offline_robot_certification/run_20260827T152326Z/robustness/trajectories/density_nonuniform.csv,waypoint_density
curvature_plus_1mm,/mnt/d/robotfucker/outputs/stage3_h13_d41_offline_robot_certification/run_20260827T152326Z/robustness/trajectories/curvature_plus_1mm.csv,curvature_shape
curvature_minus_1mm,/mnt/d/robotfucker/outputs/stage3_h13_d41_offline_robot_certification/run_20260827T152326Z/robustness/trajectories/curvature_minus_1mm.csv,curvature_shape
local_shape_2mm,/mnt/d/robotfucker/outputs/stage3_h13_d41_offline_robot_certification/run_20260827T152326Z/robustness/trajectories/local_shape_2mm.csv,curvature_shape
local_shape_minus_2mm,/mnt/d/robotfucker/outputs/stage3_h13_d41_offline_robot_certification/run_20260827T152326Z/robustness/trajectories/local_shape_minus_2mm.csv,curvature_shape
near_singular_plus,/mnt/d/robotfucker/outputs/stage3_h13_d41_offline_robot_certification/run_20260827T152326Z/robustness/trajectories/near_singular_plus.csv,near_singularity
near_singular_minus,/mnt/d/robotfucker/outputs/stage3_h13_d41_offline_robot_certification/run_20260827T152326Z/robustness/trajectories/near_singular_minus.csv,near_singularity
near_singular_wrist,/mnt/d/robotfucker/outputs/stage3_h13_d41_offline_robot_certification/run_20260827T152326Z/robustness/trajectories/near_singular_wrist.csv,near_singularity
near_limit_j3_upper_0.08rad,/mnt/d/robotfucker/outputs/stage3_h13_d41_offline_robot_certification/run_20260827T152326Z/robustness/trajectories/near_limit_j3_upper_0.08rad.csv,near_joint_limit
near_limit_j3_upper_0.12rad,/mnt/d/robotfucker/outputs/stage3_h13_d41_offline_robot_certification/run_20260827T152326Z/robustness/trajectories/near_limit_j3_upper_0.12rad.csv,near_joint_limit
near_limit_j3_upper_0.18rad,/mnt/d/robotfucker/outputs/stage3_h13_d41_offline_robot_certification/run_20260827T152326Z/robustness/trajectories/near_limit_j3_upper_0.18rad.csv,near_joint_limit
